timestamp,price_eur_mwh,demand_forecast_mwh,solar_forecast_mwh,net_exchange_forecast_mwh
2023-12-31 23:00:00+00:00,0.1,4068.18,0.0,-1089.2
2024-01-01 00:00:00+00:00,0.01,3892.38,0.0,-971.5
2024-01-01 01:00:00+00:00,0.04,3644.58,0.0,-860.7
2024-01-01 02:00:00+00:00,0.01,3493.5,0.0,-733.1
2024-01-01 03:00:00+00:00,0.01,3454.03,0.0,-700.0
2024-01-01 04:00:00+00:00,0.01,3560.45,0.0,-841.2
2024-01-01 05:00:00+00:00,0.04,3673.25,0.0,-982.9
2024-01-01 06:00:00+00:00,0.01,3712.4,10.1,-1030.3
2024-01-01 07:00:00+00:00,0.0,3678.78,109.4,-1257.5
2024-01-01 08:00:00+00:00,0.04,3610.8,277.8,-1184.7
2024-01-01 09:00:00+00:00,0.06,3519.03,363.7,-594.7
2024-01-01 10:00:00+00:00,0.54,3562.18,570.1,-321.4
2024-01-01 11:00:00+00:00,2.24,3709.33,528.58,-237.7
2024-01-01 12:00:00+00:00,3.22,3782.98,1004.93,-417.3
2024-01-01 13:00:00+00:00,9.73,4035.35,735.95,-700.0
2024-01-01 14:00:00+00:00,38.66,4291.23,238.95,-1037.6
2024-01-01 15:00:00+00:00,53.17,4692.48,0.28,-1545.7
2024-01-01 16:00:00+00:00,61.26,4845.95,0.0,-1733.5
2024-01-01 17:00:00+00:00,60.7,4882.98,0.0,-1721.8
2024-01-01 18:00:00+00:00,54.94,4914.55,0.0,-1718.1
2024-01-01 19:00:00+00:00,48.47,4833.1,0.0,-1618.2
2024-01-01 20:00:00+00:00,40.6,4691.7,0.0,-1450.0
2024-01-01 21:00:00+00:00,44.92,4494.25,0.0,-1265.3
2024-01-01 22:00:00+00:00,35.55,4307.6,0.0,-1069.3
2024-01-01 23:00:00+00:00,29.48,3996.28,0.0,-919.8
2024-01-02 00:00:00+00:00,19.67,3775.03,0.0,-852.1
2024-01-02 01:00:00+00:00,27.92,3647.0,0.0,-734.3
2024-01-02 02:00:00+00:00,16.54,3674.03,0.0,-661.0
2024-01-02 03:00:00+00:00,9.95,3830.3,0.0,-789.1
2024-01-02 04:00:00+00:00,38.51,4361.7,0.0,-1165.8
2024-01-02 05:00:00+00:00,46.22,4963.43,0.0,-1857.1
2024-01-02 06:00:00+00:00,73.84,5417.25,41.48,-2063.5
2024-01-02 07:00:00+00:00,77.86,5317.33,464.0,-1712.4
2024-01-02 08:00:00+00:00,76.31,5228.83,1016.98,-1055.0
2024-01-02 09:00:00+00:00,75.65,5175.08,1218.38,-329.7
2024-01-02 10:00:00+00:00,78.0,5526.18,1113.45,43.8
2024-01-02 11:00:00+00:00,80.54,5461.73,877.75,-288.5
2024-01-02 12:00:00+00:00,81.55,5241.13,921.38,-775.5
2024-01-02 13:00:00+00:00,84.21,5474.4,364.63,-1540.8
2024-01-02 14:00:00+00:00,85.59,5720.5,80.03,-2168.6
2024-01-02 15:00:00+00:00,88.12,5997.0,0.28,-2451.1
2024-01-02 16:00:00+00:00,86.21,6163.3,0.0,-2488.3
2024-01-02 17:00:00+00:00,81.53,6084.6,0.0,-2445.5
2024-01-02 18:00:00+00:00,75.01,5932.0,0.0,-2370.9
2024-01-02 19:00:00+00:00,59.91,5679.83,0.0,-2173.9
2024-01-02 20:00:00+00:00,47.98,5502.65,0.0,-2070.5
2024-01-02 21:00:00+00:00,41.04,5343.03,0.0,-1943.8
2024-01-02 22:00:00+00:00,25.48,5183.98,0.0,-1796.5
2024-01-02 23:00:00+00:00,19.2,4941.63,0.0,-1779.9
2024-01-03 00:00:00+00:00,17.93,4650.43,0.0,-1759.7
2024-01-03 01:00:00+00:00,17.04,4433.05,0.0,-1641.1
2024-01-03 02:00:00+00:00,16.62,4382.93,0.0,-1670.0
2024-01-03 03:00:00+00:00,17.58,4505.9,0.0,-1724.7
2024-01-03 04:00:00+00:00,19.71,4824.7,0.0,-1972.6
2024-01-03 05:00:00+00:00,34.36,5486.0,0.0,-1941.9
2024-01-03 06:00:00+00:00,46.28,5795.95,12.9,-2148.8
2024-01-03 07:00:00+00:00,62.64,5829.28,225.95,-2119.7
2024-01-03 08:00:00+00:00,65.04,5661.7,496.45,-2121.2
2024-01-03 09:00:00+00:00,59.95,5554.53,622.88,-2300.0
2024-01-03 10:00:00+00:00,57.89,5355.28,558.83,-2293.2
2024-01-03 11:00:00+00:00,57.05,5436.58,489.03,-1997.9
2024-01-03 12:00:00+00:00,56.82,5608.6,966.08,-1765.7
2024-01-03 13:00:00+00:00,62.87,5825.98,673.58,-1969.0
2024-01-03 14:00:00+00:00,72.17,6179.4,237.08,-2375.4
2024-01-03 15:00:00+00:00,79.61,6391.8,0.53,-2654.4
2024-01-03 16:00:00+00:00,84.84,6243.38,0.0,-2553.3
2024-01-03 17:00:00+00:00,85.61,6189.9,0.0,-2560.0
2024-01-03 18:00:00+00:00,83.09,6185.73,0.0,-2487.0
2024-01-03 19:00:00+00:00,73.23,5958.5,0.0,-2231.2
2024-01-03 20:00:00+00:00,67.41,5745.05,0.0,-2154.6
2024-01-03 21:00:00+00:00,65.0,5502.08,0.0,-2130.4
2024-01-03 22:00:00+00:00,58.12,5172.13,0.0,-1741.5
2024-01-03 23:00:00+00:00,57.3,4943.45,0.0,-1438.5
2024-01-04 00:00:00+00:00,50.46,4642.45,0.0,-1379.2
2024-01-04 01:00:00+00:00,40.0,4455.03,0.0,-1306.2
2024-01-04 02:00:00+00:00,25.48,4406.55,0.0,-1337.1
2024-01-04 03:00:00+00:00,35.0,4484.08,0.0,-1383.9
2024-01-04 04:00:00+00:00,57.73,4753.8,0.0,-1668.2
2024-01-04 05:00:00+00:00,72.65,5395.9,0.0,-1904.2
2024-01-04 06:00:00+00:00,85.02,5757.13,20.03,-2251.6
2024-01-04 07:00:00+00:00,91.47,5743.4,389.33,-2016.9
2024-01-04 08:00:00+00:00,94.2,5537.18,938.98,-1394.5
2024-01-04 09:00:00+00:00,92.78,5400.0,1027.45,-923.0
2024-01-04 10:00:00+00:00,91.34,5444.45,1023.83,-783.7
2024-01-04 11:00:00+00:00,87.38,5418.1,943.6,-909.6
2024-01-04 12:00:00+00:00,85.96,5450.3,967.08,-1060.6
2024-01-04 13:00:00+00:00,92.11,5691.5,583.5,-1510.5
2024-01-04 14:00:00+00:00,98.62,5921.58,203.93,-2059.0
2024-01-04 15:00:00+00:00,104.56,6109.28,0.9,-2356.8
2024-01-04 16:00:00+00:00,112.82,6077.6,0.0,-2367.1
2024-01-04 17:00:00+00:00,114.65,6021.43,0.0,-2200.9
2024-01-04 18:00:00+00:00,110.59,5977.85,0.0,-2089.7
2024-01-04 19:00:00+00:00,101.03,5829.85,0.0,-1835.3
2024-01-04 20:00:00+00:00,95.05,5634.28,0.0,-1706.4
2024-01-04 21:00:00+00:00,92.01,5395.95,0.0,-1696.5
2024-01-04 22:00:00+00:00,88.64,5112.45,0.0,-1460.5
2024-01-04 23:00:00+00:00,86.08,5126.28,0.0,-1383.0
2024-01-05 00:00:00+00:00,80.51,4835.95,0.0,-1298.5
2024-01-05 01:00:00+00:00,77.01,4644.4,0.0,-1173.6
2024-01-05 02:00:00+00:00,72.98,4570.8,0.0,-1158.2
2024-01-05 03:00:00+00:00,72.9,4676.6,0.0,-1285.5
2024-01-05 04:00:00+00:00,75.35,5056.18,0.0,-1737.0
2024-01-05 05:00:00+00:00,93.66,5660.88,0.0,-2002.9
2024-01-05 06:00:00+00:00,104.19,6083.55,35.23,-2146.7
2024-01-05 07:00:00+00:00,106.43,6155.28,500.03,-1887.9
2024-01-05 08:00:00+00:00,100.53,6001.33,1040.43,-1437.5
2024-01-05 09:00:00+00:00,97.49,5761.13,1267.43,-1364.7
2024-01-05 10:00:00+00:00,98.52,5646.28,1110.95,-1432.0
2024-01-05 11:00:00+00:00,97.07,5700.4,1003.33,-1406.6
2024-01-05 12:00:00+00:00,102.64,5646.9,820.43,-1505.2
2024-01-05 13:00:00+00:00,109.96,5677.55,483.15,-1667.8
2024-01-05 14:00:00+00:00,111.91,5835.4,147.58,-2041.6
2024-01-05 15:00:00+00:00,113.63,6102.4,1.28,-2373.8
2024-01-05 16:00:00+00:00,115.9,6214.1,0.0,-2387.7
2024-01-05 17:00:00+00:00,112.54,6077.33,0.0,-2211.0
2024-01-05 18:00:00+00:00,109.67,5991.7,0.0,-2214.7
2024-01-05 19:00:00+00:00,105.52,5842.68,0.0,-2022.6
2024-01-05 20:00:00+00:00,97.0,5666.2,0.0,-1887.1
2024-01-05 21:00:00+00:00,94.92,5472.63,0.0,-1825.7
2024-01-05 22:00:00+00:00,86.8,5246.08,0.0,-1545.6
2024-01-05 23:00:00+00:00,82.25,5184.73,0.0,-1744.5
2024-01-06 00:00:00+00:00,80.2,4823.08,0.0,-1439.1
2024-01-06 01:00:00+00:00,76.13,4628.1,0.0,-1243.9
2024-01-06 02:00:00+00:00,73.01,4546.33,0.0,-1116.5
2024-01-06 03:00:00+00:00,73.01,4626.25,0.0,-1233.5
2024-01-06 04:00:00+00:00,74.59,4824.1,0.0,-1442.2
2024-01-06 05:00:00+00:00,75.1,5152.73,0.0,-1726.8
2024-01-06 06:00:00+00:00,81.39,5404.78,11.28,-2011.5
2024-01-06 07:00:00+00:00,88.4,5534.2,170.73,-2045.3
2024-01-06 08:00:00+00:00,92.23,5537.48,421.88,-1787.6
2024-01-06 09:00:00+00:00,97.3,5564.23,352.5,-1417.6
2024-01-06 10:00:00+00:00,100.62,5545.25,372.8,-1235.9
2024-01-06 11:00:00+00:00,99.16,5539.78,273.9,-1309.0
2024-01-06 12:00:00+00:00,94.72,5397.05,330.38,-1365.3
2024-01-06 13:00:00+00:00,92.48,5429.68,273.9,-1657.1
2024-01-06 14:00:00+00:00,94.31,5594.8,72.1,-2000.7
2024-01-06 15:00:00+00:00,98.56,5914.65,0.45,-2700.0
2024-01-06 16:00:00+00:00,104.29,5950.58,0.0,-2700.0
2024-01-06 17:00:00+00:00,103.63,5839.93,0.0,-2391.6
2024-01-06 18:00:00+00:00,99.0,5783.78,0.0,-2260.4
2024-01-06 19:00:00+00:00,92.14,5657.1,0.0,-2103.2
2024-01-06 20:00:00+00:00,88.0,5400.23,0.0,-1770.1
2024-01-06 21:00:00+00:00,86.57,5219.98,0.0,-1667.4
2024-01-06 22:00:00+00:00,79.87,5007.63,0.0,-1483.8
2024-01-06 23:00:00+00:00,84.08,4731.23,0.0,-1286.4
2024-01-07 00:00:00+00:00,79.82,4474.68,0.0,-1029.8
2024-01-07 01:00:00+00:00,76.76,4314.93,0.0,-861.0
2024-01-07 02:00:00+00:00,73.46,4221.23,0.0,-750.5
2024-01-07 03:00:00+00:00,71.86,4273.7,0.0,-753.4
2024-01-07 04:00:00+00:00,72.08,4444.28,0.0,-855.5
2024-01-07 05:00:00+00:00,74.9,4682.7,0.0,-1054.7
2024-01-07 06:00:00+00:00,77.69,4862.98,9.63,-1304.7
2024-01-07 07:00:00+00:00,81.79,5131.2,97.58,-1535.5
2024-01-07 08:00:00+00:00,84.86,5324.1,208.53,-1694.5
2024-01-07 09:00:00+00:00,87.29,5468.53,187.7,-1701.1
2024-01-07 10:00:00+00:00,89.35,5516.65,244.03,-1740.7
2024-01-07 11:00:00+00:00,88.66,5450.6,212.2,-1568.2
2024-01-07 12:00:00+00:00,84.81,5333.98,275.85,-1522.5
2024-01-07 13:00:00+00:00,84.34,5436.73,207.63,-1646.7
2024-01-07 14:00:00+00:00,88.01,5612.38,66.35,-1857.5
2024-01-07 15:00:00+00:00,93.42,5819.83,0.55,-2313.5
2024-01-07 16:00:00+00:00,101.77,5864.13,0.0,-2320.3
2024-01-07 17:00:00+00:00,104.85,5821.93,0.0,-2093.5
2024-01-07 18:00:00+00:00,103.62,5850.7,0.0,-2016.2
2024-01-07 19:00:00+00:00,100.5,5709.88,0.0,-1834.9
2024-01-07 20:00:00+00:00,93.31,5466.88,0.0,-1541.2
2024-01-07 21:00:00+00:00,91.17,5205.63,0.0,-1409.6
2024-01-07 22:00:00+00:00,83.86,4970.2,0.0,-1167.0
2024-01-07 23:00:00+00:00,83.15,4431.63,0.0,-540.0
2024-01-08 00:00:00+00:00,82.73,4274.08,0.0,-552.9
2024-01-08 01:00:00+00:00,77.47,4163.5,0.0,-510.6
2024-01-08 02:00:00+00:00,75.22,4120.73,0.0,-516.1
2024-01-08 03:00:00+00:00,78.69,4264.98,0.0,-599.4
2024-01-08 04:00:00+00:00,82.1,4700.9,0.0,-926.2
2024-01-08 05:00:00+00:00,94.3,5413.68,0.0,-1421.5
2024-01-08 06:00:00+00:00,111.4,5772.53,14.28,-1633.4
2024-01-08 07:00:00+00:00,121.11,5820.05,171.05,-1656.3
2024-01-08 08:00:00+00:00,117.83,5647.13,449.2,-1521.4
2024-01-08 09:00:00+00:00,110.91,5487.73,847.93,-1489.4
2024-01-08 10:00:00+00:00,103.09,5609.15,1027.1,-1513.3
2024-01-08 11:00:00+00:00,95.48,5795.55,776.93,-1462.8
2024-01-08 12:00:00+00:00,92.9,5937.43,750.53,-1507.9
2024-01-08 13:00:00+00:00,100.0,6109.3,427.8,-1773.6
2024-01-08 14:00:00+00:00,107.98,6301.53,140.63,-2192.4
2024-01-08 15:00:00+00:00,121.92,6412.33,1.35,-2313.8
2024-01-08 16:00:00+00:00,130.6,6418.38,0.0,-2254.0
2024-01-08 17:00:00+00:00,130.0,6328.7,0.0,-2167.2
2024-01-08 18:00:00+00:00,122.03,6279.6,0.0,-2164.5
2024-01-08 19:00:00+00:00,114.19,6089.98,0.0,-1931.0
2024-01-08 20:00:00+00:00,102.79,5893.75,0.0,-1774.2
2024-01-08 21:00:00+00:00,99.96,5637.73,0.0,-1681.6
2024-01-08 22:00:00+00:00,91.49,5365.63,0.0,-1467.9
2024-01-08 23:00:00+00:00,87.55,4990.6,0.0,-417.9
2024-01-09 00:00:00+00:00,86.43,4763.58,0.0,-248.8
2024-01-09 01:00:00+00:00,85.0,4596.48,0.0,-157.3
2024-01-09 02:00:00+00:00,84.1,4535.78,0.0,-84.1
2024-01-09 03:00:00+00:00,85.17,4702.78,0.0,-152.0
2024-01-09 04:00:00+00:00,89.56,5269.85,0.0,-536.6
2024-01-09 05:00:00+00:00,107.45,6052.4,0.0,-1279.4
2024-01-09 06:00:00+00:00,122.08,6233.28,20.58,-1351.9
2024-01-09 07:00:00+00:00,132.86,6003.63,312.38,-954.4
2024-01-09 08:00:00+00:00,120.86,6017.08,726.98,-760.3
2024-01-09 09:00:00+00:00,112.36,6458.03,1174.0,-564.9
2024-01-09 10:00:00+00:00,104.99,6398.7,1404.3,-676.5
2024-01-09 11:00:00+00:00,99.68,6328.63,1174.48,-630.3
2024-01-09 12:00:00+00:00,100.26,6102.7,1254.03,-671.3
2024-01-09 13:00:00+00:00,110.89,6235.35,817.25,-1052.0
2024-01-09 14:00:00+00:00,119.44,6428.1,300.68,-1670.4
2024-01-09 15:00:00+00:00,128.51,6702.23,2.38,-1902.7
2024-01-09 16:00:00+00:00,137.82,6849.03,0.0,-1772.9
2024-01-09 17:00:00+00:00,137.46,6688.0,0.0,-1647.7
2024-01-09 18:00:00+00:00,130.13,6557.58,0.0,-1665.3
2024-01-09 19:00:00+00:00,119.84,6194.65,0.0,-1458.2
2024-01-09 20:00:00+00:00,112.07,5991.63,0.0,-1290.5
2024-01-09 21:00:00+00:00,105.62,5877.83,0.0,-1262.3
2024-01-09 22:00:00+00:00,96.61,5710.65,0.0,-1032.0
2024-01-09 23:00:00+00:00,89.19,5229.35,0.0,-1659.4
2024-01-10 00:00:00+00:00,86.76,5042.4,0.0,-1486.8
2024-01-10 01:00:00+00:00,86.73,4877.85,0.0,-1313.1
2024-01-10 02:00:00+00:00,85.81,4823.15,0.0,-1237.0
2024-01-10 03:00:00+00:00,87.78,4959.0,0.0,-1378.8
2024-01-10 04:00:00+00:00,91.42,5464.33,0.0,-1797.3
2024-01-10 05:00:00+00:00,110.57,6197.25,0.0,-2316.6
2024-01-10 06:00:00+00:00,128.75,6618.1,78.25,-2700.0
2024-01-10 07:00:00+00:00,141.62,6601.2,593.68,-2205.6
2024-01-10 08:00:00+00:00,130.39,6540.23,1240.2,-1371.5
2024-01-10 09:00:00+00:00,119.13,6437.23,1768.18,-739.8
2024-01-10 10:00:00+00:00,109.13,6276.95,2023.6,-679.5
2024-01-10 11:00:00+00:00,101.75,6301.93,1954.3,-518.7
2024-01-10 12:00:00+00:00,108.15,6454.68,1650.83,-612.3
2024-01-10 13:00:00+00:00,115.59,6482.7,1180.63,-1156.6
2024-01-10 14:00:00+00:00,125.73,6669.73,431.48,-2151.2
2024-01-10 15:00:00+00:00,136.11,6874.25,5.13,-2700.0
2024-01-10 16:00:00+00:00,143.79,6933.8,0.0,-2700.0
2024-01-10 17:00:00+00:00,140.0,6894.53,0.0,-2700.0
2024-01-10 18:00:00+00:00,132.15,6703.98,0.0,-2655.8
2024-01-10 19:00:00+00:00,120.0,6541.2,0.0,-2420.1
2024-01-10 20:00:00+00:00,109.37,6331.38,0.0,-2134.7
2024-01-10 21:00:00+00:00,104.86,6074.4,0.0,-1895.2
2024-01-10 22:00:00+00:00,95.83,5891.35,0.0,-1681.8
2024-01-10 23:00:00+00:00,91.75,5423.33,0.0,-1843.8
2024-01-11 00:00:00+00:00,88.59,5233.38,0.0,-1727.0
2024-01-11 01:00:00+00:00,87.25,5046.8,0.0,-1562.5
2024-01-11 02:00:00+00:00,82.38,5017.5,0.0,-1501.9
2024-01-11 03:00:00+00:00,82.07,5164.23,0.0,-1672.0
2024-01-11 04:00:00+00:00,88.84,5668.68,0.0,-2008.5
2024-01-11 05:00:00+00:00,101.41,6442.0,0.0,-2628.5
2024-01-11 06:00:00+00:00,116.83,6811.78,81.13,-2700.0
2024-01-11 07:00:00+00:00,141.0,6749.38,701.78,-2260.5
2024-01-11 08:00:00+00:00,129.16,6609.7,1458.83,-1461.0
2024-01-11 09:00:00+00:00,113.65,6326.98,1751.78,-723.8
2024-01-11 10:00:00+00:00,106.48,5965.0,2076.7,-475.3
2024-01-11 11:00:00+00:00,99.38,6045.38,2005.18,-294.5
2024-01-11 12:00:00+00:00,99.0,6324.18,1550.98,-545.5
2024-01-11 13:00:00+00:00,105.98,6362.38,1091.1,-1283.7
2024-01-11 14:00:00+00:00,117.68,6663.28,331.65,-2244.9
2024-01-11 15:00:00+00:00,147.05,6946.08,4.88,-2480.1
2024-01-11 16:00:00+00:00,149.12,7052.53,0.0,-2666.1
2024-01-11 17:00:00+00:00,136.66,6991.63,0.0,-2593.5
2024-01-11 18:00:00+00:00,132.31,6837.25,0.0,-2597.5
2024-01-11 19:00:00+00:00,122.0,6643.48,0.0,-2358.3
2024-01-11 20:00:00+00:00,107.19,6402.78,0.0,-2169.9
2024-01-11 21:00:00+00:00,100.0,6185.38,0.0,-1885.3
2024-01-11 22:00:00+00:00,96.4,6013.95,0.0,-1700.6
2024-01-11 23:00:00+00:00,90.64,5557.08,0.0,-1705.8
2024-01-12 00:00:00+00:00,87.87,5311.55,0.0,-1586.8
2024-01-12 01:00:00+00:00,85.68,5108.73,0.0,-1455.3
2024-01-12 02:00:00+00:00,85.36,5062.13,0.0,-1400.9
2024-01-12 03:00:00+00:00,87.73,5265.85,0.0,-1566.7
2024-01-12 04:00:00+00:00,93.79,5748.88,0.0,-1956.4
2024-01-12 05:00:00+00:00,106.69,6525.03,0.0,-2535.8
2024-01-12 06:00:00+00:00,121.97,6848.7,48.73,-2700.0
2024-01-12 07:00:00+00:00,140.74,6700.98,440.73,-2491.8
2024-01-12 08:00:00+00:00,134.96,6361.3,946.48,-1527.4
2024-01-12 09:00:00+00:00,122.01,6062.1,1470.78,-724.3
2024-01-12 10:00:00+00:00,114.73,5871.6,1699.18,-490.7
2024-01-12 11:00:00+00:00,106.98,5874.6,1545.88,-390.1
2024-01-12 12:00:00+00:00,103.08,5887.38,1265.58,-711.5
2024-01-12 13:00:00+00:00,104.54,6092.05,727.45,-1395.0
2024-01-12 14:00:00+00:00,110.0,6502.38,276.83,-2312.8
2024-01-12 15:00:00+00:00,120.0,6868.0,5.05,-2700.0
2024-01-12 16:00:00+00:00,127.5,7003.1,0.0,-2700.0
2024-01-12 17:00:00+00:00,126.0,6931.43,0.0,-2686.3
2024-01-12 18:00:00+00:00,119.47,6859.45,0.0,-2694.3
2024-01-12 19:00:00+00:00,109.02,6651.78,0.0,-2413.1
2024-01-12 20:00:00+00:00,99.4,6443.73,0.0,-2355.1
2024-01-12 21:00:00+00:00,94.48,6196.4,0.0,-2134.8
2024-01-12 22:00:00+00:00,86.7,5884.6,0.0,-1919.3
2024-01-12 23:00:00+00:00,90.0,5192.45,0.0,-1428.6
2024-01-13 00:00:00+00:00,84.53,4930.58,0.0,-1298.7
2024-01-13 01:00:00+00:00,82.0,4722.5,0.0,-1112.4
2024-01-13 02:00:00+00:00,78.47,4606.98,0.0,-1010.8
2024-01-13 03:00:00+00:00,75.0,4652.0,0.0,-989.1
2024-01-13 04:00:00+00:00,74.83,4750.23,0.0,-958.9
2024-01-13 05:00:00+00:00,87.44,5009.25,0.0,-1135.0
2024-01-13 06:00:00+00:00,85.8,5317.08,67.38,-1458.8
2024-01-13 07:00:00+00:00,92.41,5583.65,575.28,-1208.9
2024-01-13 08:00:00+00:00,88.08,5795.93,1107.95,-1056.9
2024-01-13 09:00:00+00:00,84.33,5991.68,1560.95,-1139.3
2024-01-13 10:00:00+00:00,75.92,6122.18,1947.55,-1375.6
2024-01-13 11:00:00+00:00,71.15,6124.93,1772.38,-1397.9
2024-01-13 12:00:00+00:00,71.45,6017.7,1115.2,-1506.6
2024-01-13 13:00:00+00:00,84.27,5969.55,863.63,-1567.9
2024-01-13 14:00:00+00:00,95.18,6005.63,383.85,-1821.7
2024-01-13 15:00:00+00:00,128.23,6101.5,9.3,-2079.9
2024-01-13 16:00:00+00:00,119.96,6125.13,0.0,-1999.4
2024-01-13 17:00:00+00:00,117.32,6067.78,0.0,-1978.1
2024-01-13 18:00:00+00:00,117.69,5978.23,0.0,-1850.1
2024-01-13 19:00:00+00:00,113.84,5850.7,0.0,-1728.7
2024-01-13 20:00:00+00:00,101.51,5621.7,0.0,-1589.6
2024-01-13 21:00:00+00:00,70.01,5360.15,0.0,-1433.5
2024-01-13 22:00:00+00:00,68.45,5090.65,0.0,-1323.2
2024-01-13 23:00:00+00:00,68.0,4773.53,0.0,-1098.5
2024-01-14 00:00:00+00:00,66.14,4583.15,0.0,-1110.5
2024-01-14 01:00:00+00:00,65.65,4397.18,0.0,-996.3
2024-01-14 02:00:00+00:00,65.65,4313.28,0.0,-986.7
2024-01-14 03:00:00+00:00,66.0,4346.35,0.0,-994.7
2024-01-14 04:00:00+00:00,66.94,4464.33,0.0,-998.7
2024-01-14 05:00:00+00:00,67.86,4707.75,0.0,-1184.4
2024-01-14 06:00:00+00:00,72.29,4973.35,26.88,-1422.1
2024-01-14 07:00:00+00:00,76.95,5311.58,483.7,-1324.2
2024-01-14 08:00:00+00:00,82.16,5663.45,1062.53,-1074.3
2024-01-14 09:00:00+00:00,82.38,5928.18,1184.0,-948.0
2024-01-14 10:00:00+00:00,84.08,6016.75,1621.95,-843.6
2024-01-14 11:00:00+00:00,81.68,5936.55,1453.4,-700.0
2024-01-14 12:00:00+00:00,77.04,5806.73,1208.9,-744.8
2024-01-14 13:00:00+00:00,79.15,5732.53,998.55,-1216.2
2024-01-14 14:00:00+00:00,82.32,5816.75,409.5,-1704.8
2024-01-14 15:00:00+00:00,86.62,5992.1,8.68,-2246.9
2024-01-14 16:00:00+00:00,91.86,6088.05,0.0,-2269.5
2024-01-14 17:00:00+00:00,97.52,6093.2,0.0,-2290.0
2024-01-14 18:00:00+00:00,89.51,6044.6,0.0,-2209.9
2024-01-14 19:00:00+00:00,81.92,5894.05,0.0,-2103.9
2024-01-14 20:00:00+00:00,79.24,5649.68,0.0,-1872.0
2024-01-14 21:00:00+00:00,76.06,5362.58,0.0,-1648.7
2024-01-14 22:00:00+00:00,67.66,5079.03,0.0,-1548.4
2024-01-14 23:00:00+00:00,70.41,5024.6,0.0,-1489.7
2024-01-15 00:00:00+00:00,66.73,4858.43,0.0,-1425.9
2024-01-15 01:00:00+00:00,64.55,4716.9,0.0,-1336.7
2024-01-15 02:00:00+00:00,62.04,4683.35,0.0,-1361.7
2024-01-15 03:00:00+00:00,62.7,4889.4,0.0,-1433.6
2024-01-15 04:00:00+00:00,70.21,5357.05,0.0,-1796.2
2024-01-15 05:00:00+00:00,87.83,6239.73,0.0,-2276.2
2024-01-15 06:00:00+00:00,115.97,6634.23,35.75,-2700.0
2024-01-15 07:00:00+00:00,99.86,6626.98,358.9,-2542.4
2024-01-15 08:00:00+00:00,100.28,6383.13,775.13,-1906.4
2024-01-15 09:00:00+00:00,94.86,6115.2,792.28,-1427.8
2024-01-15 10:00:00+00:00,90.27,5997.65,868.03,-1110.7
2024-01-15 11:00:00+00:00,84.32,6047.08,691.98,-1025.9
2024-01-15 12:00:00+00:00,84.91,6104.28,1118.18,-1179.3
2024-01-15 13:00:00+00:00,89.67,6316.8,723.65,-1785.8
2024-01-15 14:00:00+00:00,97.8,6611.28,266.1,-2525.6
2024-01-15 15:00:00+00:00,105.51,6819.85,4.73,-2700.0
2024-01-15 16:00:00+00:00,115.51,6902.5,0.0,-2700.0
2024-01-15 17:00:00+00:00,115.0,6855.2,0.0,-2700.0
2024-01-15 18:00:00+00:00,114.28,6787.35,0.0,-2700.0
2024-01-15 19:00:00+00:00,103.66,6605.05,0.0,-2530.5
2024-01-15 20:00:00+00:00,93.87,6362.35,0.0,-2373.3
2024-01-15 21:00:00+00:00,91.35,6070.75,0.0,-2066.2
2024-01-15 22:00:00+00:00,87.75,5842.48,0.0,-1829.1
2024-01-15 23:00:00+00:00,82.67,5461.7,0.0,-1714.3
2024-01-16 00:00:00+00:00,81.61,5210.9,0.0,-1588.1
2024-01-16 01:00:00+00:00,80.16,5028.65,0.0,-1486.9
2024-01-16 02:00:00+00:00,78.3,4986.45,0.0,-1471.3
2024-01-16 03:00:00+00:00,77.49,5175.7,0.0,-1545.9
2024-01-16 04:00:00+00:00,83.15,5666.13,0.0,-1831.3
2024-01-16 05:00:00+00:00,107.53,6471.25,0.0,-2469.2
2024-01-16 06:00:00+00:00,124.84,6813.35,89.53,-2700.0
2024-01-16 07:00:00+00:00,144.11,6726.35,705.83,-2187.1
2024-01-16 08:00:00+00:00,138.6,6470.95,1401.98,-1171.7
2024-01-16 09:00:00+00:00,122.0,6199.58,1776.78,-491.4
2024-01-16 10:00:00+00:00,110.0,6114.4,2023.3,-217.5
2024-01-16 11:00:00+00:00,103.18,6121.85,1908.18,-157.4
2024-01-16 12:00:00+00:00,110.06,6151.98,1659.48,-545.2
2024-01-16 13:00:00+00:00,118.23,6364.73,1075.5,-1144.4
2024-01-16 14:00:00+00:00,130.97,6664.13,415.7,-2021.6
2024-01-16 15:00:00+00:00,140.28,6846.78,11.18,-2700.0
2024-01-16 16:00:00+00:00,143.57,6938.25,0.0,-2700.0
2024-01-16 17:00:00+00:00,135.36,6887.6,0.0,-2700.0
2024-01-16 18:00:00+00:00,128.58,6860.33,0.0,-2700.0
2024-01-16 19:00:00+00:00,121.26,6682.4,0.0,-2526.8
2024-01-16 20:00:00+00:00,106.66,6436.08,0.0,-2335.8
2024-01-16 21:00:00+00:00,99.57,6102.43,0.0,-2070.8
2024-01-16 22:00:00+00:00,89.21,5830.15,0.0,-1857.3
2024-01-16 23:00:00+00:00,83.38,5576.33,0.0,-1709.2
2024-01-17 00:00:00+00:00,78.23,5359.88,0.0,-1441.1
2024-01-17 01:00:00+00:00,70.73,5163.18,0.0,-1302.3
2024-01-17 02:00:00+00:00,69.78,5106.13,0.0,-1266.1
2024-01-17 03:00:00+00:00,70.64,5225.9,0.0,-1349.9
2024-01-17 04:00:00+00:00,84.53,5648.5,0.0,-1647.7
2024-01-17 05:00:00+00:00,97.23,6458.88,0.0,-2126.8
2024-01-17 06:00:00+00:00,107.35,6837.63,49.68,-2628.8
2024-01-17 07:00:00+00:00,107.08,6832.5,237.2,-2535.8
2024-01-17 08:00:00+00:00,106.27,6484.68,388.65,-2254.0
2024-01-17 09:00:00+00:00,110.33,6156.0,446.1,-1800.0
2024-01-17 10:00:00+00:00,111.1,5781.63,399.5,-1360.9
2024-01-17 11:00:00+00:00,114.81,5879.43,258.25,-934.6
2024-01-17 12:00:00+00:00,117.52,6136.95,556.88,-1255.0
2024-01-17 13:00:00+00:00,117.73,6336.58,303.93,-1822.6
2024-01-17 14:00:00+00:00,119.03,6598.93,101.85,-2345.0
2024-01-17 15:00:00+00:00,122.0,6841.35,2.28,-2679.9
2024-01-17 16:00:00+00:00,132.8,6910.13,0.0,-2687.3
2024-01-17 17:00:00+00:00,122.0,6862.93,0.0,-2678.7
2024-01-17 18:00:00+00:00,114.39,6750.7,0.0,-2653.0
2024-01-17 19:00:00+00:00,108.2,6553.0,0.0,-2474.7
2024-01-17 20:00:00+00:00,100.14,6283.98,0.0,-2117.8
2024-01-17 21:00:00+00:00,92.92,6059.43,0.0,-1904.7
2024-01-17 22:00:00+00:00,83.52,5842.65,0.0,-1786.2
2024-01-17 23:00:00+00:00,80.26,5466.58,0.0,-1604.6
2024-01-18 00:00:00+00:00,77.04,5220.15,0.0,-1340.3
2024-01-18 01:00:00+00:00,74.78,4994.98,0.0,-1104.8
2024-01-18 02:00:00+00:00,74.24,4960.23,0.0,-1026.9
2024-01-18 03:00:00+00:00,76.09,5147.63,0.0,-1173.1
2024-01-18 04:00:00+00:00,81.48,5564.23,0.0,-1568.3
2024-01-18 05:00:00+00:00,98.9,6348.35,0.0,-2112.8
2024-01-18 06:00:00+00:00,112.84,6664.23,13.05,-2540.7
2024-01-18 07:00:00+00:00,127.56,6484.28,152.93,-2403.5
2024-01-18 08:00:00+00:00,123.54,6122.55,332.68,-1977.6
2024-01-18 09:00:00+00:00,117.76,6197.95,323.7,-1631.3
2024-01-18 10:00:00+00:00,114.3,6428.63,501.58,-1458.7
2024-01-18 11:00:00+00:00,108.29,6207.45,342.38,-1507.1
2024-01-18 12:00:00+00:00,104.39,5740.6,452.58,-1651.7
2024-01-18 13:00:00+00:00,104.74,5997.5,405.23,-1674.4
2024-01-18 14:00:00+00:00,107.81,6373.0,195.75,-2167.7
2024-01-18 15:00:00+00:00,111.88,6723.58,8.8,-2569.6
2024-01-18 16:00:00+00:00,114.22,6912.53,0.0,-2700.0
2024-01-18 17:00:00+00:00,108.73,6843.05,0.0,-2700.0
2024-01-18 18:00:00+00:00,106.02,6806.98,0.0,-2700.0
2024-01-18 19:00:00+00:00,99.97,6575.5,0.0,-2568.3
2024-01-18 20:00:00+00:00,84.52,6337.18,0.0,-2385.9
2024-01-18 21:00:00+00:00,82.43,6047.15,0.0,-2202.5
2024-01-18 22:00:00+00:00,73.61,5741.13,0.0,-2030.9
2024-01-18 23:00:00+00:00,71.35,5432.98,0.0,-1705.5
2024-01-19 00:00:00+00:00,67.86,5222.43,0.0,-1502.2
2024-01-19 01:00:00+00:00,66.28,5054.58,0.0,-1355.4
2024-01-19 02:00:00+00:00,62.76,5008.23,0.0,-1300.3
2024-01-19 03:00:00+00:00,63.32,5122.93,0.0,-1386.2
2024-01-19 04:00:00+00:00,67.53,5457.68,0.0,-1471.1
2024-01-19 05:00:00+00:00,78.18,6256.93,0.0,-1893.8
2024-01-19 06:00:00+00:00,92.89,6683.93,6.55,-2533.6
2024-01-19 07:00:00+00:00,104.27,6747.4,64.2,-2700.0
2024-01-19 08:00:00+00:00,103.23,6685.4,140.73,-2700.0
2024-01-19 09:00:00+00:00,96.26,6634.98,212.6,-2700.0
2024-01-19 10:00:00+00:00,86.68,6793.48,395.0,-2700.0
2024-01-19 11:00:00+00:00,78.12,6724.33,373.75,-2678.7
2024-01-19 12:00:00+00:00,74.14,6596.75,325.0,-2539.4
2024-01-19 13:00:00+00:00,75.96,6630.75,283.83,-2479.0
2024-01-19 14:00:00+00:00,92.93,6762.95,142.65,-2607.9
2024-01-19 15:00:00+00:00,98.51,6803.1,8.03,-2700.0
2024-01-19 16:00:00+00:00,103.17,6756.75,0.0,-2700.0
2024-01-19 17:00:00+00:00,101.05,6702.25,0.0,-2700.0
2024-01-19 18:00:00+00:00,97.7,6654.13,0.0,-2629.7
2024-01-19 19:00:00+00:00,89.08,6508.15,0.0,-2419.8
2024-01-19 20:00:00+00:00,74.27,6285.1,0.0,-2146.4
2024-01-19 21:00:00+00:00,82.09,5941.73,0.0,-2016.8
2024-01-19 22:00:00+00:00,67.25,5647.95,0.0,-1905.9
2024-01-19 23:00:00+00:00,69.01,5416.4,0.0,-2186.1
2024-01-20 00:00:00+00:00,64.24,5142.2,0.0,-2206.6
2024-01-20 01:00:00+00:00,65.16,4952.15,0.0,-2108.9
2024-01-20 02:00:00+00:00,62.67,4839.18,0.0,-2032.9
2024-01-20 03:00:00+00:00,62.22,4849.73,0.0,-2049.3
2024-01-20 04:00:00+00:00,62.62,4966.3,0.0,-2011.4
2024-01-20 05:00:00+00:00,64.39,5236.63,0.0,-2036.0
2024-01-20 06:00:00+00:00,69.07,5582.68,116.15,-2175.8
2024-01-20 07:00:00+00:00,77.12,5767.95,779.75,-1731.1
2024-01-20 08:00:00+00:00,80.49,5794.15,1529.23,-885.8
2024-01-20 09:00:00+00:00,74.52,5762.25,1835.03,-352.1
2024-01-20 10:00:00+00:00,72.23,5794.85,1925.3,19.8
2024-01-20 11:00:00+00:00,69.45,5733.9,1986.53,346.7
2024-01-20 12:00:00+00:00,69.02,5682.25,2042.65,231.2
2024-01-20 13:00:00+00:00,73.39,5715.5,1410.68,-700.0
2024-01-20 14:00:00+00:00,79.04,5903.6,592.98,-1473.4
2024-01-20 15:00:00+00:00,101.96,6104.6,28.03,-2616.6
2024-01-20 16:00:00+00:00,106.52,6226.18,0.0,-2617.3
2024-01-20 17:00:00+00:00,105.75,6213.6,0.0,-2567.8
2024-01-20 18:00:00+00:00,93.2,6144.98,0.0,-2621.6
2024-01-20 19:00:00+00:00,88.81,6023.45,0.0,-2539.2
2024-01-20 20:00:00+00:00,76.42,5814.95,0.0,-2352.2
2024-01-20 21:00:00+00:00,75.41,5543.98,0.0,-2103.8
2024-01-20 22:00:00+00:00,69.13,5278.48,0.0,-2001.3
2024-01-20 23:00:00+00:00,69.48,4990.75,0.0,-1742.1
2024-01-21 00:00:00+00:00,57.95,4823.1,0.0,-1717.9
2024-01-21 01:00:00+00:00,55.15,4678.08,0.0,-1621.7
2024-01-21 02:00:00+00:00,50.89,4586.78,0.0,-1541.4
2024-01-21 03:00:00+00:00,53.62,4571.18,0.0,-1550.1
2024-01-21 04:00:00+00:00,60.94,4691.83,0.0,-1550.1
2024-01-21 05:00:00+00:00,61.11,4943.55,0.0,-1717.1
2024-01-21 06:00:00+00:00,65.18,5277.78,118.85,-1848.1
2024-01-21 07:00:00+00:00,66.77,5522.03,776.08,-1541.7
2024-01-21 08:00:00+00:00,59.09,5577.53,1544.58,-774.1
2024-01-21 09:00:00+00:00,54.69,5496.35,1765.05,-104.5
2024-01-21 10:00:00+00:00,52.91,5432.85,1882.65,308.4
2024-01-21 11:00:00+00:00,46.25,5399.55,1866.08,465.1
2024-01-21 12:00:00+00:00,47.17,5419.45,1853.03,221.1
2024-01-21 13:00:00+00:00,56.07,5518.1,1387.7,-691.0
2024-01-21 14:00:00+00:00,72.07,5770.13,623.1,-1458.1
2024-01-21 15:00:00+00:00,97.76,6012.98,27.53,-2437.6
2024-01-21 16:00:00+00:00,102.03,6199.13,0.0,-2586.5
2024-01-21 17:00:00+00:00,104.91,6250.78,0.0,-2545.4
2024-01-21 18:00:00+00:00,101.77,6212.33,0.0,-2559.4
2024-01-21 19:00:00+00:00,97.04,6096.03,0.0,-2429.5
2024-01-21 20:00:00+00:00,70.03,5839.58,0.0,-2149.9
2024-01-21 21:00:00+00:00,65.64,5539.55,0.0,-1928.3
2024-01-21 22:00:00+00:00,60.62,5259.93,0.0,-1766.0
2024-01-21 23:00:00+00:00,52.34,4858.35,0.0,-1183.6
2024-01-22 00:00:00+00:00,55.65,4749.23,0.0,-1051.3
2024-01-22 01:00:00+00:00,52.31,4648.85,0.0,-869.5
2024-01-22 02:00:00+00:00,45.73,4597.45,0.0,-785.6
2024-01-22 03:00:00+00:00,51.19,4773.35,0.0,-941.0
2024-01-22 04:00:00+00:00,68.66,5239.7,0.0,-1223.2
2024-01-22 05:00:00+00:00,101.86,6135.55,0.0,-1564.4
2024-01-22 06:00:00+00:00,114.43,6636.63,126.65,-1920.1
2024-01-22 07:00:00+00:00,113.64,6824.33,785.45,-1722.8
2024-01-22 08:00:00+00:00,114.0,6918.0,1536.7,-1391.4
2024-01-22 09:00:00+00:00,81.76,7046.45,1599.85,-1198.4
2024-01-22 10:00:00+00:00,78.86,7056.03,1777.18,-1169.3
2024-01-22 11:00:00+00:00,67.51,7076.03,1742.7,-1263.7
2024-01-22 12:00:00+00:00,83.96,6882.33,1668.38,-1321.8
2024-01-22 13:00:00+00:00,86.02,6802.38,1182.95,-1592.0
2024-01-22 14:00:00+00:00,88.37,6867.85,502.75,-2094.9
2024-01-22 15:00:00+00:00,122.3,6980.65,20.18,-2451.8
2024-01-22 16:00:00+00:00,132.05,6999.95,0.0,-2390.0
2024-01-22 17:00:00+00:00,111.67,6932.78,0.0,-2317.2
2024-01-22 18:00:00+00:00,100.66,6823.53,0.0,-2438.4
2024-01-22 19:00:00+00:00,102.01,6596.5,0.0,-2261.0
2024-01-22 20:00:00+00:00,81.08,6345.55,0.0,-1959.7
2024-01-22 21:00:00+00:00,80.51,6083.95,0.0,-1901.2
2024-01-22 22:00:00+00:00,69.55,5803.78,0.0,-1812.9
2024-01-22 23:00:00+00:00,52.58,5320.15,0.0,-1518.0
2024-01-23 00:00:00+00:00,53.84,5108.7,0.0,-1335.8
2024-01-23 01:00:00+00:00,55.65,4906.98,0.0,-1115.8
2024-01-23 02:00:00+00:00,51.38,4837.63,0.0,-973.3
2024-01-23 03:00:00+00:00,54.96,5088.03,0.0,-1118.5
2024-01-23 04:00:00+00:00,65.63,5667.15,0.0,-1236.9
2024-01-23 05:00:00+00:00,98.29,6461.43,0.0,-1803.1
2024-01-23 06:00:00+00:00,99.49,6703.35,38.78,-2199.7
2024-01-23 07:00:00+00:00,116.22,6831.83,347.25,-2183.5
2024-01-23 08:00:00+00:00,91.05,6920.18,883.35,-1931.2
2024-01-23 09:00:00+00:00,79.5,6781.85,1104.23,-1614.9
2024-01-23 10:00:00+00:00,67.61,6474.48,1191.6,-1453.1
2024-01-23 11:00:00+00:00,61.42,6621.38,1165.38,-1308.3
2024-01-23 12:00:00+00:00,63.42,6846.08,1813.8,-1227.8
2024-01-23 13:00:00+00:00,73.75,6775.78,1210.93,-1445.1
2024-01-23 14:00:00+00:00,79.8,6841.38,571.03,-1914.7
2024-01-23 15:00:00+00:00,130.28,6960.9,36.05,-2339.8
2024-01-23 16:00:00+00:00,165.41,7149.58,0.0,-2337.9
2024-01-23 17:00:00+00:00,151.0,7096.98,0.0,-2266.2
2024-01-23 18:00:00+00:00,126.69,7010.38,0.0,-2327.6
2024-01-23 19:00:00+00:00,92.98,6598.0,0.0,-2039.4
2024-01-23 20:00:00+00:00,81.24,6349.25,0.0,-1919.6
2024-01-23 21:00:00+00:00,73.21,6116.25,0.0,-1814.8
2024-01-23 22:00:00+00:00,52.8,5969.08,0.0,-1699.0
2024-01-23 23:00:00+00:00,87.41,5530.43,0.0,-1709.3
2024-01-24 00:00:00+00:00,76.11,5268.05,0.0,-1655.4
2024-01-24 01:00:00+00:00,68.96,5088.13,0.0,-1548.8
2024-01-24 02:00:00+00:00,55.05,5042.68,0.0,-1397.6
2024-01-24 03:00:00+00:00,54.91,5222.95,0.0,-1444.4
2024-01-24 04:00:00+00:00,83.79,5748.33,0.0,-1570.2
2024-01-24 05:00:00+00:00,105.9,6521.48,0.0,-2358.1
2024-01-24 06:00:00+00:00,138.96,6875.23,62.05,-2466.4
2024-01-24 07:00:00+00:00,137.09,6825.05,248.4,-2362.2
2024-01-24 08:00:00+00:00,115.5,6654.85,357.78,-2127.8
2024-01-24 09:00:00+00:00,97.8,6433.13,310.93,-1772.0
2024-01-24 10:00:00+00:00,96.04,6210.15,229.63,-1733.5
2024-01-24 11:00:00+00:00,94.05,6206.9,137.55,-1629.9
2024-01-24 12:00:00+00:00,96.76,6432.55,262.45,-1743.4
2024-01-24 13:00:00+00:00,103.6,6679.68,184.78,-1951.6
2024-01-24 14:00:00+00:00,106.49,6846.4,106.08,-2075.5
2024-01-24 15:00:00+00:00,124.92,6920.03,6.48,-2700.0
2024-01-24 16:00:00+00:00,138.62,6985.0,0.0,-2700.0
2024-01-24 17:00:00+00:00,140.08,6953.38,0.0,-2700.0
2024-01-24 18:00:00+00:00,138.68,6917.98,0.0,-2627.1
2024-01-24 19:00:00+00:00,104.14,6710.8,0.0,-2244.0
2024-01-24 20:00:00+00:00,76.55,6441.65,0.0,-1963.7
2024-01-24 21:00:00+00:00,57.89,6104.5,0.0,-1985.5
2024-01-24 22:00:00+00:00,48.65,5827.53,0.0,-1752.6
2024-01-24 23:00:00+00:00,48.55,5649.75,0.0,-2112.9
2024-01-25 00:00:00+00:00,48.38,5337.6,0.0,-1952.0
2024-01-25 01:00:00+00:00,47.07,5168.15,0.0,-1826.3
2024-01-25 02:00:00+00:00,47.1,5116.1,0.0,-1609.6
2024-01-25 03:00:00+00:00,48.31,5259.03,0.0,-1614.3
2024-01-25 04:00:00+00:00,53.96,5660.33,0.0,-1698.1
2024-01-25 05:00:00+00:00,77.09,6435.13,0.0,-2310.7
2024-01-25 06:00:00+00:00,143.83,6748.5,114.18,-2630.1
2024-01-25 07:00:00+00:00,102.12,6797.7,633.65,-2339.6
2024-01-25 08:00:00+00:00,88.64,6586.55,1246.45,-1854.8
2024-01-25 09:00:00+00:00,83.89,6490.78,1481.1,-695.1
2024-01-25 10:00:00+00:00,78.66,6593.38,1707.1,-177.8
2024-01-25 11:00:00+00:00,74.95,6399.68,1654.05,-247.8
2024-01-25 12:00:00+00:00,78.17,5919.0,1365.33,-758.5
2024-01-25 13:00:00+00:00,84.79,6171.98,959.15,-1215.8
2024-01-25 14:00:00+00:00,90.54,6449.8,538.55,-1666.7
2024-01-25 15:00:00+00:00,99.21,6671.03,36.85,-2700.0
2024-01-25 16:00:00+00:00,126.56,6869.08,0.0,-2700.0
2024-01-25 17:00:00+00:00,113.94,6826.25,0.0,-2700.0
2024-01-25 18:00:00+00:00,101.14,6759.98,0.0,-2700.0
2024-01-25 19:00:00+00:00,90.37,6534.5,0.0,-2238.8
2024-01-25 20:00:00+00:00,85.94,6296.55,0.0,-2119.2
2024-01-25 21:00:00+00:00,79.47,6024.18,0.0,-2034.8
2024-01-25 22:00:00+00:00,74.51,5735.8,0.0,-1740.8
2024-01-25 23:00:00+00:00,62.8,5523.03,0.0,-1967.3
2024-01-26 00:00:00+00:00,62.0,5251.75,0.0,-1798.2
2024-01-26 01:00:00+00:00,58.49,5085.6,0.0,-1667.0
2024-01-26 02:00:00+00:00,58.08,5038.98,0.0,-1476.6
2024-01-26 03:00:00+00:00,68.0,5178.63,0.0,-1582.2
2024-01-26 04:00:00+00:00,79.55,5468.95,0.0,-1525.8
2024-01-26 05:00:00+00:00,96.54,6257.68,0.0,-2136.7
2024-01-26 06:00:00+00:00,112.55,6627.63,149.03,-2700.0
2024-01-26 07:00:00+00:00,112.42,6742.18,762.7,-2123.6
2024-01-26 08:00:00+00:00,100.82,6541.08,1322.75,-1461.5
2024-01-26 09:00:00+00:00,92.93,6224.98,1507.28,-601.3
2024-01-26 10:00:00+00:00,91.14,5771.33,1545.08,-400.0
2024-01-26 11:00:00+00:00,86.44,6002.95,1474.1,-460.3
2024-01-26 12:00:00+00:00,87.61,6341.0,1450.68,-902.8
2024-01-26 13:00:00+00:00,95.19,6459.68,820.65,-1522.0
2024-01-26 14:00:00+00:00,102.15,6541.1,391.5,-2051.9
2024-01-26 15:00:00+00:00,124.75,6577.93,25.9,-2700.0
2024-01-26 16:00:00+00:00,128.08,6604.4,0.0,-2700.0
2024-01-26 17:00:00+00:00,111.33,6569.63,0.0,-2700.0
2024-01-26 18:00:00+00:00,92.23,6511.5,0.0,-2596.7
2024-01-26 19:00:00+00:00,84.05,6324.58,0.0,-2121.4
2024-01-26 20:00:00+00:00,73.19,6097.75,0.0,-1879.8
2024-01-26 21:00:00+00:00,62.78,5822.38,0.0,-1736.4
2024-01-26 22:00:00+00:00,59.73,5495.68,0.0,-1516.8
2024-01-26 23:00:00+00:00,57.89,5278.85,0.0,-1573.7
2024-01-27 00:00:00+00:00,57.12,4986.43,0.0,-1455.2
2024-01-27 01:00:00+00:00,58.48,4798.3,0.0,-1391.6
2024-01-27 02:00:00+00:00,56.01,4711.88,0.0,-1311.7
2024-01-27 03:00:00+00:00,55.92,4751.33,0.0,-1313.8
2024-01-27 04:00:00+00:00,57.5,4912.4,0.0,-1498.3
2024-01-27 05:00:00+00:00,60.28,5200.88,0.0,-1760.6
2024-01-27 06:00:00+00:00,65.82,5479.9,155.2,-1862.7
2024-01-27 07:00:00+00:00,75.78,5654.53,752.53,-1458.3
2024-01-27 08:00:00+00:00,72.82,5557.43,1378.28,-520.7
2024-01-27 09:00:00+00:00,60.53,5366.18,1862.4,325.0
2024-01-27 10:00:00+00:00,56.79,5294.35,1613.33,473.2
2024-01-27 11:00:00+00:00,55.84,5190.23,1492.63,518.1
2024-01-27 12:00:00+00:00,53.88,5033.18,1591.28,221.9
2024-01-27 13:00:00+00:00,59.67,5257.45,839.65,-462.6
2024-01-27 14:00:00+00:00,72.51,5550.6,415.1,-1396.9
2024-01-27 15:00:00+00:00,107.87,5877.25,54.9,-2236.5
2024-01-27 16:00:00+00:00,111.08,6126.3,0.0,-2256.0
2024-01-27 17:00:00+00:00,100.58,6127.2,0.0,-2290.3
2024-01-27 18:00:00+00:00,100.46,6019.6,0.0,-2267.3
2024-01-27 19:00:00+00:00,84.99,5876.08,0.0,-2144.5
2024-01-27 20:00:00+00:00,79.33,5657.38,0.0,-1761.7
2024-01-27 21:00:00+00:00,75.97,5449.9,0.0,-1716.8
2024-01-27 22:00:00+00:00,72.7,5217.95,0.0,-1578.7
2024-01-27 23:00:00+00:00,66.77,4936.2,0.0,-1400.9
2024-01-28 00:00:00+00:00,60.66,4727.73,0.0,-1335.4
2024-01-28 01:00:00+00:00,59.0,4565.5,0.0,-1275.6
2024-01-28 02:00:00+00:00,58.71,4463.83,0.0,-1206.7
2024-01-28 03:00:00+00:00,59.73,4522.38,0.0,-1292.7
2024-01-28 04:00:00+00:00,62.1,4667.73,0.0,-1387.2
2024-01-28 05:00:00+00:00,59.13,4916.3,0.0,-1674.7
2024-01-28 06:00:00+00:00,67.97,5170.05,114.13,-1855.3
2024-01-28 07:00:00+00:00,68.82,5269.85,629.75,-1356.3
2024-01-28 08:00:00+00:00,66.72,5187.68,1219.53,-623.7
2024-01-28 09:00:00+00:00,64.58,5023.75,1795.3,110.8
2024-01-28 10:00:00+00:00,63.85,5007.3,1942.5,368.1
2024-01-28 11:00:00+00:00,60.73,4895.38,1921.98,381.1
2024-01-28 12:00:00+00:00,58.88,4807.83,1711.5,150.6
2024-01-28 13:00:00+00:00,67.21,5024.1,1001.85,-480.6
2024-01-28 14:00:00+00:00,77.56,5364.13,506.65,-1409.3
2024-01-28 15:00:00+00:00,88.59,5750.15,63.68,-2387.1
2024-01-28 16:00:00+00:00,102.54,6073.68,0.0,-2639.7
2024-01-28 17:00:00+00:00,92.24,6159.05,0.0,-2700.0
2024-01-28 18:00:00+00:00,89.42,6141.48,0.0,-2700.0
2024-01-28 19:00:00+00:00,86.71,5998.68,0.0,-2618.5
2024-01-28 20:00:00+00:00,76.63,5750.13,0.0,-2360.2
2024-01-28 21:00:00+00:00,69.87,5478.65,0.0,-2277.3
2024-01-28 22:00:00+00:00,56.0,5226.63,0.0,-2182.1
2024-01-28 23:00:00+00:00,49.97,4780.85,0.0,-1614.5
2024-01-29 00:00:00+00:00,47.26,4647.45,0.0,-1503.7
2024-01-29 01:00:00+00:00,48.12,4560.65,0.0,-1392.8
2024-01-29 02:00:00+00:00,47.97,4511.38,0.0,-1272.9
2024-01-29 03:00:00+00:00,51.58,4633.5,0.0,-1316.3
2024-01-29 04:00:00+00:00,60.06,5102.13,0.0,-1323.5
2024-01-29 05:00:00+00:00,83.98,6006.43,0.0,-2140.9
2024-01-29 06:00:00+00:00,96.8,6316.83,121.28,-2498.8
2024-01-29 07:00:00+00:00,99.88,6188.55,819.78,-1557.6
2024-01-29 08:00:00+00:00,88.39,5781.45,1467.13,-719.6
2024-01-29 09:00:00+00:00,78.9,5475.4,1930.53,110.5
2024-01-29 10:00:00+00:00,71.27,5382.43,1992.95,427.8
2024-01-29 11:00:00+00:00,70.24,5470.65,1980.35,556.8
2024-01-29 12:00:00+00:00,74.66,5563.25,1856.15,315.7
2024-01-29 13:00:00+00:00,81.99,5847.98,1318.63,-494.4
2024-01-29 14:00:00+00:00,98.14,6251.4,700.98,-1561.3
2024-01-29 15:00:00+00:00,109.78,6503.85,66.95,-2585.0
2024-01-29 16:00:00+00:00,126.7,6656.6,0.0,-2700.0
2024-01-29 17:00:00+00:00,117.34,6595.28,0.0,-2652.1
2024-01-29 18:00:00+00:00,107.52,6545.4,0.0,-2618.9
2024-01-29 19:00:00+00:00,91.74,6385.25,0.0,-2278.4
2024-01-29 20:00:00+00:00,86.15,6154.88,0.0,-1982.7
2024-01-29 21:00:00+00:00,83.32,5866.58,0.0,-1901.3
2024-01-29 22:00:00+00:00,80.29,5595.2,0.0,-1760.9
2024-01-29 23:00:00+00:00,71.94,5252.8,0.0,-1809.7
2024-01-30 00:00:00+00:00,68.77,5065.43,0.0,-1604.5
2024-01-30 01:00:00+00:00,69.37,4915.15,0.0,-1488.2
2024-01-30 02:00:00+00:00,67.18,4850.4,0.0,-1369.9
2024-01-30 03:00:00+00:00,66.83,4980.4,0.0,-1394.5
2024-01-30 04:00:00+00:00,69.37,5440.35,0.0,-1489.2
2024-01-30 05:00:00+00:00,87.39,6262.33,0.0,-2295.5
2024-01-30 06:00:00+00:00,96.07,6569.7,200.45,-2498.3
2024-01-30 07:00:00+00:00,96.18,6306.75,856.0,-1534.9
2024-01-30 08:00:00+00:00,84.93,5888.53,1508.65,-678.6
2024-01-30 09:00:00+00:00,77.15,5599.43,1397.38,205.7
2024-01-30 10:00:00+00:00,70.1,5253.9,2038.43,559.5
2024-01-30 11:00:00+00:00,68.1,5347.5,2031.5,558.4
2024-01-30 12:00:00+00:00,68.23,5731.23,1615.48,333.0
2024-01-30 13:00:00+00:00,71.93,5934.43,1436.8,-412.1
2024-01-30 14:00:00+00:00,88.84,6349.25,776.25,-1523.2
2024-01-30 15:00:00+00:00,106.83,6581.23,70.48,-2466.0
2024-01-30 16:00:00+00:00,113.07,6685.03,0.0,-2700.0
2024-01-30 17:00:00+00:00,125.19,6703.48,0.0,-2606.6
2024-01-30 18:00:00+00:00,103.93,6648.55,0.0,-2538.8
2024-01-30 19:00:00+00:00,92.87,6467.45,0.0,-2290.1
2024-01-30 20:00:00+00:00,79.35,6230.95,0.0,-2062.9
2024-01-30 21:00:00+00:00,79.89,5985.23,0.0,-1996.0
2024-01-30 22:00:00+00:00,72.5,5767.55,0.0,-1848.5
2024-01-30 23:00:00+00:00,75.08,5353.73,0.0,-1693.3
2024-01-31 00:00:00+00:00,71.14,5155.48,0.0,-1553.8
2024-01-31 01:00:00+00:00,70.89,4961.03,0.0,-1536.2
2024-01-31 02:00:00+00:00,69.82,4905.38,0.0,-1472.0
2024-01-31 03:00:00+00:00,68.95,5091.9,0.0,-1553.2
2024-01-31 04:00:00+00:00,73.46,5587.73,0.0,-1657.9
2024-01-31 05:00:00+00:00,86.37,6381.35,0.0,-2378.5
2024-01-31 06:00:00+00:00,107.42,6659.83,196.23,-2574.3
2024-01-31 07:00:00+00:00,125.61,6296.58,758.13,-2003.7
2024-01-31 08:00:00+00:00,93.56,5792.8,1279.28,-1252.5
2024-01-31 09:00:00+00:00,82.98,5515.83,1415.2,-520.3
2024-01-31 10:00:00+00:00,77.09,5349.2,1559.35,-204.7
2024-01-31 11:00:00+00:00,74.91,5302.98,1484.05,-379.3
2024-01-31 12:00:00+00:00,72.31,5406.65,1294.43,-642.3
2024-01-31 13:00:00+00:00,82.67,5671.1,871.78,-1112.0
2024-01-31 14:00:00+00:00,88.6,6123.05,411.95,-2044.8
2024-01-31 15:00:00+00:00,106.6,6464.58,45.18,-2618.6
2024-01-31 16:00:00+00:00,122.97,6695.33,0.0,-2673.7
2024-01-31 17:00:00+00:00,123.69,6721.6,0.0,-2700.0
2024-01-31 18:00:00+00:00,124.37,6672.7,0.0,-2700.0
2024-01-31 19:00:00+00:00,98.87,6515.33,0.0,-2539.4
2024-01-31 20:00:00+00:00,103.88,6287.3,0.0,-2313.8
2024-01-31 21:00:00+00:00,104.2,6073.03,0.0,-2178.3
2024-01-31 22:00:00+00:00,91.96,5853.6,0.0,-1988.0
2024-01-31 23:00:00+00:00,91.68,5472.68,0.0,-1859.7
2024-02-01 00:00:00+00:00,88.49,5212.1,0.0,-1632.8
2024-02-01 01:00:00+00:00,82.19,5010.8,0.0,-1592.0
2024-02-01 02:00:00+00:00,74.78,4992.83,0.0,-1540.5
2024-02-01 03:00:00+00:00,85.97,5194.45,0.0,-1613.0
2024-02-01 04:00:00+00:00,102.08,5704.23,0.0,-1732.9
2024-02-01 05:00:00+00:00,101.96,6490.45,0.0,-2339.1
2024-02-01 06:00:00+00:00,117.7,6714.7,115.6,-2700.0
2024-02-01 07:00:00+00:00,103.59,6399.73,387.88,-2512.0
2024-02-01 08:00:00+00:00,89.06,5911.18,664.43,-2084.1
2024-02-01 09:00:00+00:00,87.05,5659.15,1189.78,-1672.6
2024-02-01 10:00:00+00:00,81.38,5664.05,1297.35,-1370.7
2024-02-01 11:00:00+00:00,78.73,5534.4,1181.2,-1326.5
2024-02-01 12:00:00+00:00,80.73,5321.43,548.5,-1214.7
2024-02-01 13:00:00+00:00,84.68,5593.93,352.38,-1391.1
2024-02-01 14:00:00+00:00,96.35,6058.63,141.6,-1990.3
2024-02-01 15:00:00+00:00,95.88,6446.33,29.6,-2567.9
2024-02-01 16:00:00+00:00,102.64,6769.73,0.0,-2700.0
2024-02-01 17:00:00+00:00,143.54,6763.08,0.0,-2700.0
2024-02-01 18:00:00+00:00,113.47,6672.85,0.0,-2626.5
2024-02-01 19:00:00+00:00,97.52,6506.08,0.0,-2346.0
2024-02-01 20:00:00+00:00,85.2,6267.75,0.0,-2181.1
2024-02-01 21:00:00+00:00,82.92,6042.38,0.0,-2147.4
2024-02-01 22:00:00+00:00,74.78,5801.2,0.0,-2020.3
2024-02-01 23:00:00+00:00,65.51,5491.78,0.0,-1795.6
2024-02-02 00:00:00+00:00,60.34,5225.65,0.0,-1619.7
2024-02-02 01:00:00+00:00,58.0,5043.25,0.0,-1626.4
2024-02-02 02:00:00+00:00,54.69,4987.23,0.0,-1572.8
2024-02-02 03:00:00+00:00,56.16,5157.75,0.0,-1708.3
2024-02-02 04:00:00+00:00,59.72,5555.65,0.0,-1893.9
2024-02-02 05:00:00+00:00,87.79,6447.85,0.0,-2243.9
2024-02-02 06:00:00+00:00,96.72,6600.38,121.15,-2662.0
2024-02-02 07:00:00+00:00,97.86,6355.73,584.83,-2226.4
2024-02-02 08:00:00+00:00,88.88,5943.1,1114.05,-1458.2
2024-02-02 09:00:00+00:00,81.63,5961.83,1508.13,-819.2
2024-02-02 10:00:00+00:00,76.38,5940.9,1612.1,-548.3
2024-02-02 11:00:00+00:00,70.45,5854.28,1709.68,-591.7
2024-02-02 12:00:00+00:00,70.13,5602.85,1374.78,-813.4
2024-02-02 13:00:00+00:00,77.67,5806.25,964.7,-1237.6
2024-02-02 14:00:00+00:00,90.46,6153.18,531.58,-2062.3
2024-02-02 15:00:00+00:00,107.93,6437.75,72.88,-2602.0
2024-02-02 16:00:00+00:00,117.01,6617.08,0.0,-2700.0
2024-02-02 17:00:00+00:00,116.91,6602.0,0.0,-2700.0
2024-02-02 18:00:00+00:00,113.87,6562.08,0.0,-2676.2
2024-02-02 19:00:00+00:00,98.07,6381.98,0.0,-2357.5
2024-02-02 20:00:00+00:00,97.92,6159.05,0.0,-2298.9
2024-02-02 21:00:00+00:00,91.59,5900.35,0.0,-2204.6
2024-02-02 22:00:00+00:00,78.19,5600.35,0.0,-1960.0
2024-02-02 23:00:00+00:00,101.39,5252.55,0.0,-1732.1
2024-02-03 00:00:00+00:00,99.42,4990.05,0.0,-1608.8
2024-02-03 01:00:00+00:00,49.98,4771.28,0.0,-1480.3
2024-02-03 02:00:00+00:00,44.91,4645.08,0.0,-1463.8
2024-02-03 03:00:00+00:00,45.82,4660.18,0.0,-1510.3
2024-02-03 04:00:00+00:00,59.34,4775.13,0.0,-1508.1
2024-02-03 05:00:00+00:00,86.56,5030.5,0.0,-1685.0
2024-02-03 06:00:00+00:00,92.74,5278.83,69.68,-1909.2
2024-02-03 07:00:00+00:00,68.68,5287.13,375.88,-1582.4
2024-02-03 08:00:00+00:00,61.12,5098.33,806.28,-977.5
2024-02-03 09:00:00+00:00,53.35,4920.65,914.4,-465.9
2024-02-03 10:00:00+00:00,45.56,4901.13,1064.78,-294.6
2024-02-03 11:00:00+00:00,41.8,4903.15,1093.85,-547.2
2024-02-03 12:00:00+00:00,40.9,4958.78,618.43,-859.9
2024-02-03 13:00:00+00:00,44.24,5199.2,706.83,-1387.7
2024-02-03 14:00:00+00:00,58.44,5453.5,366.83,-1853.0
2024-02-03 15:00:00+00:00,97.38,5704.48,40.1,-2371.1
2024-02-03 16:00:00+00:00,115.56,5932.63,0.0,-2432.8
2024-02-03 17:00:00+00:00,112.58,5891.25,0.0,-2269.6
2024-02-03 18:00:00+00:00,102.11,5800.33,0.0,-2319.2
2024-02-03 19:00:00+00:00,91.11,5640.98,0.0,-2193.7
2024-02-03 20:00:00+00:00,102.21,5417.98,0.0,-2107.9
2024-02-03 21:00:00+00:00,63.4,5192.23,0.0,-1980.0
2024-02-03 22:00:00+00:00,50.83,4970.08,0.0,-1670.0
2024-02-03 23:00:00+00:00,38.08,4682.4,0.0,-1450.2
2024-02-04 00:00:00+00:00,24.38,4457.13,0.0,-1418.0
2024-02-04 01:00:00+00:00,28.9,4313.08,0.0,-1170.6
2024-02-04 02:00:00+00:00,12.76,4217.2,0.0,-1124.1
2024-02-04 03:00:00+00:00,10.75,4281.38,0.0,-1160.6
2024-02-04 04:00:00+00:00,28.98,4412.23,0.0,-1297.3
2024-02-04 05:00:00+00:00,28.43,4656.73,0.0,-1625.3
2024-02-04 06:00:00+00:00,40.94,4858.75,140.8,-1680.7
2024-02-04 07:00:00+00:00,41.41,4875.08,574.83,-1091.6
2024-02-04 08:00:00+00:00,39.64,4734.23,1022.73,-684.5
2024-02-04 09:00:00+00:00,30.21,4556.08,994.1,-225.7
2024-02-04 10:00:00+00:00,25.7,4461.4,1006.78,-451.9
2024-02-04 11:00:00+00:00,19.59,4352.35,906.18,-176.2
2024-02-04 12:00:00+00:00,13.66,4344.15,834.1,62.4
2024-02-04 13:00:00+00:00,24.43,4579.28,894.58,-505.9
2024-02-04 14:00:00+00:00,48.38,4960.78,513.43,-1188.5
2024-02-04 15:00:00+00:00,85.22,5377.25,72.18,-2143.0
2024-02-04 16:00:00+00:00,103.46,5755.78,0.0,-2377.9
2024-02-04 17:00:00+00:00,115.98,5843.6,0.0,-2280.8
2024-02-04 18:00:00+00:00,90.99,5827.33,0.0,-2338.4
2024-02-04 19:00:00+00:00,96.26,5642.15,0.0,-2214.9
2024-02-04 20:00:00+00:00,65.41,5396.6,0.0,-2075.2
2024-02-04 21:00:00+00:00,56.8,5218.65,0.0,-1892.9
2024-02-04 22:00:00+00:00,46.04,4970.08,0.0,-1815.4
2024-02-04 23:00:00+00:00,32.48,4673.58,0.0,-1252.9
2024-02-05 00:00:00+00:00,32.53,4477.88,0.0,-1155.6
2024-02-05 01:00:00+00:00,19.36,4348.65,0.0,-1148.2
2024-02-05 02:00:00+00:00,10.14,4311.5,0.0,-1115.7
2024-02-05 03:00:00+00:00,7.81,4484.45,0.0,-1256.1
2024-02-05 04:00:00+00:00,51.98,4987.5,0.0,-1330.4
2024-02-05 05:00:00+00:00,100.0,5811.63,0.0,-1915.9
2024-02-05 06:00:00+00:00,112.44,6110.93,38.9,-2278.4
2024-02-05 07:00:00+00:00,93.69,5976.7,272.9,-2230.5
2024-02-05 08:00:00+00:00,75.84,5726.43,604.68,-1936.9
2024-02-05 09:00:00+00:00,58.12,5518.23,954.45,-1551.8
2024-02-05 10:00:00+00:00,46.79,5381.45,1064.1,-1090.4
2024-02-05 11:00:00+00:00,35.63,5241.55,1311.23,-755.9
2024-02-05 12:00:00+00:00,30.98,5218.83,1221.05,-640.3
2024-02-05 13:00:00+00:00,58.81,5485.03,973.3,-1078.9
2024-02-05 14:00:00+00:00,74.35,5849.45,611.5,-1819.5
2024-02-05 15:00:00+00:00,83.33,6110.78,107.7,-2423.6
2024-02-05 16:00:00+00:00,92.09,6345.9,0.0,-2562.9
2024-02-05 17:00:00+00:00,92.19,6336.0,0.0,-2700.0
2024-02-05 18:00:00+00:00,87.24,6288.6,0.0,-2599.4
2024-02-05 19:00:00+00:00,82.78,6108.6,0.0,-2330.6
2024-02-05 20:00:00+00:00,75.81,5877.63,0.0,-2337.4
2024-02-05 21:00:00+00:00,66.9,5609.28,0.0,-2234.7
2024-02-05 22:00:00+00:00,56.87,5358.13,0.0,-2040.5
2024-02-05 23:00:00+00:00,49.83,5131.65,0.0,-1792.2
2024-02-06 00:00:00+00:00,48.25,4871.0,0.0,-1642.2
2024-02-06 01:00:00+00:00,44.97,4710.73,0.0,-1582.1
2024-02-06 02:00:00+00:00,43.75,4663.13,0.0,-1503.7
2024-02-06 03:00:00+00:00,44.48,4724.8,0.0,-1587.2
2024-02-06 04:00:00+00:00,53.6,5078.05,0.0,-1650.3
2024-02-06 05:00:00+00:00,83.87,5887.55,0.0,-2064.2
2024-02-06 06:00:00+00:00,92.27,6239.83,244.2,-2346.1
2024-02-06 07:00:00+00:00,83.75,6103.93,864.93,-1951.0
2024-02-06 08:00:00+00:00,71.21,5814.85,1460.08,-1214.8
2024-02-06 09:00:00+00:00,60.71,5543.5,1906.35,-588.9
2024-02-06 10:00:00+00:00,53.77,5418.75,1843.5,-309.0
2024-02-06 11:00:00+00:00,44.94,5277.73,1849.2,-273.7
2024-02-06 12:00:00+00:00,43.74,5179.83,2146.23,-300.2
2024-02-06 13:00:00+00:00,57.17,5477.23,1383.08,-884.3
2024-02-06 14:00:00+00:00,70.47,5853.3,787.73,-1770.2
2024-02-06 15:00:00+00:00,76.03,6051.38,132.3,-2547.0
2024-02-06 16:00:00+00:00,95.25,6260.68,0.0,-2700.0
2024-02-06 17:00:00+00:00,103.29,6310.65,0.0,-2700.0
2024-02-06 18:00:00+00:00,90.6,6319.95,0.0,-2700.0
2024-02-06 19:00:00+00:00,88.89,6172.33,0.0,-2459.1
2024-02-06 20:00:00+00:00,76.73,5936.2,0.0,-2387.6
2024-02-06 21:00:00+00:00,60.49,5639.9,0.0,-2281.7
2024-02-06 22:00:00+00:00,53.77,5295.3,0.0,-2070.5
2024-02-06 23:00:00+00:00,47.53,5038.05,0.0,-1647.5
2024-02-07 00:00:00+00:00,43.82,4806.33,0.0,-1639.0
2024-02-07 01:00:00+00:00,42.66,4645.2,0.0,-1406.2
2024-02-07 02:00:00+00:00,48.13,4577.75,0.0,-1311.5
2024-02-07 03:00:00+00:00,52.85,4709.23,0.0,-1354.0
2024-02-07 04:00:00+00:00,58.49,5072.68,0.0,-1587.5
2024-02-07 05:00:00+00:00,76.02,5834.73,0.35,-2093.8
2024-02-07 06:00:00+00:00,85.73,6134.73,234.33,-2041.3
2024-02-07 07:00:00+00:00,86.49,6048.68,792.95,-1429.2
2024-02-07 08:00:00+00:00,84.0,5875.15,1377.58,-595.6
2024-02-07 09:00:00+00:00,79.38,5395.45,1662.78,300.0
2024-02-07 10:00:00+00:00,76.35,5351.93,1504.68,411.7
2024-02-07 11:00:00+00:00,74.62,5451.63,1530.0,328.5
2024-02-07 12:00:00+00:00,76.71,5339.9,1870.68,358.1
2024-02-07 13:00:00+00:00,76.44,5425.08,1275.25,-103.6
2024-02-07 14:00:00+00:00,85.06,5723.5,724.5,-1166.4
2024-02-07 15:00:00+00:00,93.38,5970.85,148.43,-1947.8
2024-02-07 16:00:00+00:00,113.5,6178.28,0.0,-2360.7
2024-02-07 17:00:00+00:00,130.05,6266.33,0.0,-2358.2
2024-02-07 18:00:00+00:00,107.7,6264.5,0.0,-2238.2
2024-02-07 19:00:00+00:00,97.62,6115.98,0.0,-2186.9
2024-02-07 20:00:00+00:00,89.45,5892.05,0.0,-2048.8
2024-02-07 21:00:00+00:00,84.67,5592.08,0.0,-1779.6
2024-02-07 22:00:00+00:00,77.86,5274.7,0.0,-1530.0
2024-02-07 23:00:00+00:00,73.7,5037.7,0.0,-1180.4
2024-02-08 00:00:00+00:00,73.2,4795.98,0.0,-969.0
2024-02-08 01:00:00+00:00,72.15,4610.0,0.0,-799.7
2024-02-08 02:00:00+00:00,71.23,4553.6,0.0,-729.7
2024-02-08 03:00:00+00:00,71.73,4697.28,0.0,-836.0
2024-02-08 04:00:00+00:00,77.8,5076.43,0.0,-1254.9
2024-02-08 05:00:00+00:00,95.94,5856.05,0.0,-1974.2
2024-02-08 06:00:00+00:00,108.51,6016.45,80.88,-2002.3
2024-02-08 07:00:00+00:00,126.42,5733.08,310.83,-1464.5
2024-02-08 08:00:00+00:00,107.32,5390.55,692.05,-737.3
2024-02-08 09:00:00+00:00,92.16,5118.03,1275.58,300.0
2024-02-08 10:00:00+00:00,87.26,4804.68,1497.93,520.5
2024-02-08 11:00:00+00:00,82.98,4898.85,1534.43,371.7
2024-02-08 12:00:00+00:00,86.01,5000.95,1586.38,300.0
2024-02-08 13:00:00+00:00,91.42,5163.03,1080.55,139.6
2024-02-08 14:00:00+00:00,95.64,5514.3,645.9,-1028.6
2024-02-08 15:00:00+00:00,103.05,5863.53,147.3,-1840.5
2024-02-08 16:00:00+00:00,112.07,6094.75,0.0,-2195.3
2024-02-08 17:00:00+00:00,106.48,6177.45,0.0,-2256.4
2024-02-08 18:00:00+00:00,103.76,6177.23,0.0,-2201.3
2024-02-08 19:00:00+00:00,98.24,6010.5,0.0,-2080.2
2024-02-08 20:00:00+00:00,90.81,5770.55,0.0,-1943.9
2024-02-08 21:00:00+00:00,83.66,5503.2,0.0,-1782.8
2024-02-08 22:00:00+00:00,74.22,5191.5,0.0,-1704.6
2024-02-08 23:00:00+00:00,66.2,4943.6,0.0,-1766.0
2024-02-09 00:00:00+00:00,64.69,4694.05,0.0,-1595.7
2024-02-09 01:00:00+00:00,62.83,4502.3,0.0,-1463.1
2024-02-09 02:00:00+00:00,61.56,4442.8,0.0,-1368.1
2024-02-09 03:00:00+00:00,61.54,4586.1,0.0,-1490.8
2024-02-09 04:00:00+00:00,65.59,4900.4,0.0,-1762.8
2024-02-09 05:00:00+00:00,78.98,5654.58,0.45,-2162.8
2024-02-09 06:00:00+00:00,88.21,5848.7,131.03,-2251.2
2024-02-09 07:00:00+00:00,89.33,5545.13,482.08,-1785.8
2024-02-09 08:00:00+00:00,84.56,5116.4,795.05,-959.3
2024-02-09 09:00:00+00:00,77.9,4830.58,1167.2,-109.5
2024-02-09 10:00:00+00:00,79.89,4827.75,537.75,15.2
2024-02-09 11:00:00+00:00,79.79,4856.88,571.15,19.5
2024-02-09 12:00:00+00:00,79.65,4819.48,844.38,-198.1
2024-02-09 13:00:00+00:00,80.8,4947.18,500.65,-847.4
2024-02-09 14:00:00+00:00,85.38,5284.68,258.95,-1546.2
2024-02-09 15:00:00+00:00,88.95,5632.3,63.75,-2153.3
2024-02-09 16:00:00+00:00,93.74,5940.5,0.08,-2356.5
2024-02-09 17:00:00+00:00,95.14,5992.5,0.0,-2358.6
2024-02-09 18:00:00+00:00,90.27,5939.13,0.0,-2404.2
2024-02-09 19:00:00+00:00,87.35,5740.0,0.0,-2268.3
2024-02-09 20:00:00+00:00,76.79,5544.7,0.0,-2141.6
2024-02-09 21:00:00+00:00,74.91,5317.38,0.0,-1944.3
2024-02-09 22:00:00+00:00,70.94,5031.2,0.0,-1844.1
2024-02-09 23:00:00+00:00,63.1,4987.3,0.0,-2217.0
2024-02-10 00:00:00+00:00,64.08,4700.43,0.0,-1996.8
2024-02-10 01:00:00+00:00,64.4,4497.13,0.0,-1678.9
2024-02-10 02:00:00+00:00,64.39,4400.75,0.0,-1564.7
2024-02-10 03:00:00+00:00,64.41,4464.25,0.0,-1574.8
2024-02-10 04:00:00+00:00,65.82,4568.73,0.0,-1755.7
2024-02-10 05:00:00+00:00,70.91,4810.65,0.0,-1963.0
2024-02-10 06:00:00+00:00,74.86,5055.03,164.08,-2047.1
2024-02-10 07:00:00+00:00,77.7,5078.45,492.73,-1577.5
2024-02-10 08:00:00+00:00,80.38,4930.13,1020.78,-854.3
2024-02-10 09:00:00+00:00,74.64,4725.1,1612.38,-308.7
2024-02-10 10:00:00+00:00,69.47,4591.15,1166.58,4.2
2024-02-10 11:00:00+00:00,64.63,4531.65,1106.68,297.1
2024-02-10 12:00:00+00:00,66.72,4516.98,1667.2,246.1
2024-02-10 13:00:00+00:00,69.53,4674.63,677.4,-286.4
2024-02-10 14:00:00+00:00,77.17,5017.18,303.63,-1307.9
2024-02-10 15:00:00+00:00,85.38,5288.13,97.9,-2214.5
2024-02-10 16:00:00+00:00,88.4,5535.93,0.03,-2536.3
2024-02-10 17:00:00+00:00,88.52,5575.3,0.0,-2564.6
2024-02-10 18:00:00+00:00,81.13,5515.2,0.0,-2446.6
2024-02-10 19:00:00+00:00,74.4,5361.68,0.0,-2384.8
2024-02-10 20:00:00+00:00,67.92,5147.68,0.0,-2283.0
2024-02-10 21:00:00+00:00,66.12,4926.6,0.0,-1872.6
2024-02-10 22:00:00+00:00,63.51,4679.08,0.0,-1817.8
2024-02-10 23:00:00+00:00,55.53,4460.75,0.0,-1851.2
2024-02-11 00:00:00+00:00,53.75,4278.5,0.0,-1725.8
2024-02-11 01:00:00+00:00,52.6,4142.4,0.0,-1487.8
2024-02-11 02:00:00+00:00,46.83,4048.58,0.0,-1421.2
2024-02-11 03:00:00+00:00,43.44,4086.45,0.0,-1466.9
2024-02-11 04:00:00+00:00,46.14,4215.73,0.0,-1652.0
2024-02-11 05:00:00+00:00,49.25,4441.23,0.0,-1936.9
2024-02-11 06:00:00+00:00,54.28,4643.5,75.45,-2019.9
2024-02-11 07:00:00+00:00,58.28,4715.3,216.5,-1760.4
2024-02-11 08:00:00+00:00,58.74,4667.95,350.55,-1596.2
2024-02-11 09:00:00+00:00,62.43,4496.23,388.83,-1160.8
2024-02-11 10:00:00+00:00,67.54,4476.6,760.55,-1090.2
2024-02-11 11:00:00+00:00,66.65,4440.73,813.98,-949.2
2024-02-11 12:00:00+00:00,62.19,4465.25,1162.2,-709.7
2024-02-11 13:00:00+00:00,63.34,4615.68,806.1,-899.2
2024-02-11 14:00:00+00:00,63.09,4847.85,470.9,-1565.4
2024-02-11 15:00:00+00:00,67.78,5156.93,75.68,-2317.8
2024-02-11 16:00:00+00:00,76.48,5491.35,0.33,-2700.0
2024-02-11 17:00:00+00:00,82.21,5622.13,0.0,-2700.0
2024-02-11 18:00:00+00:00,80.79,5639.15,0.0,-2700.0
2024-02-11 19:00:00+00:00,76.76,5479.48,0.0,-2655.7
2024-02-11 20:00:00+00:00,70.72,5233.75,0.0,-2478.2
2024-02-11 21:00:00+00:00,68.39,4977.8,0.0,-2047.4
2024-02-11 22:00:00+00:00,64.01,4717.3,0.0,-1901.8
2024-02-11 23:00:00+00:00,64.35,4220.43,0.0,-1324.5
2024-02-12 00:00:00+00:00,58.59,4068.13,0.0,-1251.6
2024-02-12 01:00:00+00:00,57.25,3988.53,0.0,-1112.0
2024-02-12 02:00:00+00:00,56.36,3952.6,0.0,-1089.2
2024-02-12 03:00:00+00:00,59.21,4076.43,0.0,-1214.2
2024-02-12 04:00:00+00:00,65.0,4547.98,0.0,-1711.5
2024-02-12 05:00:00+00:00,76.0,5362.83,1.38,-2162.9
2024-02-12 06:00:00+00:00,85.41,5653.33,109.28,-2234.0
2024-02-12 07:00:00+00:00,104.0,5569.48,364.13,-2042.8
2024-02-12 08:00:00+00:00,96.5,5505.4,647.88,-1536.7
2024-02-12 09:00:00+00:00,85.47,5484.33,1020.43,-1156.0
2024-02-12 10:00:00+00:00,81.01,5503.28,1048.48,-934.3
2024-02-12 11:00:00+00:00,73.94,5537.75,1083.78,-833.0
2024-02-12 12:00:00+00:00,72.01,5501.65,1095.18,-780.9
2024-02-12 13:00:00+00:00,76.25,5592.7,684.58,-1672.7
2024-02-12 14:00:00+00:00,80.77,5740.93,440.68,-2095.7
2024-02-12 15:00:00+00:00,84.48,5829.98,130.0,-2458.7
2024-02-12 16:00:00+00:00,91.36,5991.2,1.15,-2558.1
2024-02-12 17:00:00+00:00,96.0,6027.98,0.0,-2493.8
2024-02-12 18:00:00+00:00,89.08,5964.03,0.0,-2459.5
2024-02-12 19:00:00+00:00,79.15,5825.8,0.0,-2310.2
2024-02-12 20:00:00+00:00,71.54,5591.33,0.0,-2116.2
2024-02-12 21:00:00+00:00,65.87,5276.28,0.0,-1989.9
2024-02-12 22:00:00+00:00,61.9,5032.1,0.0,-1942.2
2024-02-12 23:00:00+00:00,68.59,4737.9,0.0,-1698.7
2024-02-13 00:00:00+00:00,65.37,4492.08,0.0,-1607.1
2024-02-13 01:00:00+00:00,63.41,4368.9,0.0,-1438.4
2024-02-13 02:00:00+00:00,60.49,4317.6,0.0,-1308.3
2024-02-13 03:00:00+00:00,60.06,4411.25,0.0,-1333.5
2024-02-13 04:00:00+00:00,63.59,4828.38,0.0,-1591.0
2024-02-13 05:00:00+00:00,71.29,5583.35,0.0,-1957.7
2024-02-13 06:00:00+00:00,89.6,5829.98,207.48,-1949.6
2024-02-13 07:00:00+00:00,89.28,5699.58,534.28,-1700.1
2024-02-13 08:00:00+00:00,75.12,5617.8,959.35,-1196.7
2024-02-13 09:00:00+00:00,69.21,5590.6,1400.23,-683.5
2024-02-13 10:00:00+00:00,63.87,5613.55,1367.68,-385.9
2024-02-13 11:00:00+00:00,60.53,5645.0,1465.35,-343.9
2024-02-13 12:00:00+00:00,60.26,5603.93,1781.35,-714.2
2024-02-13 13:00:00+00:00,63.1,5695.5,1051.45,-1185.1
2024-02-13 14:00:00+00:00,70.7,5852.65,689.95,-1556.8
2024-02-13 15:00:00+00:00,92.85,5957.73,203.23,-2098.3
2024-02-13 16:00:00+00:00,102.32,6136.73,3.38,-2347.5
2024-02-13 17:00:00+00:00,106.04,6175.85,0.0,-2322.1
2024-02-13 18:00:00+00:00,101.39,6092.0,0.0,-2325.5
2024-02-13 19:00:00+00:00,93.41,5933.05,0.0,-2280.1
2024-02-13 20:00:00+00:00,88.13,5695.53,0.0,-2209.7
2024-02-13 21:00:00+00:00,78.24,5414.88,0.0,-2064.2
2024-02-13 22:00:00+00:00,68.83,5180.68,0.0,-2080.2
2024-02-13 23:00:00+00:00,60.63,4846.88,0.0,-2117.2
2024-02-14 00:00:00+00:00,59.34,4615.35,0.0,-1802.7
2024-02-14 01:00:00+00:00,55.76,4446.15,0.0,-1594.4
2024-02-14 02:00:00+00:00,54.79,4396.43,0.0,-1433.2
2024-02-14 03:00:00+00:00,55.06,4519.28,0.0,-1598.7
2024-02-14 04:00:00+00:00,68.42,4942.35,0.0,-1894.2
2024-02-14 05:00:00+00:00,85.22,5645.93,4.7,-2067.8
2024-02-14 06:00:00+00:00,90.77,5936.83,379.33,-2137.4
2024-02-14 07:00:00+00:00,89.54,5843.85,1073.53,-1790.4
2024-02-14 08:00:00+00:00,69.65,5654.53,1745.6,-1009.1
2024-02-14 09:00:00+00:00,63.86,5421.8,2121.7,-549.9
2024-02-14 10:00:00+00:00,63.29,5170.73,2139.5,-328.6
2024-02-14 11:00:00+00:00,62.11,5326.45,2125.18,-17.2
2024-02-14 12:00:00+00:00,61.69,5669.68,2115.63,-6.6
2024-02-14 13:00:00+00:00,67.34,5728.28,1520.95,-459.3
2024-02-14 14:00:00+00:00,73.82,5839.85,920.95,-1171.3
2024-02-14 15:00:00+00:00,87.94,5967.78,188.38,-2028.2
2024-02-14 16:00:00+00:00,94.87,6177.5,2.18,-2700.0
2024-02-14 17:00:00+00:00,96.94,6238.05,0.0,-2700.0
2024-02-14 18:00:00+00:00,93.17,6186.25,0.0,-2700.0
2024-02-14 19:00:00+00:00,84.96,6035.28,0.0,-2591.9
2024-02-14 20:00:00+00:00,75.9,5814.55,0.0,-2588.9
2024-02-14 21:00:00+00:00,68.2,5509.88,0.0,-2625.3
2024-02-14 22:00:00+00:00,63.8,5269.78,0.0,-2480.4
2024-02-14 23:00:00+00:00,63.65,4890.2,0.0,-2268.5
2024-02-15 00:00:00+00:00,62.32,4686.65,0.0,-2020.4
2024-02-15 01:00:00+00:00,61.01,4517.55,0.0,-1874.9
2024-02-15 02:00:00+00:00,59.42,4465.85,0.0,-1762.3
2024-02-15 03:00:00+00:00,60.87,4615.1,0.0,-1922.1
2024-02-15 04:00:00+00:00,66.11,5105.93,0.0,-2232.4
2024-02-15 05:00:00+00:00,79.54,5814.83,4.4,-2484.2
2024-02-15 06:00:00+00:00,84.19,6031.48,239.15,-2494.4
2024-02-15 07:00:00+00:00,86.15,5817.3,654.08,-1935.4
2024-02-15 08:00:00+00:00,80.54,5424.78,1131.25,-1038.4
2024-02-15 09:00:00+00:00,77.09,5102.1,1309.08,-634.1
2024-02-15 10:00:00+00:00,73.5,4816.28,1731.78,-388.7
2024-02-15 11:00:00+00:00,73.23,4961.25,1756.2,-74.6
2024-02-15 12:00:00+00:00,75.77,5272.9,1836.35,-260.7
2024-02-15 13:00:00+00:00,70.24,5450.98,1212.45,-702.6
2024-02-15 14:00:00+00:00,76.32,5665.43,745.63,-1362.3
2024-02-15 15:00:00+00:00,88.93,5879.28,180.0,-2041.1
2024-02-15 16:00:00+00:00,94.38,6176.43,3.28,-2700.0
2024-02-15 17:00:00+00:00,95.1,6270.93,0.0,-2700.0
2024-02-15 18:00:00+00:00,89.37,6208.93,0.0,-2700.0
2024-02-15 19:00:00+00:00,82.32,6053.68,0.0,-2567.4
2024-02-15 20:00:00+00:00,76.94,5837.75,0.0,-2461.1
2024-02-15 21:00:00+00:00,69.64,5553.88,0.0,-2408.4
2024-02-15 22:00:00+00:00,63.36,5313.75,0.0,-2379.5
2024-02-15 23:00:00+00:00,51.76,4944.1,0.0,-2628.4
2024-02-16 00:00:00+00:00,51.08,4735.5,0.0,-2374.0
2024-02-16 01:00:00+00:00,49.92,4568.13,0.0,-2300.1
2024-02-16 02:00:00+00:00,48.63,4526.23,0.0,-2166.7
2024-02-16 03:00:00+00:00,50.45,4685.08,0.0,-2246.1
2024-02-16 04:00:00+00:00,52.75,5064.15,0.0,-2400.8
2024-02-16 05:00:00+00:00,76.6,5779.88,6.3,-2700.0
2024-02-16 06:00:00+00:00,77.92,5929.43,400.38,-2700.0
2024-02-16 07:00:00+00:00,70.5,5585.9,1062.55,-1902.3
2024-02-16 08:00:00+00:00,64.81,5139.13,1682.93,-890.0
2024-02-16 09:00:00+00:00,54.37,5144.23,2104.7,-198.4
2024-02-16 10:00:00+00:00,52.82,5289.8,2095.38,69.2
2024-02-16 11:00:00+00:00,52.4,5143.55,2097.85,195.2
2024-02-16 12:00:00+00:00,52.33,4904.85,2292.45,48.8
2024-02-16 13:00:00+00:00,53.79,5188.68,1578.0,-587.5
2024-02-16 14:00:00+00:00,62.71,5506.63,970.4,-1456.6
2024-02-16 15:00:00+00:00,70.1,5823.38,253.38,-2465.8
2024-02-16 16:00:00+00:00,79.87,6140.88,6.45,-2700.0
2024-02-16 17:00:00+00:00,78.02,6209.68,0.0,-2700.0
2024-02-16 18:00:00+00:00,77.83,6153.93,0.0,-2700.0
2024-02-16 19:00:00+00:00,72.78,5970.1,0.0,-2700.0
2024-02-16 20:00:00+00:00,69.65,5784.18,0.0,-2611.1
2024-02-16 21:00:00+00:00,68.4,5523.65,0.0,-2522.6
2024-02-16 22:00:00+00:00,62.86,5257.38,0.0,-2368.7
2024-02-16 23:00:00+00:00,67.36,4893.15,0.0,-2417.5
2024-02-17 00:00:00+00:00,61.75,4736.73,0.0,-2207.9
2024-02-17 01:00:00+00:00,60.03,4541.65,0.0,-2062.7
2024-02-17 02:00:00+00:00,55.58,4440.25,0.0,-1965.9
2024-02-17 03:00:00+00:00,55.11,4426.28,0.0,-2009.4
2024-02-17 04:00:00+00:00,60.04,4507.73,0.0,-2108.7
2024-02-17 05:00:00+00:00,58.84,4754.13,7.83,-2160.4
2024-02-17 06:00:00+00:00,60.92,5056.75,437.03,-2131.3
2024-02-17 07:00:00+00:00,65.42,5014.4,1096.55,-1720.6
2024-02-17 08:00:00+00:00,63.44,4892.15,1678.9,-1181.2
2024-02-17 09:00:00+00:00,62.89,4722.63,1893.1,-950.8
2024-02-17 10:00:00+00:00,62.0,4688.8,1674.83,-1018.7
2024-02-17 11:00:00+00:00,59.31,4750.73,1616.83,-1348.4
2024-02-17 12:00:00+00:00,55.57,4716.88,1560.1,-1282.5
2024-02-17 13:00:00+00:00,59.16,4837.33,1039.9,-1651.2
2024-02-17 14:00:00+00:00,67.18,5118.35,530.15,-2110.8
2024-02-17 15:00:00+00:00,76.24,5347.48,115.8,-2422.5
2024-02-17 16:00:00+00:00,87.27,5524.9,4.78,-2620.8
2024-02-17 17:00:00+00:00,118.46,5590.25,0.0,-2656.1
2024-02-17 18:00:00+00:00,89.57,5615.08,0.0,-2700.0
2024-02-17 19:00:00+00:00,80.41,5429.48,0.0,-2621.5
2024-02-17 20:00:00+00:00,74.3,5206.75,0.0,-2431.6
2024-02-17 21:00:00+00:00,72.05,4942.93,0.0,-2263.9
2024-02-17 22:00:00+00:00,69.11,4686.18,0.0,-2021.2
2024-02-17 23:00:00+00:00,62.15,4405.88,0.0,-1840.8
2024-02-18 00:00:00+00:00,54.81,4238.3,0.0,-1673.9
2024-02-18 01:00:00+00:00,51.4,4086.95,0.0,-1548.7
2024-02-18 02:00:00+00:00,50.22,4010.35,0.0,-1493.2
2024-02-18 03:00:00+00:00,49.98,4026.85,0.0,-1536.5
2024-02-18 04:00:00+00:00,48.47,4154.45,0.0,-1694.6
2024-02-18 05:00:00+00:00,46.02,4366.68,7.33,-1780.6
2024-02-18 06:00:00+00:00,48.97,4661.75,308.48,-1973.9
2024-02-18 07:00:00+00:00,47.28,4897.85,773.6,-1934.6
2024-02-18 08:00:00+00:00,43.03,5088.43,1237.75,-1760.7
2024-02-18 09:00:00+00:00,40.45,5142.7,1841.8,-1600.8
2024-02-18 10:00:00+00:00,41.0,5169.1,1607.88,-1451.0
2024-02-18 11:00:00+00:00,40.01,5042.5,1657.58,-1614.3
2024-02-18 12:00:00+00:00,39.7,4919.53,1768.18,-1541.4
2024-02-18 13:00:00+00:00,42.79,4957.75,1179.1,-1672.3
2024-02-18 14:00:00+00:00,52.76,5050.45,766.65,-2010.7
2024-02-18 15:00:00+00:00,60.32,5214.55,224.03,-2310.9
2024-02-18 16:00:00+00:00,69.28,5452.23,8.35,-2639.4
2024-02-18 17:00:00+00:00,71.99,5607.0,0.0,-2700.0
2024-02-18 18:00:00+00:00,70.24,5654.3,0.0,-2700.0
2024-02-18 19:00:00+00:00,64.71,5505.25,0.0,-2677.1
2024-02-18 20:00:00+00:00,59.83,5241.5,0.0,-2442.4
2024-02-18 21:00:00+00:00,57.33,4946.68,0.0,-2263.3
2024-02-18 22:00:00+00:00,53.94,4670.88,0.0,-2058.7
2024-02-18 23:00:00+00:00,44.0,4455.13,0.0,-2353.3
2024-02-19 00:00:00+00:00,44.76,4300.1,0.0,-2200.5
2024-02-19 01:00:00+00:00,44.85,4205.45,0.0,-2151.7
2024-02-19 02:00:00+00:00,43.91,4193.4,0.0,-2050.0
2024-02-19 03:00:00+00:00,44.92,4371.4,0.0,-2106.8
2024-02-19 04:00:00+00:00,51.57,4851.05,0.0,-2191.3
2024-02-19 05:00:00+00:00,69.62,5637.0,10.18,-2660.3
2024-02-19 06:00:00+00:00,79.64,5776.3,183.95,-2199.0
2024-02-19 07:00:00+00:00,85.96,5463.65,533.43,-2071.1
2024-02-19 08:00:00+00:00,76.64,5105.93,777.43,-1332.1
2024-02-19 09:00:00+00:00,74.44,4810.28,942.0,-924.7
2024-02-19 10:00:00+00:00,74.93,4729.0,1092.23,-789.8
2024-02-19 11:00:00+00:00,73.43,4717.28,1001.4,-584.4
2024-02-19 12:00:00+00:00,74.71,4722.13,652.8,-628.3
2024-02-19 13:00:00+00:00,74.02,4978.35,426.0,-1111.6
2024-02-19 14:00:00+00:00,76.47,5342.33,269.5,-1891.2
2024-02-19 15:00:00+00:00,78.78,5716.7,106.1,-2199.0
2024-02-19 16:00:00+00:00,83.08,6069.33,4.05,-2199.0
2024-02-19 17:00:00+00:00,95.49,6204.08,0.0,-2199.0
2024-02-19 18:00:00+00:00,83.57,6131.33,0.0,-2199.0
2024-02-19 19:00:00+00:00,75.51,5976.08,0.0,-2199.0
2024-02-19 20:00:00+00:00,68.68,5763.98,0.0,-2199.0
2024-02-19 21:00:00+00:00,66.27,5524.25,0.0,-2199.0
2024-02-19 22:00:00+00:00,59.07,5284.23,0.0,-2199.0
2024-02-19 23:00:00+00:00,58.06,4916.03,0.0,-2626.9
2024-02-20 00:00:00+00:00,54.32,4667.53,0.0,-2403.4
2024-02-20 01:00:00+00:00,53.96,4509.6,0.0,-2338.1
2024-02-20 02:00:00+00:00,53.57,4487.1,0.0,-2209.6
2024-02-20 03:00:00+00:00,53.03,4656.53,0.0,-2315.4
2024-02-20 04:00:00+00:00,54.78,5107.03,0.0,-2323.8
2024-02-20 05:00:00+00:00,70.27,5811.0,6.58,-2199.0
2024-02-20 06:00:00+00:00,86.6,5928.58,398.3,-2199.0
2024-02-20 07:00:00+00:00,89.9,5513.7,983.03,-1779.1
2024-02-20 08:00:00+00:00,78.38,5136.85,1510.18,-868.3
2024-02-20 09:00:00+00:00,69.87,4997.4,1544.33,-0.7
2024-02-20 10:00:00+00:00,61.15,5567.58,1766.08,101.0
2024-02-20 11:00:00+00:00,54.44,5383.68,1730.93,101.0
2024-02-20 12:00:00+00:00,53.51,4700.75,1593.78,55.7
2024-02-20 13:00:00+00:00,53.86,4974.63,1180.6,-628.5
2024-02-20 14:00:00+00:00,63.56,5350.35,734.45,-1588.2
2024-02-20 15:00:00+00:00,72.7,5787.88,240.05,-2199.0
2024-02-20 16:00:00+00:00,81.2,6251.6,10.5,-2199.0
2024-02-20 17:00:00+00:00,82.58,6323.43,0.0,-2199.0
2024-02-20 18:00:00+00:00,83.6,6264.3,0.0,-2199.0
2024-02-20 19:00:00+00:00,79.9,6051.58,0.0,-2199.0
2024-02-20 20:00:00+00:00,72.03,5831.08,0.0,-2199.0
2024-02-20 21:00:00+00:00,69.53,5599.6,0.0,-2199.0
2024-02-20 22:00:00+00:00,57.16,5363.7,0.0,-2199.0
2024-02-20 23:00:00+00:00,51.97,4980.98,0.0,-1876.2
2024-02-21 00:00:00+00:00,48.72,4706.38,0.0,-1752.4
2024-02-21 01:00:00+00:00,46.87,4540.5,0.0,-1657.0
2024-02-21 02:00:00+00:00,44.82,4499.88,0.0,-1496.7
2024-02-21 03:00:00+00:00,45.48,4669.0,0.0,-1544.6
2024-02-21 04:00:00+00:00,50.16,5103.35,0.0,-1579.4
2024-02-21 05:00:00+00:00,72.62,5830.1,9.55,-2054.9
2024-02-21 06:00:00+00:00,82.51,5980.8,311.85,-2051.8
2024-02-21 07:00:00+00:00,84.64,5841.5,874.93,-1622.4
2024-02-21 08:00:00+00:00,69.77,5672.48,1316.78,-1216.8
2024-02-21 09:00:00+00:00,64.1,5430.4,1763.05,-1221.8
2024-02-21 10:00:00+00:00,60.39,5138.48,1668.88,-1029.1
2024-02-21 11:00:00+00:00,53.01,5268.43,1622.2,-1138.2
2024-02-21 12:00:00+00:00,52.09,5604.18,1513.08,-1063.9
2024-02-21 13:00:00+00:00,58.87,5699.28,885.6,-1316.1
2024-02-21 14:00:00+00:00,66.18,5859.33,570.03,-1589.7
2024-02-21 15:00:00+00:00,70.44,5962.1,230.4,-2087.3
2024-02-21 16:00:00+00:00,83.88,6160.53,11.48,-2199.0
2024-02-21 17:00:00+00:00,91.75,6320.68,0.0,-2107.4
2024-02-21 18:00:00+00:00,81.53,6310.03,0.0,-2199.0
2024-02-21 19:00:00+00:00,76.41,6151.65,0.0,-2095.8
2024-02-21 20:00:00+00:00,74.51,5911.13,0.0,-1924.9
2024-02-21 21:00:00+00:00,72.77,5622.1,0.0,-1886.8
2024-02-21 22:00:00+00:00,43.77,5348.13,0.0,-1633.2
2024-02-21 23:00:00+00:00,41.84,5062.48,0.0,-2146.6
2024-02-22 00:00:00+00:00,40.64,4785.75,0.0,-1946.3
2024-02-22 01:00:00+00:00,41.62,4619.88,0.0,-1852.5
2024-02-22 02:00:00+00:00,40.29,4565.45,0.0,-1753.7
2024-02-22 03:00:00+00:00,42.43,4721.53,0.0,-1733.1
2024-02-22 04:00:00+00:00,50.9,5122.43,0.0,-1836.5
2024-02-22 05:00:00+00:00,71.26,5842.0,8.3,-2199.0
2024-02-22 06:00:00+00:00,80.2,5978.2,355.68,-2199.0
2024-02-22 07:00:00+00:00,80.47,5617.0,800.43,-1944.6
2024-02-22 08:00:00+00:00,72.21,5348.18,1157.03,-1625.8
2024-02-22 09:00:00+00:00,69.03,5176.4,1576.08,-1233.3
2024-02-22 10:00:00+00:00,66.64,5135.03,1428.43,-1049.7
2024-02-22 11:00:00+00:00,65.96,5139.6,1389.3,-961.6
2024-02-22 12:00:00+00:00,66.2,5105.18,1717.3,-1133.6
2024-02-22 13:00:00+00:00,67.09,5309.15,594.5,-1841.0
2024-02-22 14:00:00+00:00,69.68,5555.65,391.08,-2058.7
2024-02-22 15:00:00+00:00,71.34,5803.15,166.75,-2199.0
2024-02-22 16:00:00+00:00,73.73,6148.18,5.75,-2700.0
2024-02-22 17:00:00+00:00,72.72,6288.03,0.0,-2700.0
2024-02-22 18:00:00+00:00,70.08,6204.98,0.0,-2700.0
2024-02-22 19:00:00+00:00,53.07,6006.85,0.0,-2700.0
2024-02-22 20:00:00+00:00,46.54,5770.03,0.0,-2700.0
2024-02-22 21:00:00+00:00,21.98,5531.1,0.0,-2700.0
2024-02-22 22:00:00+00:00,10.43,5282.45,0.0,-2205.8
2024-02-22 23:00:00+00:00,11.39,4999.6,0.0,-2236.6
2024-02-23 00:00:00+00:00,19.96,4725.88,0.0,-2085.9
2024-02-23 01:00:00+00:00,13.08,4525.43,0.0,-2091.8
2024-02-23 02:00:00+00:00,10.38,4460.18,0.0,-1921.7
2024-02-23 03:00:00+00:00,17.06,4633.7,0.0,-1916.9
2024-02-23 04:00:00+00:00,54.06,5003.43,0.0,-2052.4
2024-02-23 05:00:00+00:00,71.1,5702.1,3.23,-2669.9
2024-02-23 06:00:00+00:00,79.85,5846.18,65.18,-2700.0
2024-02-23 07:00:00+00:00,76.96,5594.6,217.48,-2700.0
2024-02-23 08:00:00+00:00,72.78,5344.83,455.9,-2641.2
2024-02-23 09:00:00+00:00,62.25,5136.33,696.5,-2247.0
2024-02-23 10:00:00+00:00,59.29,5181.83,506.7,-1947.2
2024-02-23 11:00:00+00:00,58.13,5187.03,622.3,-1869.8
2024-02-23 12:00:00+00:00,56.6,5111.68,370.73,-1786.4
2024-02-23 13:00:00+00:00,64.48,5191.43,449.0,-2054.0
2024-02-23 14:00:00+00:00,67.49,5429.15,269.68,-2281.9
2024-02-23 15:00:00+00:00,73.72,5761.98,128.35,-2476.7
2024-02-23 16:00:00+00:00,79.63,6118.95,3.1,-2664.5
2024-02-23 17:00:00+00:00,86.44,6168.88,0.0,-2700.0
2024-02-23 18:00:00+00:00,84.01,6048.95,0.0,-2700.0
2024-02-23 19:00:00+00:00,72.97,5875.3,0.0,-2624.0
2024-02-23 20:00:00+00:00,69.26,5648.6,0.0,-2700.0
2024-02-23 21:00:00+00:00,67.98,5425.73,0.0,-2404.5
2024-02-23 22:00:00+00:00,65.1,5147.2,0.0,-1881.2
2024-02-23 23:00:00+00:00,66.47,4845.48,0.0,-2445.4
2024-02-24 00:00:00+00:00,63.9,4505.05,0.0,-2288.0
2024-02-24 01:00:00+00:00,59.5,4343.28,0.0,-2207.7
2024-02-24 02:00:00+00:00,55.2,4264.53,0.0,-2101.0
2024-02-24 03:00:00+00:00,55.39,4355.88,0.0,-2207.0
2024-02-24 04:00:00+00:00,57.1,4493.2,0.0,-2362.8
2024-02-24 05:00:00+00:00,61.67,4706.4,8.6,-2364.0
2024-02-24 06:00:00+00:00,66.11,4812.48,118.18,-2439.2
2024-02-24 07:00:00+00:00,64.4,4686.53,390.8,-2037.3
2024-02-24 08:00:00+00:00,57.6,4469.4,655.73,-1264.3
2024-02-24 09:00:00+00:00,49.66,4325.13,811.78,-789.6
2024-02-24 10:00:00+00:00,46.89,4416.93,1007.75,-805.7
2024-02-24 11:00:00+00:00,40.5,4510.83,971.65,-1185.4
2024-02-24 12:00:00+00:00,32.22,4594.98,864.85,-1219.4
2024-02-24 13:00:00+00:00,37.6,4772.73,531.4,-1854.9
2024-02-24 14:00:00+00:00,45.0,5025.45,309.65,-2407.3
2024-02-24 15:00:00+00:00,55.97,5244.75,150.65,-2700.0
2024-02-24 16:00:00+00:00,70.75,5402.9,7.08,-2700.0
2024-02-24 17:00:00+00:00,78.61,5512.43,0.0,-2700.0
2024-02-24 18:00:00+00:00,74.13,5480.53,0.0,-2700.0
2024-02-24 19:00:00+00:00,65.17,5354.15,0.0,-2700.0
2024-02-24 20:00:00+00:00,59.94,5120.63,0.0,-2700.0
2024-02-24 21:00:00+00:00,56.69,4851.38,0.0,-2689.4
2024-02-24 22:00:00+00:00,52.87,4604.08,0.0,-2482.0
2024-02-24 23:00:00+00:00,56.57,4358.53,0.0,-2100.1
2024-02-25 00:00:00+00:00,55.44,4170.45,0.0,-2100.1
2024-02-25 01:00:00+00:00,55.39,4026.98,0.0,-1996.4
2024-02-25 02:00:00+00:00,54.89,3968.48,0.0,-1818.1
2024-02-25 03:00:00+00:00,55.19,3992.58,0.0,-1880.2
2024-02-25 04:00:00+00:00,55.07,4112.48,0.0,-2038.3
2024-02-25 05:00:00+00:00,56.78,4303.38,14.8,-2043.8
2024-02-25 06:00:00+00:00,59.92,4476.85,420.0,-2035.0
2024-02-25 07:00:00+00:00,62.14,4487.4,815.35,-1605.4
2024-02-25 08:00:00+00:00,62.23,4485.45,1273.4,-972.8
2024-02-25 09:00:00+00:00,56.24,4444.98,1788.4,-427.3
2024-02-25 10:00:00+00:00,54.08,4373.23,1355.23,-129.7
2024-02-25 11:00:00+00:00,50.0,4313.4,1356.18,-259.2
2024-02-25 12:00:00+00:00,46.03,4208.58,1132.23,-391.7
2024-02-25 13:00:00+00:00,49.84,4283.5,1111.4,-1003.2
2024-02-25 14:00:00+00:00,55.0,4503.85,668.05,-1693.5
2024-02-25 15:00:00+00:00,66.93,4861.9,135.05,-2370.4
2024-02-25 16:00:00+00:00,79.36,5242.15,10.28,-2700.0
2024-02-25 17:00:00+00:00,90.86,5491.28,0.0,-2700.0
2024-02-25 18:00:00+00:00,78.88,5546.98,0.0,-2700.0
2024-02-25 19:00:00+00:00,69.95,5400.73,0.0,-2700.0
2024-02-25 20:00:00+00:00,65.78,5115.83,0.0,-2549.3
2024-02-25 21:00:00+00:00,65.23,4840.18,0.0,-2402.4
2024-02-25 22:00:00+00:00,58.38,4579.7,0.0,-2218.1
2024-02-25 23:00:00+00:00,57.83,4326.03,0.0,-1739.2
2024-02-26 00:00:00+00:00,56.82,4170.83,0.0,-1672.9
2024-02-26 01:00:00+00:00,53.52,4100.2,0.0,-1513.6
2024-02-26 02:00:00+00:00,51.8,4073.48,0.0,-1450.4
2024-02-26 03:00:00+00:00,53.21,4200.43,0.0,-1590.2
2024-02-26 04:00:00+00:00,57.92,4667.73,0.0,-2017.8
2024-02-26 05:00:00+00:00,69.34,5430.0,28.45,-1900.0
2024-02-26 06:00:00+00:00,79.26,5776.23,419.9,-1900.0
2024-02-26 07:00:00+00:00,81.6,5793.0,995.05,-1900.0
2024-02-26 08:00:00+00:00,73.83,5746.6,1495.98,-1878.6
2024-02-26 09:00:00+00:00,66.65,5678.28,1928.08,-1578.3
2024-02-26 10:00:00+00:00,65.03,5694.55,2062.65,-1525.1
2024-02-26 11:00:00+00:00,58.42,5730.08,2041.05,-1487.5
2024-02-26 12:00:00+00:00,58.19,5743.7,2093.23,-1353.3
2024-02-26 13:00:00+00:00,61.29,5801.05,1379.13,-1866.5
2024-02-26 14:00:00+00:00,64.95,5842.75,882.08,-1900.0
2024-02-26 15:00:00+00:00,69.92,5875.25,296.08,-1900.0
2024-02-26 16:00:00+00:00,77.33,5971.98,21.98,-1900.0
2024-02-26 17:00:00+00:00,87.38,6044.25,0.0,-1900.0
2024-02-26 18:00:00+00:00,87.13,6008.23,0.0,-1900.0
2024-02-26 19:00:00+00:00,82.32,5876.83,0.0,-1900.0
2024-02-26 20:00:00+00:00,70.78,5646.5,0.0,-1900.0
2024-02-26 21:00:00+00:00,65.21,5331.75,0.0,-1900.0
2024-02-26 22:00:00+00:00,60.76,5064.88,0.0,-1900.0
2024-02-26 23:00:00+00:00,57.62,4761.8,0.0,-1777.8
2024-02-27 00:00:00+00:00,57.55,4544.2,0.0,-1601.7
2024-02-27 01:00:00+00:00,57.35,4415.7,0.0,-1346.3
2024-02-27 02:00:00+00:00,56.87,4342.73,0.0,-1249.8
2024-02-27 03:00:00+00:00,57.35,4460.5,0.0,-1405.0
2024-02-27 04:00:00+00:00,64.85,4801.48,0.0,-1907.4
2024-02-27 05:00:00+00:00,80.81,5509.68,23.3,-1900.0
2024-02-27 06:00:00+00:00,93.42,5848.5,401.48,-1900.0
2024-02-27 07:00:00+00:00,95.35,5832.6,984.65,-1900.0
2024-02-27 08:00:00+00:00,80.81,5632.08,1502.3,-1365.1
2024-02-27 09:00:00+00:00,68.71,5394.83,1781.1,-994.7
2024-02-27 10:00:00+00:00,64.68,4990.9,1635.18,-1218.7
2024-02-27 11:00:00+00:00,59.01,5138.78,1574.55,-1165.3
2024-02-27 12:00:00+00:00,59.01,5733.45,1826.68,-1128.3
2024-02-27 13:00:00+00:00,64.15,5787.35,1327.23,-1758.6
2024-02-27 14:00:00+00:00,70.72,5835.2,779.5,-1900.0
2024-02-27 15:00:00+00:00,77.34,5764.3,232.15,-1900.0
2024-02-27 16:00:00+00:00,99.62,5860.18,15.05,-1900.0
2024-02-27 17:00:00+00:00,111.39,6032.5,0.0,-1900.0
2024-02-27 18:00:00+00:00,105.17,6022.38,0.0,-1900.0
2024-02-27 19:00:00+00:00,89.66,5893.23,0.0,-1900.0
2024-02-27 20:00:00+00:00,83.12,5655.53,0.0,-1900.0
2024-02-27 21:00:00+00:00,72.36,5343.45,0.0,-1877.4
2024-02-27 22:00:00+00:00,64.97,5054.05,0.0,-1259.9
2024-02-27 23:00:00+00:00,60.36,4749.58,0.0,-1590.2
2024-02-28 00:00:00+00:00,59.4,4513.38,0.0,-1386.1
2024-02-28 01:00:00+00:00,61.34,4343.15,0.0,-1091.4
2024-02-28 02:00:00+00:00,63.46,4302.8,0.0,-1047.5
2024-02-28 03:00:00+00:00,66.23,4423.58,0.0,-1197.2
2024-02-28 04:00:00+00:00,70.4,4823.45,0.0,-1724.8
2024-02-28 05:00:00+00:00,84.37,5486.68,26.83,-1900.0
2024-02-28 06:00:00+00:00,96.79,5707.48,390.9,-1900.0
2024-02-28 07:00:00+00:00,104.49,5535.18,975.78,-1073.2
2024-02-28 08:00:00+00:00,85.46,5296.3,1490.38,-53.8
2024-02-28 09:00:00+00:00,73.99,5007.95,1759.65,596.3
2024-02-28 10:00:00+00:00,67.55,4858.65,1684.78,828.9
2024-02-28 11:00:00+00:00,63.93,4903.45,1680.25,896.8
2024-02-28 12:00:00+00:00,65.36,5014.75,1867.88,437.3
2024-02-28 13:00:00+00:00,66.3,5112.33,1283.25,-277.6
2024-02-28 14:00:00+00:00,76.18,5330.88,769.25,-907.7
2024-02-28 15:00:00+00:00,83.36,5587.05,346.53,-1726.3
2024-02-28 16:00:00+00:00,92.9,5864.58,19.55,-1900.0
2024-02-28 17:00:00+00:00,98.03,6055.43,0.0,-1900.0
2024-02-28 18:00:00+00:00,90.93,6054.18,0.0,-1900.0
2024-02-28 19:00:00+00:00,84.43,5905.28,0.0,-1900.0
2024-02-28 20:00:00+00:00,81.09,5652.03,0.0,-1900.0
2024-02-28 21:00:00+00:00,73.45,5371.63,0.0,-1900.0
2024-02-28 22:00:00+00:00,62.01,5086.48,0.0,-1900.0
2024-02-28 23:00:00+00:00,63.2,4780.58,0.0,-1861.1
2024-02-29 00:00:00+00:00,61.88,4530.7,0.0,-1862.8
2024-02-29 01:00:00+00:00,59.79,4371.83,0.0,-1695.9
2024-02-29 02:00:00+00:00,58.36,4332.4,0.0,-1550.6
2024-02-29 03:00:00+00:00,58.93,4464.13,0.0,-1608.3
2024-02-29 04:00:00+00:00,65.03,4855.2,0.0,-1793.7
2024-02-29 05:00:00+00:00,79.76,5510.88,38.15,-1900.0
2024-02-29 06:00:00+00:00,86.66,5681.43,500.73,-1900.0
2024-02-29 07:00:00+00:00,83.7,5493.95,1050.65,-1246.3
2024-02-29 08:00:00+00:00,73.3,5162.58,1587.33,-408.4
2024-02-29 09:00:00+00:00,61.76,4878.08,2085.2,256.4
2024-02-29 10:00:00+00:00,56.63,4868.55,1962.98,404.8
2024-02-29 11:00:00+00:00,54.5,4888.38,1887.33,394.7
2024-02-29 12:00:00+00:00,56.19,4931.13,1874.35,153.1
2024-02-29 13:00:00+00:00,61.83,5093.83,1325.05,-528.1
2024-02-29 14:00:00+00:00,68.36,5343.15,785.5,-1316.1
2024-02-29 15:00:00+00:00,78.7,5560.88,280.08,-1841.0
2024-02-29 16:00:00+00:00,84.38,5816.95,28.58,-1900.0
2024-02-29 17:00:00+00:00,86.26,6016.38,0.0,-1900.0
2024-02-29 18:00:00+00:00,80.99,5994.13,0.0,-1900.0
2024-02-29 19:00:00+00:00,72.77,5849.45,0.0,-1900.0
2024-02-29 20:00:00+00:00,67.25,5608.55,0.0,-1900.0
2024-02-29 21:00:00+00:00,64.9,5326.6,0.0,-1900.0
2024-02-29 22:00:00+00:00,60.9,5048.23,0.0,-1900.0
2024-02-29 23:00:00+00:00,62.04,4759.63,0.0,-2242.9
2024-03-01 00:00:00+00:00,61.42,4512.75,0.0,-2242.9
2024-03-01 01:00:00+00:00,58.14,4351.13,0.0,-2130.1
2024-03-01 02:00:00+00:00,57.83,4303.28,0.0,-2002.1
2024-03-01 03:00:00+00:00,58.3,4424.58,0.0,-2063.7
2024-03-01 04:00:00+00:00,62.49,4814.63,0.0,-2197.9
2024-03-01 05:00:00+00:00,71.58,5439.33,22.13,-2000.0
2024-03-01 06:00:00+00:00,79.36,5611.85,259.28,-1980.0
2024-03-01 07:00:00+00:00,85.21,5379.43,506.65,-1980.0
2024-03-01 08:00:00+00:00,76.29,5094.55,563.95,-1941.6
2024-03-01 09:00:00+00:00,66.72,4830.93,732.1,-1639.9
2024-03-01 10:00:00+00:00,65.89,4807.25,739.58,-1504.0
2024-03-01 11:00:00+00:00,63.83,4846.33,834.08,-1297.3
2024-03-01 12:00:00+00:00,63.75,4893.93,677.8,-1054.3
2024-03-01 13:00:00+00:00,67.03,4966.65,815.63,-1141.0
2024-03-01 14:00:00+00:00,70.89,5204.7,593.3,-1556.2
2024-03-01 15:00:00+00:00,75.85,5509.7,177.13,-1980.0
2024-03-01 16:00:00+00:00,88.41,5799.78,11.8,-1980.0
2024-03-01 17:00:00+00:00,92.49,5977.48,0.0,-1980.0
2024-03-01 18:00:00+00:00,87.19,5897.68,0.0,-1980.0
2024-03-01 19:00:00+00:00,77.49,5701.58,0.0,-1980.0
2024-03-01 20:00:00+00:00,71.62,5504.05,0.0,-1980.0
2024-03-01 21:00:00+00:00,70.06,5258.15,0.0,-1980.0
2024-03-01 22:00:00+00:00,66.39,5001.25,0.0,-1980.0
2024-03-01 23:00:00+00:00,59.95,4773.83,0.0,-2208.6
2024-03-02 00:00:00+00:00,56.03,4518.83,0.0,-2208.6
2024-03-02 01:00:00+00:00,56.02,4373.0,0.0,-2208.6
2024-03-02 02:00:00+00:00,55.48,4275.43,0.0,-2113.0
2024-03-02 03:00:00+00:00,54.88,4286.03,0.0,-2095.5
2024-03-02 04:00:00+00:00,55.99,4397.75,0.0,-2208.6
2024-03-02 05:00:00+00:00,56.58,4615.38,23.05,-2457.2
2024-03-02 06:00:00+00:00,60.67,4879.68,210.33,-2580.0
2024-03-02 07:00:00+00:00,63.76,4937.35,557.0,-2400.9
2024-03-02 08:00:00+00:00,65.75,4842.35,844.03,-2306.4
2024-03-02 09:00:00+00:00,60.44,4843.8,1074.7,-2470.8
2024-03-02 10:00:00+00:00,59.69,4892.25,904.63,-2415.2
2024-03-02 11:00:00+00:00,56.15,4919.93,1003.65,-2265.8
2024-03-02 12:00:00+00:00,54.9,4804.48,1231.18,-2105.8
2024-03-02 13:00:00+00:00,59.86,4878.43,1068.4,-2077.3
2024-03-02 14:00:00+00:00,66.08,4995.15,743.15,-2237.0
2024-03-02 15:00:00+00:00,73.0,5186.23,315.5,-2424.3
2024-03-02 16:00:00+00:00,81.09,5332.28,33.4,-2580.0
2024-03-02 17:00:00+00:00,93.6,5454.75,0.0,-2580.0
2024-03-02 18:00:00+00:00,89.9,5480.08,0.0,-2600.0
2024-03-02 19:00:00+00:00,76.98,5338.08,0.0,-2600.0
2024-03-02 20:00:00+00:00,70.26,5092.65,0.0,-2600.0
2024-03-02 21:00:00+00:00,64.28,4816.13,0.0,-2600.0
2024-03-02 22:00:00+00:00,58.58,4582.9,0.0,-2271.3
2024-03-02 23:00:00+00:00,55.59,4327.5,0.0,-1882.0
2024-03-03 00:00:00+00:00,55.42,4130.73,0.0,-1752.9
2024-03-03 01:00:00+00:00,55.35,3982.73,0.0,-1619.0
2024-03-03 02:00:00+00:00,55.87,3937.65,0.0,-1498.0
2024-03-03 03:00:00+00:00,55.34,3969.15,0.0,-1482.0
2024-03-03 04:00:00+00:00,56.36,4107.43,0.0,-1677.7
2024-03-03 05:00:00+00:00,57.15,4279.25,56.3,-1851.4
2024-03-03 06:00:00+00:00,58.37,4491.53,532.7,-1779.8
2024-03-03 07:00:00+00:00,56.74,4556.0,1151.4,-1496.8
2024-03-03 08:00:00+00:00,56.04,4574.63,1715.13,-1427.8
2024-03-03 09:00:00+00:00,54.22,4527.9,2112.63,-969.7
2024-03-03 10:00:00+00:00,51.76,4376.4,2376.6,-343.7
2024-03-03 11:00:00+00:00,48.23,4344.5,2419.1,-207.5
2024-03-03 12:00:00+00:00,42.51,4438.5,2197.85,-349.9
2024-03-03 13:00:00+00:00,46.84,4504.93,1626.65,-699.1
2024-03-03 14:00:00+00:00,54.24,4680.58,1088.03,-1363.5
2024-03-03 15:00:00+00:00,60.28,4927.6,491.35,-1963.6
2024-03-03 16:00:00+00:00,75.01,5143.08,53.63,-2536.8
2024-03-03 17:00:00+00:00,83.44,5403.83,0.0,-2600.0
2024-03-03 18:00:00+00:00,86.96,5521.53,0.0,-2600.0
2024-03-03 19:00:00+00:00,81.8,5407.75,0.0,-2600.0
2024-03-03 20:00:00+00:00,75.0,5138.0,0.0,-2600.0
2024-03-03 21:00:00+00:00,72.18,4819.93,0.0,-2328.1
2024-03-03 22:00:00+00:00,72.42,4536.85,0.0,-1947.2
2024-03-03 23:00:00+00:00,69.13,4197.78,0.0,-1820.8
2024-03-04 00:00:00+00:00,67.9,4013.45,0.0,-1695.5
2024-03-04 01:00:00+00:00,67.41,3923.6,0.0,-1540.3
2024-03-04 02:00:00+00:00,66.22,3888.3,0.0,-1420.7
2024-03-04 03:00:00+00:00,65.59,4046.75,0.0,-1516.2
2024-03-04 04:00:00+00:00,70.83,4491.9,0.0,-1940.3
2024-03-04 05:00:00+00:00,81.18,5226.9,82.58,-2408.2
2024-03-04 06:00:00+00:00,96.67,5533.25,679.48,-2130.5
2024-03-04 07:00:00+00:00,102.97,5561.1,1331.08,-1511.9
2024-03-04 08:00:00+00:00,85.02,5458.13,1912.6,-798.7
2024-03-04 09:00:00+00:00,57.43,5327.95,2487.18,-422.6
2024-03-04 10:00:00+00:00,55.42,5251.7,2245.03,-476.3
2024-03-04 11:00:00+00:00,56.91,5313.43,2196.03,-406.2
2024-03-04 12:00:00+00:00,59.66,5203.6,2338.6,-347.3
2024-03-04 13:00:00+00:00,62.5,5292.9,1595.68,-803.4
2024-03-04 14:00:00+00:00,69.86,5453.88,1022.1,-1520.7
2024-03-04 15:00:00+00:00,78.32,5560.45,520.53,-2331.8
2024-03-04 16:00:00+00:00,91.69,5729.4,44.73,-2600.0
2024-03-04 17:00:00+00:00,105.18,5940.35,0.0,-2600.0
2024-03-04 18:00:00+00:00,99.13,5964.35,0.0,-2600.0
2024-03-04 19:00:00+00:00,80.52,5817.8,0.0,-2600.0
2024-03-04 20:00:00+00:00,71.39,5579.48,0.0,-2600.0
2024-03-04 21:00:00+00:00,67.58,5271.43,0.0,-2600.0
2024-03-04 22:00:00+00:00,63.93,5019.23,0.0,-2587.0
2024-03-04 23:00:00+00:00,61.96,4631.63,0.0,-2257.1
2024-03-05 00:00:00+00:00,61.67,4385.75,0.0,-2125.0
2024-03-05 01:00:00+00:00,61.33,4247.15,0.0,-1896.5
2024-03-05 02:00:00+00:00,59.86,4190.83,0.0,-1803.9
2024-03-05 03:00:00+00:00,60.56,4321.83,0.0,-1888.6
2024-03-05 04:00:00+00:00,61.67,4705.43,0.0,-2123.7
2024-03-05 05:00:00+00:00,71.53,5351.03,68.05,-2435.2
2024-03-05 06:00:00+00:00,79.28,5632.9,590.83,-2109.3
2024-03-05 07:00:00+00:00,83.02,5606.0,1252.58,-1590.6
2024-03-05 08:00:00+00:00,77.0,5481.93,1864.58,-521.2
2024-03-05 09:00:00+00:00,71.15,5007.08,2089.7,151.5
2024-03-05 10:00:00+00:00,69.72,4545.7,2283.25,326.0
2024-03-05 11:00:00+00:00,67.99,4748.33,2278.4,282.1
2024-03-05 12:00:00+00:00,68.6,5242.43,2027.4,248.0
2024-03-05 13:00:00+00:00,71.99,5355.3,1529.35,-481.5
2024-03-05 14:00:00+00:00,75.52,5526.95,1016.03,-1303.6
2024-03-05 15:00:00+00:00,77.5,5522.93,447.05,-2051.3
2024-03-05 16:00:00+00:00,92.87,5669.9,58.18,-2600.0
2024-03-05 17:00:00+00:00,107.27,5960.08,0.0,-2600.0
2024-03-05 18:00:00+00:00,115.23,6014.8,0.0,-2600.0
2024-03-05 19:00:00+00:00,95.15,5871.28,0.0,-2600.0
2024-03-05 20:00:00+00:00,84.13,5623.7,0.0,-2445.7
2024-03-05 21:00:00+00:00,77.75,5318.15,0.0,-2311.1
2024-03-05 22:00:00+00:00,72.02,5035.28,0.0,-2139.5
2024-03-05 23:00:00+00:00,71.0,4669.38,0.0,-1833.7
2024-03-06 00:00:00+00:00,70.7,4439.83,0.0,-1552.3
2024-03-06 01:00:00+00:00,70.46,4256.68,0.0,-1324.8
2024-03-06 02:00:00+00:00,69.74,4208.85,0.0,-1287.6
2024-03-06 03:00:00+00:00,70.46,4389.1,0.0,-1410.1
2024-03-06 04:00:00+00:00,73.91,4797.38,0.0,-1703.5
2024-03-06 05:00:00+00:00,83.98,5388.95,72.03,-2129.7
2024-03-06 06:00:00+00:00,106.64,5470.75,645.08,-1569.6
2024-03-06 07:00:00+00:00,108.7,5179.23,1165.3,-390.5
2024-03-06 08:00:00+00:00,87.21,4894.38,1633.73,433.9
2024-03-06 09:00:00+00:00,69.24,4577.98,2096.8,730.2
2024-03-06 10:00:00+00:00,66.33,4416.78,2093.08,922.0
2024-03-06 11:00:00+00:00,69.21,4477.33,2018.63,935.6
2024-03-06 12:00:00+00:00,69.29,4625.1,2039.7,500.0
2024-03-06 13:00:00+00:00,70.64,4881.05,1330.78,127.4
2024-03-06 14:00:00+00:00,73.73,5209.9,893.88,-729.9
2024-03-06 15:00:00+00:00,82.04,5464.98,414.68,-1546.4
2024-03-06 16:00:00+00:00,101.2,5719.53,58.13,-2362.1
2024-03-06 17:00:00+00:00,119.21,6026.98,0.0,-2600.0
2024-03-06 18:00:00+00:00,119.17,6046.25,0.0,-2600.0
2024-03-06 19:00:00+00:00,93.24,5870.38,0.0,-2473.6
2024-03-06 20:00:00+00:00,80.15,5609.45,0.0,-2237.6
2024-03-06 21:00:00+00:00,77.98,5359.83,0.0,-2041.4
2024-03-06 22:00:00+00:00,74.34,5126.65,0.0,-1874.4
2024-03-06 23:00:00+00:00,73.33,4788.7,0.0,-2241.7
2024-03-07 00:00:00+00:00,72.32,4515.4,0.0,-2030.8
2024-03-07 01:00:00+00:00,70.34,4369.65,0.0,-1794.1
2024-03-07 02:00:00+00:00,68.71,4337.18,0.0,-1839.9
2024-03-07 03:00:00+00:00,69.89,4488.95,0.0,-1969.3
2024-03-07 04:00:00+00:00,73.13,4931.08,0.0,-2188.0
2024-03-07 05:00:00+00:00,84.27,5515.3,61.58,-2600.0
2024-03-07 06:00:00+00:00,103.2,5527.78,193.13,-2471.8
2024-03-07 07:00:00+00:00,96.7,5188.28,363.55,-1794.6
2024-03-07 08:00:00+00:00,79.09,4776.18,478.43,-1111.7
2024-03-07 09:00:00+00:00,71.31,4722.8,644.9,-637.3
2024-03-07 10:00:00+00:00,66.16,4738.7,975.65,-792.8
2024-03-07 11:00:00+00:00,62.24,4794.05,900.73,-909.3
2024-03-07 12:00:00+00:00,60.63,4706.03,812.53,-1187.7
2024-03-07 13:00:00+00:00,63.87,4934.5,352.1,-1538.6
2024-03-07 14:00:00+00:00,72.36,5257.3,226.38,-1903.9
2024-03-07 15:00:00+00:00,81.35,5618.4,149.08,-2553.1
2024-03-07 16:00:00+00:00,95.18,5924.05,19.45,-2600.0
2024-03-07 17:00:00+00:00,105.73,6203.4,0.0,-2600.0
2024-03-07 18:00:00+00:00,98.11,6107.65,0.0,-2600.0
2024-03-07 19:00:00+00:00,91.94,5921.48,0.0,-2600.0
2024-03-07 20:00:00+00:00,80.83,5639.18,0.0,-2600.0
2024-03-07 21:00:00+00:00,76.28,5394.58,0.0,-2549.1
2024-03-07 22:00:00+00:00,71.33,5168.28,0.0,-2363.5
2024-03-07 23:00:00+00:00,71.51,4856.35,0.0,-2188.1
2024-03-08 00:00:00+00:00,66.96,4540.05,0.0,-1963.8
2024-03-08 01:00:00+00:00,67.01,4370.73,0.0,-1836.2
2024-03-08 02:00:00+00:00,65.99,4336.05,0.0,-1862.7
2024-03-08 03:00:00+00:00,70.34,4506.5,0.0,-1937.4
2024-03-08 04:00:00+00:00,72.73,4913.2,0.0,-2082.1
2024-03-08 05:00:00+00:00,89.97,5527.65,30.48,-2595.9
2024-03-08 06:00:00+00:00,95.03,5524.78,394.88,-2504.3
2024-03-08 07:00:00+00:00,88.89,5451.55,581.78,-1899.9
2024-03-08 08:00:00+00:00,74.36,4895.03,902.8,-1308.6
2024-03-08 09:00:00+00:00,57.87,5188.28,975.25,-948.7
2024-03-08 10:00:00+00:00,55.3,5684.93,1083.68,-1062.7
2024-03-08 11:00:00+00:00,61.51,5494.85,1145.5,-939.6
2024-03-08 12:00:00+00:00,60.24,4795.2,1022.63,-1063.4
2024-03-08 13:00:00+00:00,62.51,4899.35,790.18,-1080.0
2024-03-08 14:00:00+00:00,58.44,5201.75,582.8,-1534.0
2024-03-08 15:00:00+00:00,78.88,5607.25,260.0,-2270.3
2024-03-08 16:00:00+00:00,90.25,6034.98,51.1,-2580.0
2024-03-08 17:00:00+00:00,98.84,6200.75,0.0,-2580.0
2024-03-08 18:00:00+00:00,96.76,6052.53,0.0,-2580.0
2024-03-08 19:00:00+00:00,89.17,5857.55,0.0,-2580.0
2024-03-08 20:00:00+00:00,77.51,5623.15,0.0,-2470.0
2024-03-08 21:00:00+00:00,72.62,5367.13,0.0,-2339.1
2024-03-08 22:00:00+00:00,66.93,5226.05,0.0,-2172.1
2024-03-08 23:00:00+00:00,66.54,4863.13,0.0,-2336.1
2024-03-09 00:00:00+00:00,64.6,4567.7,0.0,-2146.6
2024-03-09 01:00:00+00:00,63.71,4385.4,0.0,-2031.6
2024-03-09 02:00:00+00:00,61.77,4299.03,0.0,-2059.2
2024-03-09 03:00:00+00:00,60.31,4317.03,0.0,-2088.1
2024-03-09 04:00:00+00:00,60.69,4467.0,0.0,-2141.3
2024-03-09 05:00:00+00:00,61.72,4698.88,108.68,-2274.8
2024-03-09 06:00:00+00:00,53.06,4974.55,729.88,-2051.3
2024-03-09 07:00:00+00:00,53.06,5181.5,1301.15,-1624.7
2024-03-09 08:00:00+00:00,48.12,5255.43,1802.08,-1511.8
2024-03-09 09:00:00+00:00,33.68,5256.18,2225.3,-1284.9
2024-03-09 10:00:00+00:00,14.27,5299.85,2161.4,-1083.8
2024-03-09 11:00:00+00:00,0.77,5256.68,2101.88,-1080.0
2024-03-09 12:00:00+00:00,2.24,5106.15,2138.25,-833.4
2024-03-09 13:00:00+00:00,16.96,5049.15,1624.0,-1000.7
2024-03-09 14:00:00+00:00,35.85,5083.15,1077.28,-1515.6
2024-03-09 15:00:00+00:00,52.49,5198.28,444.18,-2112.0
2024-03-09 16:00:00+00:00,72.16,5291.73,50.78,-2580.0
2024-03-09 17:00:00+00:00,76.84,5512.05,0.0,-2580.0
2024-03-09 18:00:00+00:00,76.02,5585.05,0.0,-2600.0
2024-03-09 19:00:00+00:00,68.92,5440.8,0.0,-2600.0
2024-03-09 20:00:00+00:00,60.47,5182.13,0.0,-2600.0
2024-03-09 21:00:00+00:00,61.52,4872.53,0.0,-2403.2
2024-03-09 22:00:00+00:00,58.48,4610.13,0.0,-2286.1
2024-03-09 23:00:00+00:00,48.65,4299.85,0.0,-1851.0
2024-03-10 00:00:00+00:00,46.06,4094.78,0.0,-1681.2
2024-03-10 01:00:00+00:00,40.98,3926.6,0.0,-1547.9
2024-03-10 02:00:00+00:00,35.55,3859.0,0.0,-1481.7
2024-03-10 03:00:00+00:00,32.39,3912.13,0.0,-1514.0
2024-03-10 04:00:00+00:00,32.28,4029.85,0.0,-1590.6
2024-03-10 05:00:00+00:00,33.91,4170.68,55.68,-1947.7
2024-03-10 06:00:00+00:00,39.49,4351.93,452.85,-1805.5
2024-03-10 07:00:00+00:00,37.45,4430.03,831.95,-1506.7
2024-03-10 08:00:00+00:00,30.89,4428.6,1301.73,-782.4
2024-03-10 09:00:00+00:00,9.35,4245.55,1635.38,-376.4
2024-03-10 10:00:00+00:00,10.34,4060.05,1436.23,59.4
2024-03-10 11:00:00+00:00,4.48,3918.38,1400.53,-367.4
2024-03-10 12:00:00+00:00,1.63,3903.95,1718.55,-554.6
2024-03-10 13:00:00+00:00,7.95,4002.0,1204.58,-732.8
2024-03-10 14:00:00+00:00,21.03,4291.83,700.7,-1173.1
2024-03-10 15:00:00+00:00,50.78,4674.5,203.98,-1938.8
2024-03-10 16:00:00+00:00,60.98,4942.35,44.03,-2368.4
2024-03-10 17:00:00+00:00,71.29,5295.9,0.0,-2581.9
2024-03-10 18:00:00+00:00,69.58,5417.68,0.0,-2600.0
2024-03-10 19:00:00+00:00,63.39,5263.2,0.0,-2600.0
2024-03-10 20:00:00+00:00,58.25,4984.28,0.0,-2533.6
2024-03-10 21:00:00+00:00,56.87,4714.88,0.0,-2339.2
2024-03-10 22:00:00+00:00,55.16,4431.1,0.0,-2130.0
2024-03-10 23:00:00+00:00,47.32,4204.08,0.0,-2393.2
2024-03-11 00:00:00+00:00,44.42,4027.9,0.0,-2209.1
2024-03-11 01:00:00+00:00,46.75,3907.0,0.0,-2095.3
2024-03-11 02:00:00+00:00,46.12,3871.03,0.0,-2036.5
2024-03-11 03:00:00+00:00,48.93,4064.48,0.0,-2108.3
2024-03-11 04:00:00+00:00,55.97,4514.85,0.03,-2341.1
2024-03-11 05:00:00+00:00,78.09,5230.0,41.68,-2600.0
2024-03-11 06:00:00+00:00,86.81,5537.48,282.3,-2600.0
2024-03-11 07:00:00+00:00,87.15,5580.2,449.6,-2600.0
2024-03-11 08:00:00+00:00,81.19,5530.1,646.88,-2600.0
2024-03-11 09:00:00+00:00,71.89,5480.73,966.35,-2035.0
2024-03-11 10:00:00+00:00,65.62,5474.53,776.28,-2149.0
2024-03-11 11:00:00+00:00,62.83,5519.08,684.38,-2001.3
2024-03-11 12:00:00+00:00,66.48,5493.43,821.78,-2068.0
2024-03-11 13:00:00+00:00,67.0,5517.08,408.03,-2372.0
2024-03-11 14:00:00+00:00,73.43,5641.85,251.75,-2600.0
2024-03-11 15:00:00+00:00,78.83,5688.4,136.13,-2600.0
2024-03-11 16:00:00+00:00,90.35,5799.88,16.38,-2600.0
2024-03-11 17:00:00+00:00,100.08,5979.58,0.0,-2600.0
2024-03-11 18:00:00+00:00,108.86,5984.93,0.0,-2600.0
2024-03-11 19:00:00+00:00,88.37,5823.25,0.0,-2600.0
2024-03-11 20:00:00+00:00,77.55,5558.9,0.0,-2600.0
2024-03-11 21:00:00+00:00,75.54,5305.53,0.0,-2600.0
2024-03-11 22:00:00+00:00,67.08,5050.5,0.0,-2511.3
2024-03-11 23:00:00+00:00,69.51,4675.53,0.0,-2522.7
2024-03-12 00:00:00+00:00,65.56,4407.18,0.0,-2307.8
2024-03-12 01:00:00+00:00,66.51,4260.73,0.0,-2122.6
2024-03-12 02:00:00+00:00,65.2,4209.45,0.0,-2062.1
2024-03-12 03:00:00+00:00,66.08,4363.83,0.0,-2189.0
2024-03-12 04:00:00+00:00,70.96,4790.5,0.3,-2369.3
2024-03-12 05:00:00+00:00,85.55,5434.2,87.3,-2600.0
2024-03-12 06:00:00+00:00,96.12,5671.78,495.9,-2600.0
2024-03-12 07:00:00+00:00,101.19,5691.05,874.4,-2172.5
2024-03-12 08:00:00+00:00,94.98,5641.65,833.23,-1751.3
2024-03-12 09:00:00+00:00,88.38,5738.15,1331.05,-1327.0
2024-03-12 10:00:00+00:00,82.05,5755.53,1508.55,-1487.1
2024-03-12 11:00:00+00:00,81.07,5726.28,1430.45,-1603.6
2024-03-12 12:00:00+00:00,78.89,5545.73,1206.48,-1610.1
2024-03-12 13:00:00+00:00,78.1,5600.9,762.7,-1875.5
2024-03-12 14:00:00+00:00,84.81,5709.78,528.68,-2070.0
2024-03-12 15:00:00+00:00,96.71,5758.68,298.78,-2498.8
2024-03-12 16:00:00+00:00,108.42,5919.33,42.9,-2600.0
2024-03-12 17:00:00+00:00,127.12,6077.98,0.0,-2600.0
2024-03-12 18:00:00+00:00,121.3,6046.95,0.0,-2600.0
2024-03-12 19:00:00+00:00,95.38,5912.15,0.0,-2600.0
2024-03-12 20:00:00+00:00,82.21,5639.83,0.0,-2600.0
2024-03-12 21:00:00+00:00,78.05,5370.5,0.0,-2574.3
2024-03-12 22:00:00+00:00,69.63,5119.7,0.0,-2487.6
2024-03-12 23:00:00+00:00,63.21,4797.23,0.0,-1780.8
2024-03-13 00:00:00+00:00,61.34,4528.18,0.0,-1706.2
2024-03-13 01:00:00+00:00,60.67,4383.4,0.0,-1515.1
2024-03-13 02:00:00+00:00,60.12,4312.88,0.0,-1495.7
2024-03-13 03:00:00+00:00,62.41,4451.88,0.0,-1629.0
2024-03-13 04:00:00+00:00,68.52,4874.4,0.15,-1843.3
2024-03-13 05:00:00+00:00,83.44,5482.13,68.05,-2180.5
2024-03-13 06:00:00+00:00,92.13,5759.28,349.55,-1933.7
2024-03-13 07:00:00+00:00,94.31,5693.5,874.58,-1785.6
2024-03-13 08:00:00+00:00,80.56,5825.25,1255.65,-1421.7
2024-03-13 09:00:00+00:00,70.54,5696.63,1391.63,-1258.1
2024-03-13 10:00:00+00:00,67.59,5638.25,1659.43,-1548.4
2024-03-13 11:00:00+00:00,67.75,5712.93,1664.78,-1889.9
2024-03-13 12:00:00+00:00,70.09,5680.1,1307.4,-1831.6
2024-03-13 13:00:00+00:00,74.96,5757.23,804.88,-2065.7
2024-03-13 14:00:00+00:00,79.24,5892.08,579.1,-2429.0
2024-03-13 15:00:00+00:00,86.19,5907.38,331.15,-2550.4
2024-03-13 16:00:00+00:00,98.49,5957.93,86.15,-2580.0
2024-03-13 17:00:00+00:00,104.84,6186.75,0.0,-2580.0
2024-03-13 18:00:00+00:00,103.68,6148.58,0.0,-2580.0
2024-03-13 19:00:00+00:00,89.71,6011.33,0.0,-2580.0
2024-03-13 20:00:00+00:00,77.53,5770.25,0.0,-2580.0
2024-03-13 21:00:00+00:00,69.92,5472.2,0.0,-2415.1
2024-03-13 22:00:00+00:00,63.88,5186.5,0.0,-2177.6
2024-03-13 23:00:00+00:00,63.29,4856.03,0.0,-2057.3
2024-03-14 00:00:00+00:00,56.9,4624.05,0.0,-1979.7
2024-03-14 01:00:00+00:00,57.52,4454.58,0.0,-1820.4
2024-03-14 02:00:00+00:00,57.0,4395.35,0.0,-1789.3
2024-03-14 03:00:00+00:00,61.79,4539.58,0.0,-1889.7
2024-03-14 04:00:00+00:00,67.67,4909.85,1.1,-2088.5
2024-03-14 05:00:00+00:00,85.66,5496.45,155.2,-2563.5
2024-03-14 06:00:00+00:00,90.9,5682.8,689.38,-2305.4
2024-03-14 07:00:00+00:00,81.99,5589.33,1335.25,-1709.9
2024-03-14 08:00:00+00:00,65.71,5553.4,1865.9,-1608.3
2024-03-14 09:00:00+00:00,54.32,5229.83,2199.6,-1588.7
2024-03-14 10:00:00+00:00,52.46,5328.45,2128.83,-1458.9
2024-03-14 11:00:00+00:00,53.15,5499.98,2066.03,-1757.3
2024-03-14 12:00:00+00:00,59.33,5586.35,1628.43,-1884.6
2024-03-14 13:00:00+00:00,60.79,5635.68,1063.35,-2149.4
2024-03-14 14:00:00+00:00,70.79,5724.3,726.9,-2314.9
2024-03-14 15:00:00+00:00,82.55,5684.78,473.3,-2562.9
2024-03-14 16:00:00+00:00,97.16,5734.53,82.73,-2580.0
2024-03-14 17:00:00+00:00,114.77,6070.65,0.0,-2580.0
2024-03-14 18:00:00+00:00,102.24,5986.35,0.0,-2600.0
2024-03-14 19:00:00+00:00,88.45,5844.38,0.0,-2600.0
2024-03-14 20:00:00+00:00,82.27,5644.25,0.0,-2600.0
2024-03-14 21:00:00+00:00,70.44,5355.03,0.0,-2512.5
2024-03-14 22:00:00+00:00,60.04,5032.03,0.0,-2218.4
2024-03-14 23:00:00+00:00,48.19,4519.55,0.0,-1777.6
2024-03-15 00:00:00+00:00,46.0,4291.9,0.0,-1723.6
2024-03-15 01:00:00+00:00,44.99,4139.98,0.0,-1595.2
2024-03-15 02:00:00+00:00,43.11,4050.63,0.0,-1536.0
2024-03-15 03:00:00+00:00,44.88,4049.75,0.0,-1531.5
2024-03-15 04:00:00+00:00,52.73,4029.13,1.35,-1384.8
2024-03-15 05:00:00+00:00,78.92,3951.85,140.68,-1415.7
2024-03-15 06:00:00+00:00,75.83,4147.53,813.75,-1080.0
2024-03-15 07:00:00+00:00,70.16,4221.85,1369.6,-1080.0
2024-03-15 08:00:00+00:00,53.8,4229.2,2038.9,-462.9
2024-03-15 09:00:00+00:00,46.28,3969.53,2704.28,-75.4
2024-03-15 10:00:00+00:00,39.08,3718.73,2228.65,-40.2
2024-03-15 11:00:00+00:00,38.28,3896.35,2163.65,-220.2
2024-03-15 12:00:00+00:00,39.03,4190.6,2218.35,-546.3
2024-03-15 13:00:00+00:00,42.48,4250.5,1320.18,-877.5
2024-03-15 14:00:00+00:00,49.48,4308.78,888.95,-1080.0
2024-03-15 15:00:00+00:00,70.54,4513.73,450.65,-1532.8
2024-03-15 16:00:00+00:00,87.18,4729.55,82.28,-1979.0
2024-03-15 17:00:00+00:00,102.97,5087.8,0.0,-2019.4
2024-03-15 18:00:00+00:00,88.01,5027.53,0.0,-2050.5
2024-03-15 19:00:00+00:00,77.3,4950.33,0.0,-1983.1
2024-03-15 20:00:00+00:00,68.81,4797.38,0.0,-2027.9
2024-03-15 21:00:00+00:00,68.92,4582.05,0.0,-1787.2
2024-03-15 22:00:00+00:00,48.57,4311.08,0.0,-1665.0
2024-03-15 23:00:00+00:00,55.94,3900.33,0.0,-1545.8
2024-03-16 00:00:00+00:00,41.08,3745.3,0.0,-1460.8
2024-03-16 01:00:00+00:00,40.76,3653.13,0.0,-1292.5
2024-03-16 02:00:00+00:00,38.22,3572.0,0.0,-1191.8
2024-03-16 03:00:00+00:00,40.53,4249.25,0.0,-1882.2
2024-03-16 04:00:00+00:00,47.13,4336.73,0.85,-1996.6
2024-03-16 05:00:00+00:00,57.82,4491.48,60.95,-1954.8
2024-03-16 06:00:00+00:00,58.61,4722.83,324.3,-1812.4
2024-03-16 07:00:00+00:00,53.23,4782.48,658.3,-1506.3
2024-03-16 08:00:00+00:00,47.01,4725.95,899.58,-1180.0
2024-03-16 09:00:00+00:00,44.88,4522.73,1140.05,-948.4
2024-03-16 10:00:00+00:00,42.63,4497.48,655.9,-672.9
2024-03-16 11:00:00+00:00,38.43,4509.35,642.93,-749.6
2024-03-16 12:00:00+00:00,32.44,4492.55,1148.85,-972.2
2024-03-16 13:00:00+00:00,39.03,4666.8,762.65,-1111.8
2024-03-16 14:00:00+00:00,50.0,4834.6,550.68,-1439.1
2024-03-16 15:00:00+00:00,64.98,4997.28,269.4,-1855.7
2024-03-16 16:00:00+00:00,73.41,5148.33,48.83,-2333.4
2024-03-16 17:00:00+00:00,82.41,5366.75,0.0,-2480.5
2024-03-16 18:00:00+00:00,91.09,5399.53,0.0,-2458.8
2024-03-16 19:00:00+00:00,83.45,5325.6,0.0,-2531.6
2024-03-16 20:00:00+00:00,73.07,5075.18,0.0,-2355.7
2024-03-16 21:00:00+00:00,72.37,4783.18,0.0,-2177.9
2024-03-16 22:00:00+00:00,67.1,4532.73,0.0,-1993.2
2024-03-16 23:00:00+00:00,64.99,4270.65,0.0,-1820.4
2024-03-17 00:00:00+00:00,59.85,4078.7,0.0,-1590.4
2024-03-17 01:00:00+00:00,55.83,3951.25,0.0,-1431.1
2024-03-17 02:00:00+00:00,57.3,3875.58,0.0,-1333.4
2024-03-17 03:00:00+00:00,58.44,3895.23,0.0,-1216.2
2024-03-17 04:00:00+00:00,58.16,3997.4,4.15,-1372.0
2024-03-17 05:00:00+00:00,59.8,4131.65,188.55,-1252.5
2024-03-17 06:00:00+00:00,54.42,4362.75,993.58,-838.0
2024-03-17 07:00:00+00:00,48.89,4517.6,1663.63,-258.9
2024-03-17 08:00:00+00:00,46.32,4549.6,2214.98,197.1
2024-03-17 09:00:00+00:00,39.33,4374.73,2987.83,557.9
2024-03-17 10:00:00+00:00,37.47,4354.23,2364.28,1024.1
2024-03-17 11:00:00+00:00,41.49,4216.1,2279.9,844.1
2024-03-17 12:00:00+00:00,39.27,4207.95,2816.65,728.7
2024-03-17 13:00:00+00:00,45.27,4453.75,1872.03,540.0
2024-03-17 14:00:00+00:00,52.62,4681.9,1293.83,-299.2
2024-03-17 15:00:00+00:00,68.16,4903.63,730.0,-1465.4
2024-03-17 16:00:00+00:00,79.86,5088.45,132.55,-2280.4
2024-03-17 17:00:00+00:00,89.54,5366.98,0.0,-2531.8
2024-03-17 18:00:00+00:00,87.46,5463.93,0.0,-2600.0
2024-03-17 19:00:00+00:00,77.89,5394.9,0.0,-2600.0
2024-03-17 20:00:00+00:00,72.33,5117.43,0.0,-2467.1
2024-03-17 21:00:00+00:00,72.1,4774.85,0.0,-2241.9
2024-03-17 22:00:00+00:00,65.91,4509.8,0.0,-2076.4
2024-03-17 23:00:00+00:00,64.12,4425.28,0.0,-2093.8
2024-03-18 00:00:00+00:00,57.14,4258.63,0.0,-2010.3
2024-03-18 01:00:00+00:00,58.31,4149.95,0.0,-1859.8
2024-03-18 02:00:00+00:00,58.63,4122.63,0.0,-1787.8
2024-03-18 03:00:00+00:00,62.91,4256.53,0.0,-1915.0
2024-03-18 04:00:00+00:00,68.66,4709.68,4.28,-2124.8
2024-03-18 05:00:00+00:00,83.9,5374.85,145.13,-2600.0
2024-03-18 06:00:00+00:00,97.75,5376.38,826.05,-1987.5
2024-03-18 07:00:00+00:00,94.45,5094.93,1314.48,-861.7
2024-03-18 08:00:00+00:00,82.8,4791.15,1838.68,197.4
2024-03-18 09:00:00+00:00,73.58,4474.63,2601.65,540.0
2024-03-18 10:00:00+00:00,66.83,4465.28,2031.88,540.0
2024-03-18 11:00:00+00:00,67.64,4585.2,1980.23,540.0
2024-03-18 12:00:00+00:00,70.7,4659.03,2562.25,492.6
2024-03-18 13:00:00+00:00,75.52,4864.38,1653.9,-164.4
2024-03-18 14:00:00+00:00,82.57,5200.1,1142.7,-817.0
2024-03-18 15:00:00+00:00,94.06,5440.85,670.73,-1743.3
2024-03-18 16:00:00+00:00,107.46,5737.03,117.5,-2427.6
2024-03-18 17:00:00+00:00,138.72,6029.58,0.0,-2600.0
2024-03-18 18:00:00+00:00,126.41,6164.55,0.0,-2600.0
2024-03-18 19:00:00+00:00,109.13,6018.43,0.0,-2600.0
2024-03-18 20:00:00+00:00,92.73,5744.05,0.0,-2600.0
2024-03-18 21:00:00+00:00,85.12,5445.98,0.0,-2426.7
2024-03-18 22:00:00+00:00,74.69,5218.58,0.0,-2173.7
2024-03-18 23:00:00+00:00,74.04,4957.28,0.0,-2166.5
2024-03-19 00:00:00+00:00,73.2,4694.73,0.0,-2052.2
2024-03-19 01:00:00+00:00,70.88,4518.23,0.0,-1908.9
2024-03-19 02:00:00+00:00,70.6,4470.28,0.0,-1794.7
2024-03-19 03:00:00+00:00,72.66,4590.05,0.0,-1948.3
2024-03-19 04:00:00+00:00,74.53,4912.23,9.83,-2187.5
2024-03-19 05:00:00+00:00,94.98,5507.78,217.2,-2500.0
2024-03-19 06:00:00+00:00,110.0,5552.43,867.63,-2068.9
2024-03-19 07:00:00+00:00,95.87,5251.5,1662.65,-1135.8
2024-03-19 08:00:00+00:00,72.04,4946.83,2332.35,-26.6
2024-03-19 09:00:00+00:00,64.08,4654.98,2740.88,376.6
2024-03-19 10:00:00+00:00,58.27,4647.6,2517.68,-143.7
2024-03-19 11:00:00+00:00,54.18,4740.83,2535.13,-366.0
2024-03-19 12:00:00+00:00,56.86,4840.93,2509.68,-435.6
2024-03-19 13:00:00+00:00,64.11,5009.65,1705.83,-864.7
2024-03-19 14:00:00+00:00,71.27,5330.48,1262.18,-1369.2
2024-03-19 15:00:00+00:00,86.54,5576.2,835.23,-2082.1
2024-03-19 16:00:00+00:00,105.87,5832.35,141.78,-2500.0
2024-03-19 17:00:00+00:00,127.59,6118.73,0.0,-2500.0
2024-03-19 18:00:00+00:00,128.96,6260.45,0.0,-2500.0
2024-03-19 19:00:00+00:00,110.0,6116.23,0.0,-2500.0
2024-03-19 20:00:00+00:00,90.72,5828.9,0.0,-2500.0
2024-03-19 21:00:00+00:00,82.24,5511.23,0.0,-2500.0
2024-03-19 22:00:00+00:00,76.1,5267.08,0.0,-2319.5
2024-03-19 23:00:00+00:00,76.01,4885.43,0.0,-2104.0
2024-03-20 00:00:00+00:00,73.11,4632.98,0.0,-1901.7
2024-03-20 01:00:00+00:00,74.0,4471.1,0.0,-1647.2
2024-03-20 02:00:00+00:00,74.03,4425.13,0.0,-1584.4
2024-03-20 03:00:00+00:00,74.69,4564.18,0.0,-1701.8
2024-03-20 04:00:00+00:00,80.43,4982.23,16.48,-1868.1
2024-03-20 05:00:00+00:00,115.02,5527.23,295.25,-1920.3
2024-03-20 06:00:00+00:00,112.73,5487.48,1207.4,-1387.5
2024-03-20 07:00:00+00:00,71.09,5141.7,1805.55,-355.5
2024-03-20 08:00:00+00:00,70.5,4828.1,2401.48,466.4
2024-03-20 09:00:00+00:00,51.84,4597.45,3251.58,806.5
2024-03-20 10:00:00+00:00,50.05,4581.05,2772.0,1218.8
2024-03-20 11:00:00+00:00,47.78,4622.23,2701.28,1297.5
2024-03-20 12:00:00+00:00,49.94,4582.98,3233.2,977.1
2024-03-20 13:00:00+00:00,52.02,4594.75,2080.18,540.0
2024-03-20 14:00:00+00:00,65.94,4911.15,1453.5,-256.5
2024-03-20 15:00:00+00:00,86.71,5411.43,849.55,-1204.6
2024-03-20 16:00:00+00:00,117.96,5761.78,141.2,-2167.8
2024-03-20 17:00:00+00:00,161.58,6187.9,0.0,-2500.0
2024-03-20 18:00:00+00:00,159.05,6230.45,0.0,-2500.0
2024-03-20 19:00:00+00:00,125.36,6105.43,0.0,-2500.0
2024-03-20 20:00:00+00:00,104.98,5841.3,0.0,-2376.2
2024-03-20 21:00:00+00:00,93.52,5540.13,0.0,-2431.9
2024-03-20 22:00:00+00:00,78.14,5318.0,0.0,-2207.6
2024-03-20 23:00:00+00:00,75.25,4901.15,0.0,-2184.4
2024-03-21 00:00:00+00:00,70.55,4656.05,0.0,-2018.1
2024-03-21 01:00:00+00:00,69.62,4504.55,0.0,-1858.1
2024-03-21 02:00:00+00:00,68.6,4499.83,0.0,-1812.3
2024-03-21 03:00:00+00:00,68.66,4630.08,0.0,-1962.4
2024-03-21 04:00:00+00:00,72.63,5100.13,12.23,-2069.1
2024-03-21 05:00:00+00:00,91.3,5602.38,221.45,-2432.1
2024-03-21 06:00:00+00:00,96.62,5508.68,944.85,-1808.9
2024-03-21 07:00:00+00:00,99.2,5234.3,1500.75,-461.3
2024-03-21 08:00:00+00:00,78.93,4928.15,2065.58,483.1
2024-03-21 09:00:00+00:00,54.6,4569.58,2775.03,682.4
2024-03-21 10:00:00+00:00,46.45,4318.95,2310.9,995.5
2024-03-21 11:00:00+00:00,44.24,4540.93,2305.75,955.3
2024-03-21 12:00:00+00:00,58.75,4436.33,2229.55,840.4
2024-03-21 13:00:00+00:00,64.06,4493.28,1689.25,431.7
2024-03-21 14:00:00+00:00,71.85,4813.45,1078.45,-594.4
2024-03-21 15:00:00+00:00,79.78,5225.08,526.65,-1624.5
2024-03-21 16:00:00+00:00,100.01,5677.2,99.3,-2486.2
2024-03-21 17:00:00+00:00,124.62,6094.13,0.13,-2500.0
2024-03-21 18:00:00+00:00,122.58,6182.35,0.0,-2500.0
2024-03-21 19:00:00+00:00,96.91,6056.95,0.0,-2500.0
2024-03-21 20:00:00+00:00,81.66,5782.68,0.0,-2500.0
2024-03-21 21:00:00+00:00,76.07,5483.6,0.0,-2440.9
2024-03-21 22:00:00+00:00,69.56,5191.88,0.0,-2251.6
2024-03-21 23:00:00+00:00,55.3,4899.4,0.0,-2488.8
2024-03-22 00:00:00+00:00,51.35,4693.05,0.0,-2299.3
2024-03-22 01:00:00+00:00,48.77,4559.48,0.0,-2079.3
2024-03-22 02:00:00+00:00,50.29,4528.28,0.0,-2044.3
2024-03-22 03:00:00+00:00,50.83,4648.58,0.0,-2170.8
2024-03-22 04:00:00+00:00,66.19,4995.33,7.9,-2349.1
2024-03-22 05:00:00+00:00,84.06,5443.18,167.98,-2447.8
2024-03-22 06:00:00+00:00,81.97,5330.4,560.58,-2019.3
2024-03-22 07:00:00+00:00,73.93,4951.3,1074.13,-1055.5
2024-03-22 08:00:00+00:00,63.03,4535.55,1566.48,-133.3
2024-03-22 09:00:00+00:00,50.57,4197.75,1939.08,520.7
2024-03-22 10:00:00+00:00,47.79,4137.43,1898.0,732.8
2024-03-22 11:00:00+00:00,47.22,4186.8,1925.33,549.8
2024-03-22 12:00:00+00:00,49.06,4074.78,1942.0,199.6
2024-03-22 13:00:00+00:00,50.04,4253.83,1355.7,-377.0
2024-03-22 14:00:00+00:00,56.17,4599.68,1013.18,-938.4
2024-03-22 15:00:00+00:00,72.79,5060.4,596.23,-1811.8
2024-03-22 16:00:00+00:00,85.47,5496.83,132.13,-2453.1
2024-03-22 17:00:00+00:00,115.07,5885.95,0.95,-2500.0
2024-03-22 18:00:00+00:00,114.84,5983.48,0.0,-2500.0
2024-03-22 19:00:00+00:00,90.77,5856.58,0.0,-2500.0
2024-03-22 20:00:00+00:00,78.11,5630.9,0.0,-2500.0
2024-03-22 21:00:00+00:00,75.69,5335.43,0.0,-2488.0
2024-03-22 22:00:00+00:00,72.81,5035.15,0.0,-2335.3
2024-03-22 23:00:00+00:00,72.57,4911.38,0.0,-2492.5
2024-03-23 00:00:00+00:00,67.59,4613.2,0.0,-2102.6
2024-03-23 01:00:00+00:00,61.77,4412.6,0.0,-1859.4
2024-03-23 02:00:00+00:00,59.51,4342.3,0.0,-1833.2
2024-03-23 03:00:00+00:00,55.51,3868.28,0.0,-1263.6
2024-03-23 04:00:00+00:00,64.42,4039.23,20.63,-1452.3
2024-03-23 05:00:00+00:00,63.09,4231.68,259.85,-1547.7
2024-03-23 06:00:00+00:00,60.6,4412.03,1025.6,-1140.6
2024-03-23 07:00:00+00:00,36.97,4503.05,1648.05,-553.4
2024-03-23 08:00:00+00:00,17.2,4491.3,2105.48,-288.4
2024-03-23 09:00:00+00:00,0.2,4406.33,2122.08,-341.1
2024-03-23 10:00:00+00:00,0.2,4427.23,2297.78,-200.0
2024-03-23 11:00:00+00:00,3.7,4376.75,2134.23,-200.0
2024-03-23 12:00:00+00:00,3.57,4323.8,2061.03,-200.0
2024-03-23 13:00:00+00:00,5.67,4384.03,1495.0,-348.7
2024-03-23 14:00:00+00:00,11.87,4523.48,927.15,-1078.7
2024-03-23 15:00:00+00:00,35.29,4744.38,380.03,-1693.1
2024-03-23 16:00:00+00:00,60.65,4871.3,64.73,-2004.1
2024-03-23 17:00:00+00:00,75.61,5160.6,0.23,-2167.2
2024-03-23 18:00:00+00:00,76.26,5239.65,0.0,-2305.3
2024-03-23 19:00:00+00:00,64.87,5186.35,0.0,-2500.0
2024-03-23 20:00:00+00:00,58.37,4977.95,0.0,-2500.0
2024-03-23 21:00:00+00:00,39.65,4748.58,0.0,-2381.2
2024-03-23 22:00:00+00:00,29.26,4507.5,0.0,-2246.8
2024-03-23 23:00:00+00:00,37.27,4231.83,0.0,-2063.8
2024-03-24 00:00:00+00:00,18.33,3987.98,0.0,-1709.0
2024-03-24 01:00:00+00:00,20.32,3871.08,0.0,-1524.2
2024-03-24 02:00:00+00:00,25.25,3810.7,0.0,-1435.6
2024-03-24 03:00:00+00:00,27.41,3832.83,0.0,-1428.1
2024-03-24 04:00:00+00:00,31.71,3914.28,13.43,-1567.3
2024-03-24 05:00:00+00:00,22.3,4000.65,182.8,-1929.9
2024-03-24 06:00:00+00:00,9.85,4006.1,564.58,-1616.5
2024-03-24 07:00:00+00:00,0.0,4001.35,1195.2,-809.2
2024-03-24 08:00:00+00:00,0.0,3965.98,1862.88,175.4
2024-03-24 09:00:00+00:00,0.0,3898.85,2269.53,611.6
2024-03-24 10:00:00+00:00,0.0,3890.6,2454.78,517.0
2024-03-24 11:00:00+00:00,0.0,3792.53,2461.73,385.7
2024-03-24 12:00:00+00:00,0.0,3741.75,2389.63,181.2
2024-03-24 13:00:00+00:00,0.0,3888.8,1893.18,-16.8
2024-03-24 14:00:00+00:00,0.01,4156.28,1306.18,-528.7
2024-03-24 15:00:00+00:00,46.12,4542.75,683.1,-1233.1
2024-03-24 16:00:00+00:00,74.98,4858.58,153.78,-2034.5
2024-03-24 17:00:00+00:00,85.04,5248.55,2.48,-2303.9
2024-03-24 18:00:00+00:00,85.22,5389.73,0.0,-2353.7
2024-03-24 19:00:00+00:00,76.51,5335.9,0.0,-2500.0
2024-03-24 20:00:00+00:00,73.74,5065.15,0.0,-2357.1
2024-03-24 21:00:00+00:00,70.07,4773.4,0.0,-2071.5
2024-03-24 22:00:00+00:00,66.02,4514.3,0.0,-1914.7
2024-03-24 23:00:00+00:00,62.51,4309.25,0.0,-2007.5
2024-03-25 00:00:00+00:00,61.18,4119.85,0.0,-1844.9
2024-03-25 01:00:00+00:00,61.08,3999.08,0.0,-1616.9
2024-03-25 02:00:00+00:00,62.93,3963.55,0.0,-1550.3
2024-03-25 03:00:00+00:00,64.87,4155.88,0.0,-1644.8
2024-03-25 04:00:00+00:00,76.83,4593.55,29.23,-1893.4
2024-03-25 05:00:00+00:00,90.22,5242.45,311.25,-2130.9
2024-03-25 06:00:00+00:00,113.87,5335.23,1226.4,-1536.7
2024-03-25 07:00:00+00:00,99.68,5243.25,1767.6,-291.7
2024-03-25 08:00:00+00:00,76.27,5085.68,2239.18,271.7
2024-03-25 09:00:00+00:00,66.19,4730.03,2498.63,540.0
2024-03-25 10:00:00+00:00,60.74,4620.55,2573.75,752.9
2024-03-25 11:00:00+00:00,60.18,4683.4,2577.45,763.9
2024-03-25 12:00:00+00:00,62.33,4718.13,2690.25,542.2
2024-03-25 13:00:00+00:00,63.0,4796.65,2018.78,312.8
2024-03-25 14:00:00+00:00,74.74,5038.73,1509.55,-510.5
2024-03-25 15:00:00+00:00,86.83,5320.75,922.85,-1430.6
2024-03-25 16:00:00+00:00,111.88,5585.8,208.15,-2347.6
2024-03-25 17:00:00+00:00,168.49,5963.18,4.4,-2500.0
2024-03-25 18:00:00+00:00,148.87,6064.88,0.0,-2500.0
2024-03-25 19:00:00+00:00,114.52,5896.48,0.0,-2500.0
2024-03-25 20:00:00+00:00,94.27,5652.7,0.0,-2500.0
2024-03-25 21:00:00+00:00,86.44,5397.23,0.0,-2500.0
2024-03-25 22:00:00+00:00,76.17,5124.4,0.0,-2415.0
2024-03-25 23:00:00+00:00,79.94,4755.65,0.0,-2263.2
2024-03-26 00:00:00+00:00,73.27,4521.03,0.0,-2036.0
2024-03-26 01:00:00+00:00,70.35,4343.4,0.0,-1852.9
2024-03-26 02:00:00+00:00,68.97,4291.6,0.0,-1860.3
2024-03-26 03:00:00+00:00,71.6,4469.8,0.0,-1975.2
2024-03-26 04:00:00+00:00,74.24,4837.18,34.23,-2263.3
2024-03-26 05:00:00+00:00,82.72,5379.78,325.45,-2322.4
2024-03-26 06:00:00+00:00,79.39,5465.3,1264.73,-2017.9
2024-03-26 07:00:00+00:00,72.92,5300.53,1815.9,-848.6
2024-03-26 08:00:00+00:00,62.0,5103.08,2425.78,148.6
2024-03-26 09:00:00+00:00,49.5,4745.45,2953.05,817.4
2024-03-26 10:00:00+00:00,37.03,4603.1,2508.25,1133.0
2024-03-26 11:00:00+00:00,11.33,4685.15,2460.63,990.5
2024-03-26 12:00:00+00:00,27.32,4656.28,3437.3,614.7
2024-03-26 13:00:00+00:00,37.1,4739.23,2214.8,270.5
2024-03-26 14:00:00+00:00,51.04,4991.33,1545.55,-755.3
2024-03-26 15:00:00+00:00,66.1,5266.28,928.53,-1855.4
2024-03-26 16:00:00+00:00,79.19,5519.88,176.3,-2500.0
2024-03-26 17:00:00+00:00,100.75,5934.78,1.95,-2500.0
2024-03-26 18:00:00+00:00,100.3,6061.35,0.0,-2500.0
2024-03-26 19:00:00+00:00,79.71,5917.28,0.0,-2500.0
2024-03-26 20:00:00+00:00,74.57,5647.35,0.0,-2500.0
2024-03-26 21:00:00+00:00,71.3,5409.68,0.0,-2500.0
2024-03-26 22:00:00+00:00,66.53,5150.23,0.0,-2500.0
2024-03-26 23:00:00+00:00,58.35,4804.83,0.0,-2500.0
2024-03-27 00:00:00+00:00,57.09,4558.45,0.0,-2268.4
2024-03-27 01:00:00+00:00,57.28,4352.88,0.0,-2085.8
2024-03-27 02:00:00+00:00,57.1,4299.4,0.0,-2038.3
2024-03-27 03:00:00+00:00,59.05,4472.65,0.0,-2100.0
2024-03-27 04:00:00+00:00,69.52,4827.2,15.15,-2319.3
2024-03-27 05:00:00+00:00,80.19,5262.48,138.48,-2376.1
2024-03-27 06:00:00+00:00,82.33,5344.85,578.93,-2005.2
2024-03-27 07:00:00+00:00,75.22,4823.55,1187.58,-655.5
2024-03-27 08:00:00+00:00,62.17,4713.93,1674.78,275.2
2024-03-27 09:00:00+00:00,52.06,4486.05,2428.7,300.6
2024-03-27 10:00:00+00:00,45.1,4140.58,1973.58,576.2
2024-03-27 11:00:00+00:00,43.41,4310.18,2315.9,805.7
2024-03-27 12:00:00+00:00,43.56,4563.88,1617.63,442.8
2024-03-27 13:00:00+00:00,47.2,4583.55,1400.08,221.9
2024-03-27 14:00:00+00:00,61.81,4805.0,998.0,-131.5
2024-03-27 15:00:00+00:00,75.36,5127.73,669.15,-1008.0
2024-03-27 16:00:00+00:00,84.71,5452.88,130.38,-1973.7
2024-03-27 17:00:00+00:00,111.51,5861.88,2.48,-2500.0
2024-03-27 18:00:00+00:00,115.59,5984.53,0.0,-2500.0
2024-03-27 19:00:00+00:00,95.6,5825.98,0.0,-2500.0
2024-03-27 20:00:00+00:00,78.97,5601.95,0.0,-2422.6
2024-03-27 21:00:00+00:00,77.84,5323.45,0.0,-2141.1
2024-03-27 22:00:00+00:00,70.68,5054.35,0.0,-1925.6
2024-03-27 23:00:00+00:00,60.58,4788.6,0.0,-2450.6
2024-03-28 00:00:00+00:00,54.0,4458.25,0.0,-2244.3
2024-03-28 01:00:00+00:00,58.95,4283.03,0.0,-2160.5
2024-03-28 02:00:00+00:00,59.54,4279.35,0.0,-2083.8
2024-03-28 03:00:00+00:00,61.76,4433.0,0.0,-2265.8
2024-03-28 04:00:00+00:00,67.64,4721.45,17.75,-2500.0
2024-03-28 05:00:00+00:00,77.88,5180.98,246.25,-2422.1
2024-03-28 06:00:00+00:00,78.34,5097.4,830.83,-1604.3
2024-03-28 07:00:00+00:00,76.06,4765.98,1733.73,-30.8
2024-03-28 08:00:00+00:00,60.36,4240.93,2500.85,1241.1
2024-03-28 09:00:00+00:00,46.11,4129.58,3088.25,1608.4
2024-03-28 10:00:00+00:00,36.31,4310.15,2170.53,1404.7
2024-03-28 11:00:00+00:00,7.07,4331.18,1923.98,665.3
2024-03-28 12:00:00+00:00,0.05,4171.58,2209.7,93.7
2024-03-28 13:00:00+00:00,0.99,4309.8,1071.85,-325.1
2024-03-28 14:00:00+00:00,29.06,4672.55,697.8,-1000.0
2024-03-28 15:00:00+00:00,35.98,5083.35,433.48,-1636.9
2024-03-28 16:00:00+00:00,62.27,5420.78,67.85,-2372.7
2024-03-28 17:00:00+00:00,75.21,5746.65,1.73,-2500.0
2024-03-28 18:00:00+00:00,81.74,5841.38,0.0,-2500.0
2024-03-28 19:00:00+00:00,73.86,5691.68,0.0,-2500.0
2024-03-28 20:00:00+00:00,62.66,5517.6,0.0,-2500.0
2024-03-28 21:00:00+00:00,44.42,5195.23,0.0,-2500.0
2024-03-28 22:00:00+00:00,25.0,4933.25,0.0,-2433.6
2024-03-28 23:00:00+00:00,20.6,4727.55,0.0,-2500.0
2024-03-29 00:00:00+00:00,18.83,4382.7,0.0,-2251.3
2024-03-29 01:00:00+00:00,12.43,4198.73,0.0,-2111.8
2024-03-29 02:00:00+00:00,10.24,4149.03,0.0,-1989.8
2024-03-29 03:00:00+00:00,12.59,4168.3,0.0,-1999.3
2024-03-29 04:00:00+00:00,14.32,4123.38,57.03,-1998.5
2024-03-29 05:00:00+00:00,22.02,4217.13,422.75,-1478.8
2024-03-29 06:00:00+00:00,24.08,4333.68,1417.0,-1000.0
2024-03-29 07:00:00+00:00,16.15,4186.1,1875.63,-479.8
2024-03-29 08:00:00+00:00,10.17,3968.38,2563.18,280.2
2024-03-29 09:00:00+00:00,16.17,3768.25,2925.7,813.0
2024-03-29 10:00:00+00:00,19.68,3700.5,2302.25,680.3
2024-03-29 11:00:00+00:00,13.36,3791.28,1995.13,619.6
2024-03-29 12:00:00+00:00,9.86,3656.93,2399.05,553.2
2024-03-29 13:00:00+00:00,13.44,3937.38,1302.58,52.1
2024-03-29 14:00:00+00:00,21.47,4186.7,1023.53,-333.8
2024-03-29 15:00:00+00:00,47.59,4536.73,657.48,-977.3
2024-03-29 16:00:00+00:00,77.05,4784.83,153.0,-1542.8
2024-03-29 17:00:00+00:00,95.01,5008.48,4.93,-2084.4
2024-03-29 18:00:00+00:00,105.42,5135.88,0.0,-2026.8
2024-03-29 19:00:00+00:00,87.4,5034.43,0.0,-2257.0
2024-03-29 20:00:00+00:00,78.45,4981.05,0.0,-2209.6
2024-03-29 21:00:00+00:00,75.89,4709.35,0.0,-1936.5
2024-03-29 22:00:00+00:00,70.0,4368.33,0.0,-1621.7
2024-03-29 23:00:00+00:00,69.3,4371.6,0.0,-1817.7
2024-03-30 00:00:00+00:00,58.16,4087.98,0.0,-1606.8
2024-03-30 01:00:00+00:00,58.62,3880.3,0.0,-1370.2
2024-03-30 02:00:00+00:00,59.24,3798.68,0.0,-1248.8
2024-03-30 03:00:00+00:00,60.28,3730.98,0.0,-1463.4
2024-03-30 04:00:00+00:00,65.05,3871.6,27.23,-1660.1
2024-03-30 05:00:00+00:00,58.07,3930.33,400.45,-1337.4
2024-03-30 06:00:00+00:00,46.04,3933.33,1084.35,-541.9
2024-03-30 07:00:00+00:00,36.48,3855.6,1755.73,540.0
2024-03-30 08:00:00+00:00,28.77,3851.5,2369.2,541.9
2024-03-30 09:00:00+00:00,22.04,3782.88,2854.88,837.3
2024-03-30 10:00:00+00:00,9.87,3804.53,2575.05,753.9
2024-03-30 11:00:00+00:00,0.79,3879.7,2524.68,729.8
2024-03-30 12:00:00+00:00,1.25,4055.68,2722.05,540.0
2024-03-30 13:00:00+00:00,14.44,4297.85,2061.35,129.8
2024-03-30 14:00:00+00:00,27.81,4466.18,1447.13,-142.4
2024-03-30 15:00:00+00:00,52.52,4684.23,882.53,-1375.9
2024-03-30 16:00:00+00:00,72.33,4806.95,212.45,-2249.5
2024-03-30 17:00:00+00:00,81.61,4990.1,10.1,-2500.0
2024-03-30 18:00:00+00:00,81.88,5090.95,0.0,-2500.0
2024-03-30 19:00:00+00:00,75.75,4996.15,0.0,-2500.0
2024-03-30 20:00:00+00:00,70.76,4757.95,0.0,-2293.8
2024-03-30 21:00:00+00:00,70.83,4492.75,0.0,-2041.1
2024-03-30 22:00:00+00:00,65.74,4222.45,0.0,-1760.0
2024-03-30 23:00:00+00:00,59.94,3973.73,0.0,-1393.0
2024-03-31 00:00:00+00:00,48.1,3763.25,0.0,-1072.9
2024-03-31 01:00:00+00:00,30.45,3532.68,0.0,-879.5
2024-03-31 02:00:00+00:00,31.98,3564.0,0.0,-1089.3
2024-03-31 03:00:00+00:00,40.29,3587.2,0.0,-1216.2
2024-03-31 04:00:00+00:00,28.89,3717.78,44.2,-1138.7
2024-03-31 05:00:00+00:00,30.78,3795.6,378.65,-463.8
2024-03-31 06:00:00+00:00,26.15,3664.25,1061.53,540.0
2024-03-31 07:00:00+00:00,8.79,3414.25,1767.15,869.7
2024-03-31 08:00:00+00:00,-1.37,3320.33,2305.43,1358.4
2024-03-31 09:00:00+00:00,-0.63,3339.43,2851.0,1672.7
2024-03-31 10:00:00+00:00,-1.9,3284.28,2501.23,1921.5
2024-03-31 11:00:00+00:00,-1.42,3193.45,2402.13,1588.2
2024-03-31 12:00:00+00:00,-0.02,3337.23,2670.75,1273.4
2024-03-31 13:00:00+00:00,-0.53,3637.85,1749.3,540.0
2024-03-31 14:00:00+00:00,8.74,3959.18,1112.2,-309.4
2024-03-31 15:00:00+00:00,43.78,4270.38,511.65,-1322.7
2024-03-31 16:00:00+00:00,59.7,4642.65,166.55,-2150.0
2024-03-31 17:00:00+00:00,79.77,4662.05,6.48,-2247.1
2024-03-31 18:00:00+00:00,69.74,4628.53,0.0,-2260.7
2024-03-31 19:00:00+00:00,66.29,4433.78,0.0,-2064.8
2024-03-31 20:00:00+00:00,61.35,4231.75,0.0,-1921.6
2024-03-31 21:00:00+00:00,48.12,4007.83,0.0,-1651.1
2024-03-31 22:00:00+00:00,43.49,3558.33,0.0,-1388.7
2024-03-31 23:00:00+00:00,37.24,3451.6,0.0,-1135.4
2024-04-01 00:00:00+00:00,37.29,3284.98,0.0,-1028.9
2024-04-01 01:00:00+00:00,41.91,3235.73,0.0,-901.6
2024-04-01 02:00:00+00:00,46.6,3339.08,0.0,-966.1
2024-04-01 03:00:00+00:00,49.42,3433.55,0.0,-1062.6
2024-04-01 04:00:00+00:00,55.2,3541.18,37.85,-1102.5
2024-04-01 05:00:00+00:00,60.43,2868.4,279.65,61.5
2024-04-01 06:00:00+00:00,39.84,2488.48,1001.55,608.3
2024-04-01 07:00:00+00:00,21.46,2485.55,1487.93,704.2
2024-04-01 08:00:00+00:00,17.31,2527.15,2038.15,1114.8
2024-04-01 09:00:00+00:00,11.45,2520.95,2445.28,1533.1
2024-04-01 10:00:00+00:00,4.74,2587.83,2309.73,1800.0
2024-04-01 11:00:00+00:00,0.03,2861.88,2262.33,1589.1
2024-04-01 12:00:00+00:00,-0.01,3108.0,2818.85,1116.6
2024-04-01 13:00:00+00:00,-0.01,3355.9,1944.13,68.4
2024-04-01 14:00:00+00:00,-0.01,3584.88,1343.63,-856.3
2024-04-01 15:00:00+00:00,5.74,3788.25,744.5,-1200.0
2024-04-01 16:00:00+00:00,40.02,4156.63,163.48,-1731.0
2024-04-01 17:00:00+00:00,48.9,4291.68,6.63,-1806.9
2024-04-01 18:00:00+00:00,49.88,4243.5,0.0,-1929.6
2024-04-01 19:00:00+00:00,44.44,4090.35,0.0,-1784.1
2024-04-01 20:00:00+00:00,26.57,3874.05,0.0,-1585.4
2024-04-01 21:00:00+00:00,9.29,3699.53,0.0,-1393.5
2024-04-01 22:00:00+00:00,9.44,3546.28,0.0,-1603.9
2024-04-01 23:00:00+00:00,2.71,4161.38,0.0,-1990.7
2024-04-02 00:00:00+00:00,1.27,3972.5,0.0,-1859.9
2024-04-02 01:00:00+00:00,1.13,3925.8,0.0,-1755.8
2024-04-02 02:00:00+00:00,1.87,4028.55,0.0,-1792.4
2024-04-02 03:00:00+00:00,7.21,4201.3,0.0,-1843.2
2024-04-02 04:00:00+00:00,55.31,4501.53,13.53,-2100.0
2024-04-02 05:00:00+00:00,73.09,4861.05,94.83,-1954.1
2024-04-02 06:00:00+00:00,67.46,4434.4,492.58,-964.6
2024-04-02 07:00:00+00:00,45.76,4073.03,948.48,-510.9
2024-04-02 08:00:00+00:00,4.05,4025.53,1056.13,120.0
2024-04-02 09:00:00+00:00,0.64,4143.9,1497.95,234.7
2024-04-02 10:00:00+00:00,0.84,4222.35,1876.75,530.6
2024-04-02 11:00:00+00:00,-0.01,4311.98,2152.1,506.8
2024-04-02 12:00:00+00:00,-0.02,4623.95,2428.6,473.7
2024-04-02 13:00:00+00:00,0.0,4847.93,1869.7,-294.3
2024-04-02 14:00:00+00:00,4.31,5083.1,1243.25,-1399.4
2024-04-02 15:00:00+00:00,40.12,5157.05,746.23,-2180.0
2024-04-02 16:00:00+00:00,71.53,5350.15,199.4,-2180.0
2024-04-02 17:00:00+00:00,94.62,5649.55,10.7,-2180.0
2024-04-02 18:00:00+00:00,95.02,5403.7,0.0,-2180.0
2024-04-02 19:00:00+00:00,76.25,5223.15,0.0,-2180.0
2024-04-02 20:00:00+00:00,72.28,4859.25,0.0,-2180.0
2024-04-02 21:00:00+00:00,68.33,4617.55,0.0,-2125.6
2024-04-02 22:00:00+00:00,69.79,4534.2,0.0,-1190.3
2024-04-02 23:00:00+00:00,67.27,4263.03,0.0,-585.5
2024-04-03 00:00:00+00:00,66.15,4063.28,0.0,-473.3
2024-04-03 01:00:00+00:00,67.56,4043.68,0.0,-571.2
2024-04-03 02:00:00+00:00,67.65,4105.28,0.0,-559.4
2024-04-03 03:00:00+00:00,74.66,4194.78,0.0,-658.7
2024-04-03 04:00:00+00:00,92.26,4599.65,89.83,-1588.0
2024-04-03 05:00:00+00:00,109.34,5035.35,481.93,-1886.5
2024-04-03 06:00:00+00:00,107.54,4968.5,1345.3,-566.9
2024-04-03 07:00:00+00:00,75.0,4687.58,2024.25,860.0
2024-04-03 08:00:00+00:00,51.43,4407.13,2507.25,860.0
2024-04-03 09:00:00+00:00,61.85,4395.4,2714.53,860.0
2024-04-03 10:00:00+00:00,65.29,4506.7,2412.45,860.0
2024-04-03 11:00:00+00:00,63.16,4422.73,2202.1,860.0
2024-04-03 12:00:00+00:00,61.82,4430.53,2117.85,860.0
2024-04-03 13:00:00+00:00,68.94,4619.35,1221.3,860.0
2024-04-03 14:00:00+00:00,72.37,4994.68,712.4,297.9
2024-04-03 15:00:00+00:00,93.13,5127.63,415.48,-433.1
2024-04-03 16:00:00+00:00,109.31,5205.65,122.73,-1042.8
2024-04-03 17:00:00+00:00,127.94,5612.85,4.53,-1521.2
2024-04-03 18:00:00+00:00,107.87,5728.1,0.0,-1567.8
2024-04-03 19:00:00+00:00,86.35,5398.7,0.0,-1304.7
2024-04-03 20:00:00+00:00,80.11,5088.1,0.0,-1039.2
2024-04-03 21:00:00+00:00,69.37,4787.88,0.0,-1040.3
2024-04-03 22:00:00+00:00,54.4,4580.7,0.0,-1185.9
2024-04-03 23:00:00+00:00,52.62,3777.5,0.0,-821.9
2024-04-04 00:00:00+00:00,47.65,3627.18,0.0,-741.8
2024-04-04 01:00:00+00:00,49.01,3624.28,0.0,-749.5
2024-04-04 02:00:00+00:00,57.73,3750.2,0.0,-825.9
2024-04-04 03:00:00+00:00,62.04,4097.63,0.0,-1066.5
2024-04-04 04:00:00+00:00,82.15,4827.93,35.0,-1659.5
2024-04-04 05:00:00+00:00,93.53,5016.83,211.43,-1485.3
2024-04-04 06:00:00+00:00,73.22,4985.8,917.13,-694.4
2024-04-04 07:00:00+00:00,67.73,4494.55,1544.3,220.0
2024-04-04 08:00:00+00:00,63.09,4668.33,2182.75,960.0
2024-04-04 09:00:00+00:00,59.07,4368.0,1988.58,960.0
2024-04-04 10:00:00+00:00,53.2,4068.7,2321.78,960.0
2024-04-04 11:00:00+00:00,51.6,4183.05,2421.5,960.0
2024-04-04 12:00:00+00:00,51.56,4443.2,1803.1,960.0
2024-04-04 13:00:00+00:00,52.17,4521.25,1698.75,447.0
2024-04-04 14:00:00+00:00,53.04,4749.4,1288.95,220.0
2024-04-04 15:00:00+00:00,63.87,4984.25,809.7,-208.9
2024-04-04 16:00:00+00:00,77.44,5179.3,246.38,-1230.5
2024-04-04 17:00:00+00:00,103.3,5509.28,15.18,-1947.1
2024-04-04 18:00:00+00:00,78.79,5603.75,0.0,-2000.0
2024-04-04 19:00:00+00:00,70.59,5307.15,0.0,-1852.4
2024-04-04 20:00:00+00:00,68.51,5003.7,0.0,-1670.5
2024-04-04 21:00:00+00:00,58.65,4767.3,0.0,-1707.8
2024-04-04 22:00:00+00:00,63.92,4472.78,0.0,-1573.1
2024-04-04 23:00:00+00:00,61.11,4091.7,0.0,-1290.0
2024-04-05 00:00:00+00:00,55.02,3902.2,0.0,-1085.0
2024-04-05 01:00:00+00:00,53.8,3884.23,0.0,-1076.3
2024-04-05 02:00:00+00:00,52.71,3990.88,0.0,-1123.2
2024-04-05 03:00:00+00:00,67.16,4274.18,0.0,-1370.4
2024-04-05 04:00:00+00:00,72.5,4834.75,79.78,-1719.4
2024-04-05 05:00:00+00:00,80.23,4993.63,474.03,-1528.2
2024-04-05 06:00:00+00:00,76.23,4686.3,1200.8,-337.9
2024-04-05 07:00:00+00:00,63.28,4334.65,1877.95,645.5
2024-04-05 08:00:00+00:00,46.48,4024.23,2523.73,950.0
2024-04-05 09:00:00+00:00,23.37,4044.98,2757.0,950.0
2024-04-05 10:00:00+00:00,8.35,4264.25,2317.08,1128.8
2024-04-05 11:00:00+00:00,0.01,4201.88,2169.05,755.2
2024-04-05 12:00:00+00:00,0.98,4206.93,2179.8,588.8
2024-04-05 13:00:00+00:00,13.58,4472.85,1820.45,300.0
2024-04-05 14:00:00+00:00,26.98,4748.48,1298.65,199.6
2024-04-05 15:00:00+00:00,55.48,4844.6,715.95,-391.7
2024-04-05 16:00:00+00:00,73.47,5010.68,204.58,-1223.6
2024-04-05 17:00:00+00:00,88.99,5348.8,15.1,-1905.1
2024-04-05 18:00:00+00:00,88.02,5426.8,0.0,-1884.6
2024-04-05 19:00:00+00:00,72.46,5159.8,0.0,-1785.6
2024-04-05 20:00:00+00:00,70.02,4861.53,0.0,-1882.9
2024-04-05 21:00:00+00:00,63.76,4661.28,0.0,-1776.1
2024-04-05 22:00:00+00:00,62.3,4294.53,0.0,-1399.5
2024-04-05 23:00:00+00:00,45.47,4086.6,0.0,-1186.0
2024-04-06 00:00:00+00:00,48.57,3877.2,0.0,-1313.9
2024-04-06 01:00:00+00:00,48.93,3826.53,0.0,-1082.6
2024-04-06 02:00:00+00:00,51.43,3857.1,0.0,-1108.7
2024-04-06 03:00:00+00:00,53.04,3856.98,0.0,-1143.7
2024-04-06 04:00:00+00:00,56.0,4051.18,75.65,-1049.5
2024-04-06 05:00:00+00:00,56.51,4173.2,375.45,-487.3
2024-04-06 06:00:00+00:00,55.12,4088.73,510.8,191.6
2024-04-06 07:00:00+00:00,44.81,3920.53,985.38,830.8
2024-04-06 08:00:00+00:00,24.87,3765.63,1316.8,943.3
2024-04-06 09:00:00+00:00,8.25,3741.1,1848.03,950.0
2024-04-06 10:00:00+00:00,-3.53,3786.93,2055.33,691.1
2024-04-06 11:00:00+00:00,0.27,3744.1,2074.63,1057.7
2024-04-06 12:00:00+00:00,-31.59,3808.85,1548.83,947.4
2024-04-06 13:00:00+00:00,-18.9,3972.55,1605.4,629.6
2024-04-06 14:00:00+00:00,-2.56,4280.75,1230.75,300.0
2024-04-06 15:00:00+00:00,40.37,4504.85,819.0,-353.0
2024-04-06 16:00:00+00:00,74.82,4855.85,197.18,-1211.3
2024-04-06 17:00:00+00:00,88.72,5039.63,14.23,-1647.8
2024-04-06 18:00:00+00:00,83.91,5030.8,0.0,-1394.7
2024-04-06 19:00:00+00:00,76.76,4795.55,0.0,-1282.5
2024-04-06 20:00:00+00:00,62.57,4490.3,0.0,-1166.9
2024-04-06 21:00:00+00:00,46.46,4202.93,0.0,-1072.6
2024-04-06 22:00:00+00:00,11.96,3908.43,0.0,-1398.9
2024-04-06 23:00:00+00:00,-0.02,3738.55,0.0,-1080.2
2024-04-07 00:00:00+00:00,0.0,3782.48,0.0,-1437.6
2024-04-07 01:00:00+00:00,0.0,3615.28,0.0,-1082.5
2024-04-07 02:00:00+00:00,0.0,3600.05,0.0,-1157.6
2024-04-07 03:00:00+00:00,0.0,3624.8,0.0,-1325.3
2024-04-07 04:00:00+00:00,0.0,3710.58,107.68,-1210.8
2024-04-07 05:00:00+00:00,0.0,3889.93,502.88,-763.5
2024-04-07 06:00:00+00:00,0.0,3983.5,1523.6,-290.9
2024-04-07 07:00:00+00:00,-0.01,3887.2,1986.78,598.5
2024-04-07 08:00:00+00:00,-0.16,3684.0,2519.45,1100.0
2024-04-07 09:00:00+00:00,-3.25,3607.95,3337.48,1336.7
2024-04-07 10:00:00+00:00,-8.59,3565.38,2838.18,1100.0
2024-04-07 11:00:00+00:00,-22.35,3476.95,2763.3,1100.0
2024-04-07 12:00:00+00:00,-19.85,3537.48,3344.83,1100.0
2024-04-07 13:00:00+00:00,-5.04,3766.63,2212.48,1100.0
2024-04-07 14:00:00+00:00,-0.16,4088.55,1605.68,529.0
2024-04-07 15:00:00+00:00,6.49,4301.6,1018.98,-111.1
2024-04-07 16:00:00+00:00,84.1,4575.4,257.45,-1191.2
2024-04-07 17:00:00+00:00,101.99,4982.88,22.53,-1586.0
2024-04-07 18:00:00+00:00,105.0,5128.0,0.0,-1432.9
2024-04-07 19:00:00+00:00,89.15,4928.93,0.0,-1265.6
2024-04-07 20:00:00+00:00,76.74,4580.73,0.0,-1038.1
2024-04-07 21:00:00+00:00,70.33,4262.18,0.0,-901.1
2024-04-07 22:00:00+00:00,66.71,3909.7,0.0,-794.3
2024-04-07 23:00:00+00:00,65.76,3741.95,0.0,-732.4
2024-04-08 00:00:00+00:00,62.41,3596.95,0.0,-643.3
2024-04-08 01:00:00+00:00,64.73,3595.55,0.0,-590.3
2024-04-08 02:00:00+00:00,65.57,3728.68,0.0,-569.1
2024-04-08 03:00:00+00:00,71.44,4077.03,0.0,-764.9
2024-04-08 04:00:00+00:00,94.06,4639.8,115.03,-939.6
2024-04-08 05:00:00+00:00,127.04,4793.83,501.65,-775.9
2024-04-08 06:00:00+00:00,100.93,4496.53,1461.1,300.0
2024-04-08 07:00:00+00:00,68.38,4166.78,1904.58,950.0
2024-04-08 08:00:00+00:00,17.21,3948.23,2427.83,950.0
2024-04-08 09:00:00+00:00,10.04,3895.35,2921.4,971.4
2024-04-08 10:00:00+00:00,9.86,3949.95,2544.85,1190.6
2024-04-08 11:00:00+00:00,10.06,3891.63,2665.3,1211.8
2024-04-08 12:00:00+00:00,13.02,3965.05,2498.5,1162.2
2024-04-08 13:00:00+00:00,23.26,4207.93,2060.6,950.0
2024-04-08 14:00:00+00:00,51.66,4438.5,1456.7,950.0
2024-04-08 15:00:00+00:00,71.05,4622.58,848.58,300.0
2024-04-08 16:00:00+00:00,97.12,4943.08,227.9,-280.0
2024-04-08 17:00:00+00:00,131.65,5374.43,17.18,-1105.1
2024-04-08 18:00:00+00:00,120.06,5457.1,0.0,-965.5
2024-04-08 19:00:00+00:00,82.19,5149.55,0.0,-748.5
2024-04-08 20:00:00+00:00,69.68,4820.73,0.0,-870.6
2024-04-08 21:00:00+00:00,64.74,4664.38,0.0,-807.7
2024-04-08 22:00:00+00:00,70.26,4360.7,0.0,-742.6
2024-04-08 23:00:00+00:00,64.06,4118.43,0.0,-571.6
2024-04-09 00:00:00+00:00,63.26,3920.4,0.0,-382.2
2024-04-09 01:00:00+00:00,59.95,3895.13,0.0,-360.3
2024-04-09 02:00:00+00:00,62.28,4009.08,0.0,-379.9
2024-04-09 03:00:00+00:00,68.96,4319.08,0.0,-586.2
2024-04-09 04:00:00+00:00,85.9,4859.38,96.6,-795.5
2024-04-09 05:00:00+00:00,89.88,4929.43,490.85,-756.4
2024-04-09 06:00:00+00:00,73.18,4561.93,1158.43,253.0
2024-04-09 07:00:00+00:00,59.95,4241.83,1792.43,775.5
2024-04-09 08:00:00+00:00,45.05,4007.68,2274.35,1050.0
2024-04-09 09:00:00+00:00,39.69,3915.03,2757.75,1050.0
2024-04-09 10:00:00+00:00,34.55,3922.0,2456.65,1075.6
2024-04-09 11:00:00+00:00,9.34,3934.53,2580.95,835.9
2024-04-09 12:00:00+00:00,9.72,4018.88,2354.6,800.0
2024-04-09 13:00:00+00:00,28.01,4261.43,2007.08,536.3
2024-04-09 14:00:00+00:00,36.69,4490.4,1461.78,400.0
2024-04-09 15:00:00+00:00,49.84,4666.3,903.65,400.0
2024-04-09 16:00:00+00:00,73.52,5056.2,237.65,-552.5
2024-04-09 17:00:00+00:00,88.13,5440.93,21.28,-1429.8
2024-04-09 18:00:00+00:00,89.08,5517.2,0.0,-1212.1
2024-04-09 19:00:00+00:00,71.55,5192.23,0.0,-1009.5
2024-04-09 20:00:00+00:00,66.17,4858.98,0.0,-1178.8
2024-04-09 21:00:00+00:00,50.18,4686.98,0.0,-1066.0
2024-04-09 22:00:00+00:00,22.59,4370.28,0.0,-949.9
2024-04-09 23:00:00+00:00,30.74,4132.08,0.0,-639.4
2024-04-10 00:00:00+00:00,21.59,3920.0,0.0,-427.9
2024-04-10 01:00:00+00:00,24.84,3899.5,0.0,-579.4
2024-04-10 02:00:00+00:00,24.04,4018.73,0.0,-781.9
2024-04-10 03:00:00+00:00,49.32,4347.88,0.0,-1018.3
2024-04-10 04:00:00+00:00,74.48,4896.68,97.03,-1393.3
2024-04-10 05:00:00+00:00,99.63,4981.85,485.15,-992.6
2024-04-10 06:00:00+00:00,105.63,4593.98,1091.03,-134.6
2024-04-10 07:00:00+00:00,79.59,4288.15,1675.23,450.0
2024-04-10 08:00:00+00:00,69.06,4012.05,2089.45,450.0
2024-04-10 09:00:00+00:00,54.93,3884.38,2650.83,665.8
2024-04-10 10:00:00+00:00,41.92,3892.1,2232.93,1011.8
2024-04-10 11:00:00+00:00,30.64,3888.48,2131.35,1007.5
2024-04-10 12:00:00+00:00,30.06,4034.23,2360.43,792.5
2024-04-10 13:00:00+00:00,50.05,4233.4,1733.48,822.9
2024-04-10 14:00:00+00:00,59.0,4520.3,1227.7,802.3
2024-04-10 15:00:00+00:00,73.02,4820.9,694.98,40.3
2024-04-10 16:00:00+00:00,94.54,5148.73,182.55,-686.2
2024-04-10 17:00:00+00:00,175.54,5499.85,13.78,-1062.9
2024-04-10 18:00:00+00:00,175.72,5607.23,0.0,-1008.1
2024-04-10 19:00:00+00:00,109.88,5270.83,0.0,-988.7
2024-04-10 20:00:00+00:00,83.67,4947.15,0.0,-1234.8
2024-04-10 21:00:00+00:00,74.22,4749.7,0.0,-996.2
2024-04-10 22:00:00+00:00,67.49,4472.93,0.0,-579.9
2024-04-10 23:00:00+00:00,62.2,4239.35,0.0,-313.2
2024-04-11 00:00:00+00:00,57.39,4012.5,0.0,-155.7
2024-04-11 01:00:00+00:00,56.41,3990.55,0.0,-244.0
2024-04-11 02:00:00+00:00,56.77,4114.83,0.0,-399.4
2024-04-11 03:00:00+00:00,61.2,4422.15,0.0,-604.0
2024-04-11 04:00:00+00:00,74.54,4941.3,106.83,-1297.6
2024-04-11 05:00:00+00:00,75.37,5046.9,428.83,-1195.2
2024-04-11 06:00:00+00:00,52.2,4700.48,1370.23,-344.1
2024-04-11 07:00:00+00:00,29.87,4303.85,1704.03,202.2
2024-04-11 08:00:00+00:00,10.01,4024.3,2200.08,451.1
2024-04-11 09:00:00+00:00,0.98,3948.43,3033.73,934.4
2024-04-11 10:00:00+00:00,1.14,3902.18,2583.48,1200.7
2024-04-11 11:00:00+00:00,1.35,3900.5,2825.2,1126.2
2024-04-11 12:00:00+00:00,0.72,4068.78,2528.93,988.2
2024-04-11 13:00:00+00:00,26.76,4281.5,2118.53,1019.8
2024-04-11 14:00:00+00:00,51.69,4608.85,1555.03,753.1
2024-04-11 15:00:00+00:00,72.15,4932.8,1036.9,-180.7
2024-04-11 16:00:00+00:00,91.62,5152.33,274.45,-1092.2
2024-04-11 17:00:00+00:00,124.13,5504.68,28.6,-1050.6
2024-04-11 18:00:00+00:00,132.05,5604.63,0.0,-873.8
2024-04-11 19:00:00+00:00,96.35,5240.4,0.0,-1051.1
2024-04-11 20:00:00+00:00,81.23,4959.95,0.0,-1495.7
2024-04-11 21:00:00+00:00,73.17,4741.3,0.0,-1202.4
2024-04-11 22:00:00+00:00,70.62,4486.75,0.0,-936.6
2024-04-11 23:00:00+00:00,65.2,4250.28,0.0,-723.0
2024-04-12 00:00:00+00:00,61.1,3990.53,0.0,-533.3
2024-04-12 01:00:00+00:00,61.48,3965.45,0.0,-496.5
2024-04-12 02:00:00+00:00,63.73,4081.18,0.0,-572.5
2024-04-12 03:00:00+00:00,73.23,4349.5,0.03,-898.3
2024-04-12 04:00:00+00:00,85.5,4859.78,148.35,-1326.2
2024-04-12 05:00:00+00:00,95.72,4923.23,645.75,-1062.9
2024-04-12 06:00:00+00:00,85.24,4603.9,1448.18,-159.7
2024-04-12 07:00:00+00:00,67.69,4272.48,2126.93,250.0
2024-04-12 08:00:00+00:00,41.69,4072.3,2796.13,718.9
2024-04-12 09:00:00+00:00,19.71,4052.23,3343.5,1085.5
2024-04-12 10:00:00+00:00,0.0,3851.1,2906.43,1006.7
2024-04-12 11:00:00+00:00,-0.07,3867.38,2988.03,889.8
2024-04-12 12:00:00+00:00,-0.11,4093.78,2596.8,773.1
2024-04-12 13:00:00+00:00,0.03,4301.9,2247.83,901.0
2024-04-12 14:00:00+00:00,0.2,4631.38,1662.2,641.1
2024-04-12 15:00:00+00:00,58.26,4935.4,1021.55,-400.0
2024-04-12 16:00:00+00:00,78.49,5040.25,316.48,-973.4
2024-04-12 17:00:00+00:00,117.17,5385.43,37.68,-1164.7
2024-04-12 18:00:00+00:00,121.0,5397.7,0.0,-843.8
2024-04-12 19:00:00+00:00,84.22,5112.48,0.0,-1303.1
2024-04-12 20:00:00+00:00,76.34,4831.03,0.0,-1790.6
2024-04-12 21:00:00+00:00,66.14,4621.55,0.0,-1615.2
2024-04-12 22:00:00+00:00,59.23,4368.5,0.0,-990.3
2024-04-12 23:00:00+00:00,48.39,4117.15,0.0,-492.2
2024-04-13 00:00:00+00:00,24.23,3884.43,0.0,-449.9
2024-04-13 01:00:00+00:00,19.2,3808.78,0.0,-423.1
2024-04-13 02:00:00+00:00,19.76,3813.9,0.0,-416.6
2024-04-13 03:00:00+00:00,26.17,3820.3,0.08,-347.4
2024-04-13 04:00:00+00:00,30.87,3938.38,151.5,-230.4
2024-04-13 05:00:00+00:00,34.76,4123.63,529.38,12.5
2024-04-13 06:00:00+00:00,21.74,4144.13,1448.65,654.8
2024-04-13 07:00:00+00:00,8.8,4166.38,1853.03,1084.7
2024-04-13 08:00:00+00:00,-0.02,4060.33,2348.3,1558.1
2024-04-13 09:00:00+00:00,-10.03,3990.6,3156.73,1951.3
2024-04-13 10:00:00+00:00,-25.23,3946.85,2686.58,2000.0
2024-04-13 11:00:00+00:00,-50.0,3879.23,2935.75,2000.0
2024-04-13 12:00:00+00:00,-55.01,3826.23,2888.58,2000.0
2024-04-13 13:00:00+00:00,-49.91,4023.03,2318.43,2000.0
2024-04-13 14:00:00+00:00,-19.59,4316.58,1680.38,1300.0
2024-04-13 15:00:00+00:00,-0.37,4542.6,1082.83,811.2
2024-04-13 16:00:00+00:00,37.45,4700.48,300.98,-734.0
2024-04-13 17:00:00+00:00,77.0,4961.8,35.18,-1207.1
2024-04-13 18:00:00+00:00,77.15,5000.48,0.0,-1584.8
2024-04-13 19:00:00+00:00,58.67,4745.5,0.0,-1311.0
2024-04-13 20:00:00+00:00,51.62,4422.63,0.0,-1224.1
2024-04-13 21:00:00+00:00,47.33,4165.5,0.0,-971.7
2024-04-13 22:00:00+00:00,64.95,3930.98,0.0,-770.7
2024-04-13 23:00:00+00:00,23.36,3754.05,0.0,-443.3
2024-04-14 00:00:00+00:00,10.08,3628.58,0.0,-660.0
2024-04-14 01:00:00+00:00,4.98,3535.38,0.0,-741.1
2024-04-14 02:00:00+00:00,12.94,3541.65,0.0,-829.8
2024-04-14 03:00:00+00:00,10.48,3578.43,0.15,-868.2
2024-04-14 04:00:00+00:00,12.86,3648.15,134.1,-647.5
2024-04-14 05:00:00+00:00,13.0,3732.73,605.65,-202.5
2024-04-14 06:00:00+00:00,7.46,3767.5,1356.85,669.8
2024-04-14 07:00:00+00:00,0.0,3739.0,1990.28,1330.5
2024-04-14 08:00:00+00:00,-2.13,3603.58,2447.75,1710.8
2024-04-14 09:00:00+00:00,-11.54,3552.0,2875.23,1721.8
2024-04-14 10:00:00+00:00,-40.06,3524.45,2506.38,1985.5
2024-04-14 11:00:00+00:00,-56.45,3463.25,2399.25,2000.0
2024-04-14 12:00:00+00:00,-57.42,3567.78,3038.63,2000.0
2024-04-14 13:00:00+00:00,-40.04,3753.28,2106.78,1455.4
2024-04-14 14:00:00+00:00,-6.25,4087.18,1595.38,1204.4
2024-04-14 15:00:00+00:00,1.57,4392.1,997.15,150.2
2024-04-14 16:00:00+00:00,63.37,4601.43,281.4,-1174.2
2024-04-14 17:00:00+00:00,79.51,4989.58,37.15,-1541.8
2024-04-14 18:00:00+00:00,103.89,5194.13,0.0,-2018.8
2024-04-14 19:00:00+00:00,98.66,4925.95,0.0,-1765.1
2024-04-14 20:00:00+00:00,91.28,4530.48,0.0,-993.8
2024-04-14 21:00:00+00:00,81.2,4239.85,0.0,-395.8
2024-04-14 22:00:00+00:00,76.16,3853.15,0.0,-784.7
2024-04-14 23:00:00+00:00,75.93,3682.03,0.0,-808.6
2024-04-15 00:00:00+00:00,73.8,3549.38,0.0,-606.6
2024-04-15 01:00:00+00:00,74.14,3548.53,0.0,-730.3
2024-04-15 02:00:00+00:00,71.65,3690.43,0.0,-809.2
2024-04-15 03:00:00+00:00,82.5,4031.23,0.28,-930.4
2024-04-15 04:00:00+00:00,109.72,4622.8,128.2,-1776.1
2024-04-15 05:00:00+00:00,158.53,4717.78,474.5,-2500.0
2024-04-15 06:00:00+00:00,141.01,4484.3,1206.25,-658.0
2024-04-15 07:00:00+00:00,83.53,4271.9,1773.53,500.0
2024-04-15 08:00:00+00:00,68.68,4001.63,2330.3,2000.0
2024-04-15 09:00:00+00:00,55.04,3850.6,2693.65,2000.0
2024-04-15 10:00:00+00:00,42.47,3812.6,2689.9,2000.0
2024-04-15 11:00:00+00:00,32.18,3816.93,2714.38,2000.0
2024-04-15 12:00:00+00:00,15.15,3907.0,2576.23,2000.0
2024-04-15 13:00:00+00:00,54.52,4130.88,1976.08,1284.9
2024-04-15 14:00:00+00:00,69.77,4456.9,1356.08,191.3
2024-04-15 15:00:00+00:00,84.1,4847.98,866.85,-200.0
2024-04-15 16:00:00+00:00,86.36,5065.53,230.8,-1414.5
2024-04-15 17:00:00+00:00,96.31,5370.45,28.4,-2500.0
2024-04-15 18:00:00+00:00,96.67,5466.2,0.0,-2342.4
2024-04-15 19:00:00+00:00,83.04,5184.4,0.0,-1517.6
2024-04-15 20:00:00+00:00,66.03,4831.68,0.0,-1580.0
2024-04-15 21:00:00+00:00,53.72,4597.83,0.0,-1466.8
2024-04-15 22:00:00+00:00,32.16,4286.85,0.0,-1342.3
2024-04-15 23:00:00+00:00,20.93,4055.48,0.0,-1327.2
2024-04-16 00:00:00+00:00,9.99,3864.88,0.0,-1267.2
2024-04-16 01:00:00+00:00,17.31,3857.48,0.0,-1450.4
2024-04-16 02:00:00+00:00,30.06,3975.48,0.0,-1339.7
2024-04-16 03:00:00+00:00,47.12,4258.58,0.33,-1532.4
2024-04-16 04:00:00+00:00,66.86,4776.7,101.25,-2353.1
2024-04-16 05:00:00+00:00,81.85,4836.95,300.88,-2500.0
2024-04-16 06:00:00+00:00,81.82,4513.45,606.1,-2073.5
2024-04-16 07:00:00+00:00,75.94,4203.6,763.38,-555.3
2024-04-16 08:00:00+00:00,58.15,3854.78,861.65,1200.9
2024-04-16 09:00:00+00:00,47.94,3748.53,1119.0,1422.5
2024-04-16 10:00:00+00:00,45.02,3673.33,884.75,1279.0
2024-04-16 11:00:00+00:00,43.15,3558.6,834.0,1177.7
2024-04-16 12:00:00+00:00,44.68,3592.93,991.03,1094.8
2024-04-16 13:00:00+00:00,52.57,3841.63,718.58,528.8
2024-04-16 14:00:00+00:00,68.6,4205.75,442.75,-200.0
2024-04-16 15:00:00+00:00,82.97,4667.18,283.58,-697.1
2024-04-16 16:00:00+00:00,94.71,5086.13,111.23,-1665.3
2024-04-16 17:00:00+00:00,112.51,5386.75,15.73,-2500.0
2024-04-16 18:00:00+00:00,117.4,5513.13,0.0,-2116.6
2024-04-16 19:00:00+00:00,101.4,5244.13,0.0,-989.6
2024-04-16 20:00:00+00:00,87.32,4961.85,0.0,-873.8
2024-04-16 21:00:00+00:00,78.6,4765.8,0.0,-631.0
2024-04-16 22:00:00+00:00,75.16,4389.05,0.0,-646.8
2024-04-16 23:00:00+00:00,64.42,4164.03,0.0,-769.0
2024-04-17 00:00:00+00:00,57.85,4032.8,0.0,-560.3
2024-04-17 01:00:00+00:00,51.35,4017.48,0.0,-702.6
2024-04-17 02:00:00+00:00,60.01,4143.18,0.0,-672.0
2024-04-17 03:00:00+00:00,72.83,4444.75,0.55,-704.1
2024-04-17 04:00:00+00:00,94.64,5021.25,125.3,-1199.4
2024-04-17 05:00:00+00:00,119.03,5266.78,494.7,-1852.6
2024-04-17 06:00:00+00:00,98.36,4899.3,1177.0,16.8
2024-04-17 07:00:00+00:00,77.07,5044.4,1620.05,685.3
2024-04-17 08:00:00+00:00,73.04,4122.95,1798.3,2000.0
2024-04-17 09:00:00+00:00,71.75,4621.63,2030.58,2000.0
2024-04-17 10:00:00+00:00,71.09,5174.95,2190.75,2000.0
2024-04-17 11:00:00+00:00,70.84,4809.8,2104.28,1998.8
2024-04-17 12:00:00+00:00,68.67,3810.1,1927.4,2000.0
2024-04-17 13:00:00+00:00,70.22,4064.05,1521.33,1541.7
2024-04-17 14:00:00+00:00,72.38,4439.83,1141.45,500.0
2024-04-17 15:00:00+00:00,84.3,4925.08,670.0,500.0
2024-04-17 16:00:00+00:00,109.93,5546.4,274.63,-877.5
2024-04-17 17:00:00+00:00,147.08,5660.03,39.13,-2500.0
2024-04-17 18:00:00+00:00,153.17,5577.08,0.0,-1824.8
2024-04-17 19:00:00+00:00,125.48,5316.15,0.0,-269.8
2024-04-17 20:00:00+00:00,94.24,5041.0,0.0,-86.5
2024-04-17 21:00:00+00:00,83.66,4870.78,0.0,0.4
2024-04-17 22:00:00+00:00,91.6,4554.55,0.0,-93.7
2024-04-17 23:00:00+00:00,83.72,4346.43,0.0,-122.6
2024-04-18 00:00:00+00:00,81.73,4168.8,0.0,91.8
2024-04-18 01:00:00+00:00,79.93,4166.65,0.0,-125.9
2024-04-18 02:00:00+00:00,85.15,4284.8,0.0,-181.9
2024-04-18 03:00:00+00:00,87.35,4569.73,0.85,-389.3
2024-04-18 04:00:00+00:00,118.41,5206.85,150.98,-1049.6
2024-04-18 05:00:00+00:00,152.17,5461.38,512.35,-1927.4
2024-04-18 06:00:00+00:00,131.19,5435.43,1374.93,-280.0
2024-04-18 07:00:00+00:00,101.12,5351.23,1742.3,713.0
2024-04-18 08:00:00+00:00,85.76,5307.95,2151.55,1960.0
2024-04-18 09:00:00+00:00,78.2,5087.9,2195.35,1960.0
2024-04-18 10:00:00+00:00,76.11,4892.33,2492.78,1891.7
2024-04-18 11:00:00+00:00,73.53,4852.3,2559.48,1921.3
2024-04-18 12:00:00+00:00,68.82,5124.55,2012.68,1960.0
2024-04-18 13:00:00+00:00,67.62,4814.33,1981.43,1960.0
2024-04-18 14:00:00+00:00,70.02,4953.28,1498.15,1013.6
2024-04-18 15:00:00+00:00,83.48,5384.45,1068.3,-345.3
2024-04-18 16:00:00+00:00,99.28,5390.95,342.03,-1534.8
2024-04-18 17:00:00+00:00,127.06,5696.1,54.2,-2314.2
2024-04-18 18:00:00+00:00,131.5,5711.38,0.0,-1822.1
2024-04-18 19:00:00+00:00,107.92,5440.83,0.0,-410.3
2024-04-18 20:00:00+00:00,89.94,5135.03,0.0,-594.4
2024-04-18 21:00:00+00:00,80.1,4939.13,0.0,-603.2
2024-04-18 22:00:00+00:00,78.73,4652.6,0.0,-867.5
2024-04-18 23:00:00+00:00,61.8,4443.2,0.0,-914.3
2024-04-19 00:00:00+00:00,50.23,4243.7,0.0,-875.9
2024-04-19 01:00:00+00:00,50.2,4231.1,0.0,-1086.6
2024-04-19 02:00:00+00:00,50.79,4341.28,0.0,-922.0
2024-04-19 03:00:00+00:00,64.0,4626.63,1.53,-1094.5
2024-04-19 04:00:00+00:00,105.6,5154.9,242.3,-1176.9
2024-04-19 05:00:00+00:00,87.93,5345.73,832.65,-1650.9
2024-04-19 06:00:00+00:00,80.21,5210.8,1719.9,80.7
2024-04-19 07:00:00+00:00,67.21,4918.28,2436.58,1339.9
2024-04-19 08:00:00+00:00,59.08,4813.48,2906.83,1960.0
2024-04-19 09:00:00+00:00,52.91,4640.85,3066.2,1960.0
2024-04-19 10:00:00+00:00,46.82,4551.78,3002.4,1960.0
2024-04-19 11:00:00+00:00,44.45,4518.23,2987.7,1960.0
2024-04-19 12:00:00+00:00,43.53,4620.6,2854.38,1960.0
2024-04-19 13:00:00+00:00,53.75,4718.93,2354.98,1284.9
2024-04-19 14:00:00+00:00,66.62,4886.3,1654.8,1220.0
2024-04-19 15:00:00+00:00,79.75,5044.15,1008.85,83.1
2024-04-19 16:00:00+00:00,96.86,5224.25,335.28,-984.6
2024-04-19 17:00:00+00:00,116.64,5524.1,50.88,-2406.6
2024-04-19 18:00:00+00:00,99.64,5649.25,0.0,-1885.6
2024-04-19 19:00:00+00:00,89.71,5361.28,0.0,-851.5
2024-04-19 20:00:00+00:00,80.99,5082.35,0.0,-977.6
2024-04-19 21:00:00+00:00,72.33,4867.58,0.0,-995.6
2024-04-19 22:00:00+00:00,69.45,4608.08,0.0,-1065.1
2024-04-19 23:00:00+00:00,63.35,4378.65,0.0,-1221.3
2024-04-20 00:00:00+00:00,59.35,4154.75,0.0,-1314.1
2024-04-20 01:00:00+00:00,59.79,4076.25,0.0,-1531.5
2024-04-20 02:00:00+00:00,60.86,4084.2,0.0,-1458.6
2024-04-20 03:00:00+00:00,64.7,4094.88,2.63,-1364.7
2024-04-20 04:00:00+00:00,67.97,4207.1,178.4,-1259.0
2024-04-20 05:00:00+00:00,70.05,4288.48,582.53,-738.8
2024-04-20 06:00:00+00:00,61.56,4198.93,1271.48,-302.7
2024-04-20 07:00:00+00:00,55.46,3993.23,1802.8,105.2
2024-04-20 08:00:00+00:00,48.68,3726.98,2204.25,460.0
2024-04-20 09:00:00+00:00,37.07,3586.7,2081.85,460.0
2024-04-20 10:00:00+00:00,27.79,3495.68,2465.68,-80.9
2024-04-20 11:00:00+00:00,11.23,3386.33,2457.85,-60.4
2024-04-20 12:00:00+00:00,9.55,3316.53,1892.35,-477.5
2024-04-20 13:00:00+00:00,16.73,3508.5,1754.38,-932.2
2024-04-20 14:00:00+00:00,35.2,3816.95,1328.6,-464.7
2024-04-20 15:00:00+00:00,59.29,4131.83,776.3,-818.2
2024-04-20 16:00:00+00:00,78.58,4452.93,290.7,-336.5
2024-04-20 17:00:00+00:00,92.04,4837.28,41.83,-461.4
2024-04-20 18:00:00+00:00,102.03,5095.9,0.0,-439.5
2024-04-20 19:00:00+00:00,93.21,4980.63,0.0,-453.5
2024-04-20 20:00:00+00:00,84.79,4681.25,0.0,-496.5
2024-04-20 21:00:00+00:00,81.16,4398.25,0.0,-564.1
2024-04-20 22:00:00+00:00,79.41,4079.15,0.0,-368.3
2024-04-20 23:00:00+00:00,67.29,3925.25,0.0,-567.0
2024-04-21 00:00:00+00:00,67.64,3788.1,0.0,-611.3
2024-04-21 01:00:00+00:00,64.24,3743.65,0.0,-777.7
2024-04-21 02:00:00+00:00,63.3,3762.9,0.0,-795.6
2024-04-21 03:00:00+00:00,63.62,3809.53,3.3,-814.5
2024-04-21 04:00:00+00:00,63.71,3890.15,200.03,-650.7
2024-04-21 05:00:00+00:00,57.32,3939.18,686.45,-64.6
2024-04-21 06:00:00+00:00,57.43,3872.33,1349.8,475.5
2024-04-21 07:00:00+00:00,40.79,3753.53,1835.5,500.0
2024-04-21 08:00:00+00:00,31.91,3586.35,2144.1,479.5
2024-04-21 09:00:00+00:00,16.26,3480.95,2293.15,226.2
2024-04-21 10:00:00+00:00,7.95,3339.78,2445.75,-200.0
2024-04-21 11:00:00+00:00,-0.04,3285.83,2333.78,-200.0
2024-04-21 12:00:00+00:00,-1.03,3233.8,2318.58,-200.0
2024-04-21 13:00:00+00:00,0.28,3399.58,1524.03,-200.0
2024-04-21 14:00:00+00:00,5.78,3698.95,1132.25,-258.7
2024-04-21 15:00:00+00:00,56.41,4022.43,810.15,-455.0
2024-04-21 16:00:00+00:00,74.6,4355.05,289.9,-283.2
2024-04-21 17:00:00+00:00,89.3,4740.1,44.73,-451.5
2024-04-21 18:00:00+00:00,95.42,5050.13,0.0,-381.2
2024-04-21 19:00:00+00:00,90.99,4849.5,0.0,-424.4
2024-04-21 20:00:00+00:00,87.3,4552.5,0.0,-237.7
2024-04-21 21:00:00+00:00,86.08,4181.2,0.0,-253.2
2024-04-21 22:00:00+00:00,77.78,4122.83,0.0,1098.3
2024-04-21 23:00:00+00:00,78.05,3980.03,0.0,863.1
2024-04-22 00:00:00+00:00,78.44,3818.78,0.0,659.5
2024-04-22 01:00:00+00:00,75.34,3843.28,0.0,634.5
2024-04-22 02:00:00+00:00,74.24,3987.28,0.0,726.1
2024-04-22 03:00:00+00:00,85.0,4340.33,2.73,1148.2
2024-04-22 04:00:00+00:00,106.06,4971.98,182.23,2000.0
2024-04-22 05:00:00+00:00,130.06,5051.78,549.8,2000.0
2024-04-22 06:00:00+00:00,117.46,4703.1,1242.65,2000.0
2024-04-22 07:00:00+00:00,97.05,4374.68,1600.75,2000.0
2024-04-22 08:00:00+00:00,79.78,4105.6,1715.18,1923.7
2024-04-22 09:00:00+00:00,75.83,4026.63,1486.38,1679.1
2024-04-22 10:00:00+00:00,73.67,4088.23,2170.7,1326.0
2024-04-22 11:00:00+00:00,71.44,4081.95,2051.85,1038.9
2024-04-22 12:00:00+00:00,69.71,4074.65,1876.73,949.5
2024-04-22 13:00:00+00:00,73.21,4345.7,1296.15,1569.8
2024-04-22 14:00:00+00:00,81.45,4618.53,989.43,1656.3
2024-04-22 15:00:00+00:00,92.67,4865.7,842.05,1896.9
2024-04-22 16:00:00+00:00,115.07,5193.7,310.93,2000.0
2024-04-22 17:00:00+00:00,157.52,5587.28,52.95,2000.0
2024-04-22 18:00:00+00:00,170.55,5754.13,0.0,2000.0
2024-04-22 19:00:00+00:00,131.49,5450.18,0.0,1376.6
2024-04-22 20:00:00+00:00,107.13,5112.63,0.0,892.6
2024-04-22 21:00:00+00:00,97.57,4941.85,0.0,988.7
2024-04-22 22:00:00+00:00,88.32,4621.68,0.0,1044.6
2024-04-22 23:00:00+00:00,86.69,4395.48,0.0,727.7
2024-04-23 00:00:00+00:00,85.95,4184.25,0.0,565.8
2024-04-23 01:00:00+00:00,85.25,4165.5,0.0,593.0
2024-04-23 02:00:00+00:00,85.76,4298.58,0.0,856.0
2024-04-23 03:00:00+00:00,97.23,4631.4,5.9,1070.4
2024-04-23 04:00:00+00:00,121.4,5311.5,181.55,2000.0
2024-04-23 05:00:00+00:00,181.26,5401.83,567.4,1960.0
2024-04-23 06:00:00+00:00,136.28,4903.1,959.65,1960.0
2024-04-23 07:00:00+00:00,98.48,4419.88,1567.73,1960.0
2024-04-23 08:00:00+00:00,83.09,4129.43,1997.63,1960.0
2024-04-23 09:00:00+00:00,82.59,4054.98,1828.08,1960.0
2024-04-23 10:00:00+00:00,84.29,4116.35,1872.65,1640.9
2024-04-23 11:00:00+00:00,79.99,4102.45,1655.15,1701.1
2024-04-23 12:00:00+00:00,78.62,4074.08,1678.7,1703.8
2024-04-23 13:00:00+00:00,79.95,4303.45,1131.68,1517.8
2024-04-23 14:00:00+00:00,87.18,4588.8,731.8,1328.4
2024-04-23 15:00:00+00:00,98.77,4842.73,374.55,1483.0
2024-04-23 16:00:00+00:00,109.51,5164.7,121.2,1695.9
2024-04-23 17:00:00+00:00,127.41,5558.73,19.6,1960.0
2024-04-23 18:00:00+00:00,130.68,5727.7,0.0,1960.0
2024-04-23 19:00:00+00:00,112.5,5426.03,0.0,1105.6
2024-04-23 20:00:00+00:00,96.01,5092.4,0.0,608.0
2024-04-23 21:00:00+00:00,82.0,4914.5,0.0,557.9
2024-04-23 22:00:00+00:00,82.96,4626.73,0.0,1096.7
2024-04-23 23:00:00+00:00,79.48,4383.8,0.0,1070.7
2024-04-24 00:00:00+00:00,78.22,4165.25,0.0,1023.6
2024-04-24 01:00:00+00:00,77.0,4155.2,0.0,1073.5
2024-04-24 02:00:00+00:00,79.31,4288.5,0.0,1177.9
2024-04-24 03:00:00+00:00,84.37,4608.0,0.55,1646.9
2024-04-24 04:00:00+00:00,105.94,5240.13,42.23,1960.0
2024-04-24 05:00:00+00:00,126.35,5427.95,155.43,1960.0
2024-04-24 06:00:00+00:00,117.04,5267.6,318.43,1960.0
2024-04-24 07:00:00+00:00,100.6,5069.4,641.8,1960.0
2024-04-24 08:00:00+00:00,93.13,4845.48,897.43,1874.3
2024-04-24 09:00:00+00:00,92.58,4848.55,850.63,1960.0
2024-04-24 10:00:00+00:00,91.76,4855.43,1134.53,1823.0
2024-04-24 11:00:00+00:00,88.09,4750.7,1296.03,1704.0
2024-04-24 12:00:00+00:00,83.94,4671.38,1531.75,1680.5
2024-04-24 13:00:00+00:00,84.18,4756.25,1122.43,1730.4
2024-04-24 14:00:00+00:00,86.75,4947.43,817.73,1751.0
2024-04-24 15:00:00+00:00,96.51,5120.8,517.58,1953.9
2024-04-24 16:00:00+00:00,109.69,5389.58,246.43,1960.0
2024-04-24 17:00:00+00:00,134.47,5744.53,42.8,1960.0
2024-04-24 18:00:00+00:00,139.91,5864.8,0.0,1960.0
2024-04-24 19:00:00+00:00,121.68,5598.48,0.0,1960.0
2024-04-24 20:00:00+00:00,106.98,5253.03,0.0,1545.1
2024-04-24 21:00:00+00:00,90.66,5045.25,0.0,1256.7
2024-04-24 22:00:00+00:00,83.5,4782.1,0.0,836.3
2024-04-24 23:00:00+00:00,80.0,4552.38,0.0,923.8
2024-04-25 00:00:00+00:00,77.65,4358.43,0.0,979.4
2024-04-25 01:00:00+00:00,77.27,4332.8,0.0,960.3
2024-04-25 02:00:00+00:00,77.14,4477.78,0.0,974.4
2024-04-25 03:00:00+00:00,84.49,4778.1,9.08,1190.0
2024-04-25 04:00:00+00:00,105.76,5426.18,239.45,1960.0
2024-04-25 05:00:00+00:00,128.96,5642.03,684.43,1960.0
2024-04-25 06:00:00+00:00,112.91,5319.25,2011.25,1960.0
2024-04-25 07:00:00+00:00,91.8,5524.95,2193.25,1960.0
2024-04-25 08:00:00+00:00,79.74,5046.75,2682.85,1960.0
2024-04-25 09:00:00+00:00,78.2,5206.4,2857.18,1960.0
2024-04-25 10:00:00+00:00,73.92,5467.38,2905.18,1960.0
2024-04-25 11:00:00+00:00,68.38,5306.63,2789.95,1960.0
2024-04-25 12:00:00+00:00,65.96,5166.08,2326.15,1909.5
2024-04-25 13:00:00+00:00,69.82,5259.95,2145.68,1550.3
2024-04-25 14:00:00+00:00,73.36,5444.25,1634.5,1232.6
2024-04-25 15:00:00+00:00,82.11,5487.7,1048.15,1479.2
2024-04-25 16:00:00+00:00,101.92,5639.8,395.05,1584.7
2024-04-25 17:00:00+00:00,140.89,5811.38,81.4,2000.0
2024-04-25 18:00:00+00:00,157.05,5881.75,0.0,2000.0
2024-04-25 19:00:00+00:00,114.3,5574.73,0.0,1623.8
2024-04-25 20:00:00+00:00,91.35,5264.35,0.0,1163.5
2024-04-25 21:00:00+00:00,79.74,5038.0,0.0,761.7
2024-04-25 22:00:00+00:00,79.87,4780.85,0.0,1348.7
2024-04-25 23:00:00+00:00,74.0,4566.5,0.0,1442.0
2024-04-26 00:00:00+00:00,75.42,4388.23,0.0,1519.4
2024-04-26 01:00:00+00:00,74.07,4393.7,0.0,1483.3
2024-04-26 02:00:00+00:00,77.1,4514.15,0.0,1486.1
2024-04-26 03:00:00+00:00,84.66,4778.43,13.35,1682.0
2024-04-26 04:00:00+00:00,98.82,5278.25,323.48,2000.0
2024-04-26 05:00:00+00:00,104.06,5445.2,943.55,2000.0
2024-04-26 06:00:00+00:00,96.06,5480.68,1649.3,2000.0
2024-04-26 07:00:00+00:00,81.08,4996.45,2391.68,2000.0
2024-04-26 08:00:00+00:00,70.71,5454.68,2818.73,2000.0
2024-04-26 09:00:00+00:00,72.95,5005.13,2940.33,2000.0
2024-04-26 10:00:00+00:00,70.35,4570.18,3137.0,2000.0
2024-04-26 11:00:00+00:00,68.74,4879.88,2981.6,1859.8
2024-04-26 12:00:00+00:00,65.37,5206.83,1970.23,1661.0
2024-04-26 13:00:00+00:00,69.92,5241.25,1789.58,1485.7
2024-04-26 14:00:00+00:00,71.53,5251.63,1371.65,1437.0
2024-04-26 15:00:00+00:00,80.12,5341.55,842.23,1701.0
2024-04-26 16:00:00+00:00,96.15,5339.25,380.63,2000.0
2024-04-26 17:00:00+00:00,136.72,5648.53,79.93,2000.0
2024-04-26 18:00:00+00:00,146.9,5725.75,0.0,2000.0
2024-04-26 19:00:00+00:00,113.61,5477.35,0.0,2000.0
2024-04-26 20:00:00+00:00,91.94,5140.5,0.0,1955.3
2024-04-26 21:00:00+00:00,88.26,4976.55,0.0,1466.6
2024-04-26 22:00:00+00:00,90.31,4607.63,0.0,576.7
2024-04-26 23:00:00+00:00,89.47,4356.45,0.0,571.9
2024-04-27 00:00:00+00:00,87.41,4135.08,0.0,691.6
2024-04-27 01:00:00+00:00,89.35,4056.28,0.0,711.8
2024-04-27 02:00:00+00:00,90.1,4075.48,0.0,791.3
2024-04-27 03:00:00+00:00,85.18,4082.33,11.9,907.0
2024-04-27 04:00:00+00:00,83.12,4185.5,235.8,1120.3
2024-04-27 05:00:00+00:00,76.46,4236.6,696.33,1667.3
2024-04-27 06:00:00+00:00,66.52,4148.98,1607.65,1895.1
2024-04-27 07:00:00+00:00,56.13,3970.58,2268.48,1619.3
2024-04-27 08:00:00+00:00,36.02,3849.75,2785.25,1686.4
2024-04-27 09:00:00+00:00,8.43,3828.85,3066.4,1300.0
2024-04-27 10:00:00+00:00,0.03,3710.15,2953.23,1021.8
2024-04-27 11:00:00+00:00,-0.09,3571.93,2891.48,899.4
2024-04-27 12:00:00+00:00,0.0,3550.38,2689.8,861.0
2024-04-27 13:00:00+00:00,0.0,3717.18,2311.35,593.3
2024-04-27 14:00:00+00:00,19.17,3913.55,1584.98,518.4
2024-04-27 15:00:00+00:00,58.22,4200.53,1027.95,918.1
2024-04-27 16:00:00+00:00,83.88,4419.98,453.65,982.6
2024-04-27 17:00:00+00:00,119.36,4753.05,100.45,674.0
2024-04-27 18:00:00+00:00,137.63,5075.2,0.0,494.7
2024-04-27 19:00:00+00:00,87.0,4904.45,0.0,200.5
2024-04-27 20:00:00+00:00,75.66,4594.35,0.0,-35.6
2024-04-27 21:00:00+00:00,65.29,4306.23,0.0,-86.3
2024-04-27 22:00:00+00:00,56.39,4011.78,0.0,-32.4
2024-04-27 23:00:00+00:00,46.05,3844.55,0.0,-24.9
2024-04-28 00:00:00+00:00,39.6,3740.65,0.0,60.5
2024-04-28 01:00:00+00:00,31.37,3695.78,0.0,113.1
2024-04-28 02:00:00+00:00,27.4,3721.98,0.0,91.7
2024-04-28 03:00:00+00:00,25.64,3733.0,18.03,59.4
2024-04-28 04:00:00+00:00,9.92,3779.95,314.48,328.0
2024-04-28 05:00:00+00:00,0.1,3743.5,840.9,544.5
2024-04-28 06:00:00+00:00,-0.07,3603.68,1706.5,889.9
2024-04-28 07:00:00+00:00,-1.02,3501.03,2414.3,1190.6
2024-04-28 08:00:00+00:00,-16.83,3362.75,3065.3,1300.0
2024-04-28 09:00:00+00:00,-37.0,3343.65,3422.73,1300.0
2024-04-28 10:00:00+00:00,-49.74,3319.45,3100.48,1300.0
2024-04-28 11:00:00+00:00,-57.18,3284.03,3154.08,1256.2
2024-04-28 12:00:00+00:00,-65.06,3334.35,2845.68,1169.9
2024-04-28 13:00:00+00:00,-52.43,3424.2,2406.33,851.2
2024-04-28 14:00:00+00:00,-24.93,3803.1,1851.63,296.5
2024-04-28 15:00:00+00:00,-0.02,4105.58,1182.28,617.4
2024-04-28 16:00:00+00:00,25.24,4441.13,415.45,263.6
2024-04-28 17:00:00+00:00,70.16,4784.73,89.05,281.6
2024-04-28 18:00:00+00:00,85.51,5026.98,0.0,288.2
2024-04-28 19:00:00+00:00,78.56,4809.5,0.0,-211.3
2024-04-28 20:00:00+00:00,72.21,4489.7,0.0,-190.5
2024-04-28 21:00:00+00:00,66.94,4178.25,0.0,-105.5
2024-04-28 22:00:00+00:00,63.15,4211.28,0.0,2000.0
2024-04-28 23:00:00+00:00,60.05,4088.2,0.0,2000.0
2024-04-29 00:00:00+00:00,58.93,3915.75,0.0,2000.0
2024-04-29 01:00:00+00:00,62.2,3926.7,0.0,2000.0
2024-04-29 02:00:00+00:00,75.26,4086.3,0.0,2000.0
2024-04-29 03:00:00+00:00,83.2,4430.15,20.53,2000.0
2024-04-29 04:00:00+00:00,103.21,5023.68,310.98,2000.0
2024-04-29 05:00:00+00:00,114.42,5021.28,898.75,2000.0
2024-04-29 06:00:00+00:00,103.59,4631.6,1589.43,2000.0
2024-04-29 07:00:00+00:00,79.71,4249.83,2274.28,2000.0
2024-04-29 08:00:00+00:00,50.88,3981.93,2869.45,2000.0
2024-04-29 09:00:00+00:00,35.43,4047.33,3185.43,2000.0
2024-04-29 10:00:00+00:00,31.41,4215.28,3001.03,2000.0
2024-04-29 11:00:00+00:00,13.51,4256.35,3146.65,2000.0
2024-04-29 12:00:00+00:00,18.51,4317.7,2829.55,2000.0
2024-04-29 13:00:00+00:00,36.79,4447.55,2408.7,2000.0
2024-04-29 14:00:00+00:00,47.68,4686.43,1871.23,2000.0
2024-04-29 15:00:00+00:00,83.06,4894.93,1235.45,2000.0
2024-04-29 16:00:00+00:00,102.32,5218.85,468.3,2000.0
2024-04-29 17:00:00+00:00,174.04,5534.45,112.88,2000.0
2024-04-29 18:00:00+00:00,204.19,5716.73,0.0,2000.0
2024-04-29 19:00:00+00:00,109.24,5366.6,0.0,2000.0
2024-04-29 20:00:00+00:00,87.43,5014.23,0.0,2000.0
2024-04-29 21:00:00+00:00,80.32,4787.65,0.0,2000.0
2024-04-29 22:00:00+00:00,74.59,4652.78,0.0,2000.0
2024-04-29 23:00:00+00:00,67.16,4437.2,0.0,2000.0
2024-04-30 00:00:00+00:00,70.96,4230.23,0.0,2000.0
2024-04-30 01:00:00+00:00,71.3,4225.05,0.0,2000.0
2024-04-30 02:00:00+00:00,70.99,4295.03,0.0,2000.0
2024-04-30 03:00:00+00:00,78.73,4574.48,24.3,2000.0
2024-04-30 04:00:00+00:00,94.87,4864.18,350.9,2000.0
2024-04-30 05:00:00+00:00,103.6,4917.53,981.43,2000.0
2024-04-30 06:00:00+00:00,81.6,4646.15,1785.75,2000.0
2024-04-30 07:00:00+00:00,69.02,4158.95,2506.13,2000.0
2024-04-30 08:00:00+00:00,44.77,4041.7,3160.85,2000.0
2024-04-30 09:00:00+00:00,17.61,3935.55,3566.48,2000.0
2024-04-30 10:00:00+00:00,12.21,3843.7,3301.2,2000.0
2024-04-30 11:00:00+00:00,6.97,4082.2,3221.5,2000.0
2024-04-30 12:00:00+00:00,4.91,4354.35,3269.93,2000.0
2024-04-30 13:00:00+00:00,19.14,4493.65,2552.53,2000.0
2024-04-30 14:00:00+00:00,44.12,4573.95,1966.68,2000.0
2024-04-30 15:00:00+00:00,64.77,4726.65,1296.08,2000.0
2024-04-30 16:00:00+00:00,86.2,4887.35,470.43,2000.0
2024-04-30 17:00:00+00:00,117.73,5287.35,116.6,2000.0
2024-04-30 18:00:00+00:00,127.32,5587.38,0.0,2000.0
2024-04-30 19:00:00+00:00,88.09,5163.25,0.0,2000.0
2024-04-30 20:00:00+00:00,77.64,4884.93,0.0,2000.0
2024-04-30 21:00:00+00:00,75.97,4651.63,0.0,2000.0
2024-04-30 22:00:00+00:00,65.24,4321.98,0.0,2000.0
2024-04-30 23:00:00+00:00,55.19,4051.63,0.0,2000.0
2024-05-01 00:00:00+00:00,50.04,3814.45,0.0,2000.0
2024-05-01 01:00:00+00:00,44.3,3746.93,0.0,2000.0
2024-05-01 02:00:00+00:00,47.0,3752.13,0.0,2000.0
2024-05-01 03:00:00+00:00,44.52,3644.48,25.33,2000.0
2024-05-01 04:00:00+00:00,42.59,3387.03,324.4,2300.0
2024-05-01 05:00:00+00:00,30.35,3316.93,829.1,2300.0
2024-05-01 06:00:00+00:00,9.73,3192.38,1690.35,2300.0
2024-05-01 07:00:00+00:00,-0.09,2967.25,2324.85,1600.0
2024-05-01 08:00:00+00:00,-1.05,2784.68,2892.75,1600.0
2024-05-01 09:00:00+00:00,-36.65,2627.73,3232.03,1600.0
2024-05-01 10:00:00+00:00,-84.09,2491.43,2832.6,1417.5
2024-05-01 11:00:00+00:00,-107.44,2465.98,2789.8,1201.5
2024-05-01 12:00:00+00:00,-108.16,2670.5,2352.0,851.8
2024-05-01 13:00:00+00:00,-73.82,2854.53,1865.68,311.1
2024-05-01 14:00:00+00:00,-16.73,3195.45,1424.58,1600.0
2024-05-01 15:00:00+00:00,4.84,3592.98,948.18,1600.0
2024-05-01 16:00:00+00:00,43.72,4045.65,370.35,2300.0
2024-05-01 17:00:00+00:00,68.92,4427.6,84.63,2300.0
2024-05-01 18:00:00+00:00,157.05,4775.15,0.0,2300.0
2024-05-01 19:00:00+00:00,111.09,4575.18,0.0,2300.0
2024-05-01 20:00:00+00:00,55.0,4310.7,0.0,2300.0
2024-05-01 21:00:00+00:00,31.77,4055.83,0.0,2300.0
2024-05-01 22:00:00+00:00,18.53,3909.43,0.0,2042.9
2024-05-01 23:00:00+00:00,14.85,3711.98,0.0,2042.9
2024-05-02 00:00:00+00:00,13.37,3563.68,0.0,2042.9
2024-05-02 01:00:00+00:00,11.36,3567.63,0.0,2042.9
2024-05-02 02:00:00+00:00,13.02,4075.65,0.0,2042.9
2024-05-02 03:00:00+00:00,33.76,4303.48,15.6,2042.9
2024-05-02 04:00:00+00:00,77.39,4799.2,155.43,2300.0
2024-05-02 05:00:00+00:00,83.46,4809.95,369.25,2300.0
2024-05-02 06:00:00+00:00,63.59,4401.28,1277.5,2300.0
2024-05-02 07:00:00+00:00,31.45,4095.88,1733.88,2300.0
2024-05-02 08:00:00+00:00,8.06,3788.38,2122.9,1811.8
2024-05-02 09:00:00+00:00,1.86,3832.98,2065.0,43.9
2024-05-02 10:00:00+00:00,-0.04,3960.0,1993.18,-556.8
2024-05-02 11:00:00+00:00,-1.39,3901.75,2218.5,-733.2
2024-05-02 12:00:00+00:00,0.02,3750.38,2080.13,-765.3
2024-05-02 13:00:00+00:00,19.68,3946.35,1640.53,-700.0
2024-05-02 14:00:00+00:00,37.64,4426.78,1206.2,745.0
2024-05-02 15:00:00+00:00,73.59,4715.0,665.68,2300.0
2024-05-02 16:00:00+00:00,97.5,5088.38,289.68,2300.0
2024-05-02 17:00:00+00:00,112.89,5326.95,62.4,2300.0
2024-05-02 18:00:00+00:00,124.33,5493.9,0.0,2300.0
2024-05-02 19:00:00+00:00,90.17,5284.4,0.0,2300.0
2024-05-02 20:00:00+00:00,78.27,4965.98,0.0,2300.0
2024-05-02 21:00:00+00:00,71.89,4772.35,0.0,2300.0
2024-05-02 22:00:00+00:00,68.05,4539.53,0.0,2085.7
2024-05-02 23:00:00+00:00,60.41,4266.5,0.0,2085.7
2024-05-03 00:00:00+00:00,58.29,4045.28,0.0,2085.7
2024-05-03 01:00:00+00:00,58.48,3996.68,0.0,2085.7
2024-05-03 02:00:00+00:00,58.81,3960.55,0.0,2085.7
2024-05-03 03:00:00+00:00,69.48,4183.23,13.35,2085.7
2024-05-03 04:00:00+00:00,83.45,4494.65,98.7,2300.0
2024-05-03 05:00:00+00:00,85.46,4631.65,337.0,2300.0
2024-05-03 06:00:00+00:00,88.96,4441.75,708.68,2300.0
2024-05-03 07:00:00+00:00,84.38,4230.38,989.4,2300.0
2024-05-03 08:00:00+00:00,77.11,4043.98,1342.75,1423.1
2024-05-03 09:00:00+00:00,72.4,4050.15,1327.83,612.2
2024-05-03 10:00:00+00:00,68.84,4178.28,1318.43,-391.0
2024-05-03 11:00:00+00:00,63.28,4029.08,1417.33,-807.4
2024-05-03 12:00:00+00:00,60.46,4076.0,1498.83,-1154.6
2024-05-03 13:00:00+00:00,63.23,4338.58,1304.93,-1190.3
2024-05-03 14:00:00+00:00,68.85,4626.3,1010.43,2300.0
2024-05-03 15:00:00+00:00,77.74,4864.8,624.35,2300.0
2024-05-03 16:00:00+00:00,86.66,4949.58,221.48,2300.0
2024-05-03 17:00:00+00:00,108.36,5180.08,51.5,2300.0
2024-05-03 18:00:00+00:00,127.01,5333.95,0.0,2300.0
2024-05-03 19:00:00+00:00,108.03,5162.48,0.0,2300.0
2024-05-03 20:00:00+00:00,93.71,4838.68,0.0,2300.0
2024-05-03 21:00:00+00:00,84.53,4645.18,0.0,2300.0
2024-05-03 22:00:00+00:00,89.06,4535.08,0.0,2128.6
2024-05-03 23:00:00+00:00,84.66,4268.75,0.0,2128.6
2024-05-04 00:00:00+00:00,82.5,4008.73,0.0,2128.6
2024-05-04 01:00:00+00:00,83.28,3956.73,0.0,2128.6
2024-05-04 02:00:00+00:00,85.36,3964.6,0.0,2128.6
2024-05-04 03:00:00+00:00,81.97,3976.25,28.35,2128.6
2024-05-04 04:00:00+00:00,86.17,4036.68,267.8,2128.6
2024-05-04 05:00:00+00:00,84.61,4079.28,678.98,2300.0
2024-05-04 06:00:00+00:00,62.09,3982.9,1520.7,1404.0
2024-05-04 07:00:00+00:00,52.7,3830.3,2234.8,1494.8
2024-05-04 08:00:00+00:00,41.17,3680.6,2764.75,744.0
2024-05-04 09:00:00+00:00,25.0,3611.15,3107.33,528.8
2024-05-04 10:00:00+00:00,10.11,3577.45,2660.93,582.8
2024-05-04 11:00:00+00:00,4.99,3608.4,2601.28,-810.8
2024-05-04 12:00:00+00:00,9.44,3684.38,2637.93,-1909.8
2024-05-04 13:00:00+00:00,25.17,3794.35,2257.85,-1077.9
2024-05-04 14:00:00+00:00,46.32,3999.73,1775.3,300.0
2024-05-04 15:00:00+00:00,75.29,4346.65,1121.08,1978.9
2024-05-04 16:00:00+00:00,92.96,4554.68,394.9,2300.0
2024-05-04 17:00:00+00:00,114.6,4819.43,105.45,2300.0
2024-05-04 18:00:00+00:00,127.52,4987.88,0.0,2300.0
2024-05-04 19:00:00+00:00,107.67,4840.58,0.0,2300.0
2024-05-04 20:00:00+00:00,86.07,4524.5,0.0,2300.0
2024-05-04 21:00:00+00:00,81.12,4248.55,0.0,2300.0
2024-05-04 22:00:00+00:00,87.25,3998.13,0.0,2171.4
2024-05-04 23:00:00+00:00,81.3,3796.93,0.0,2171.4
2024-05-05 00:00:00+00:00,80.66,3624.48,0.0,2171.4
2024-05-05 01:00:00+00:00,77.16,3571.28,0.0,2171.4
2024-05-05 02:00:00+00:00,71.65,3599.53,0.0,2171.4
2024-05-05 03:00:00+00:00,68.19,3582.78,35.35,2171.4
2024-05-05 04:00:00+00:00,59.58,3616.98,334.6,2300.0
2024-05-05 05:00:00+00:00,47.11,3585.25,938.88,2300.0
2024-05-05 06:00:00+00:00,33.45,3560.83,1750.0,1762.0
2024-05-05 07:00:00+00:00,16.45,3539.25,2411.88,1079.0
2024-05-05 08:00:00+00:00,4.91,3450.8,2855.33,864.3
2024-05-05 09:00:00+00:00,0.44,3419.78,3384.83,-1058.2
2024-05-05 10:00:00+00:00,0.0,3388.63,2960.7,-1877.2
2024-05-05 11:00:00+00:00,-0.04,3367.73,2897.25,-2644.5
2024-05-05 12:00:00+00:00,-0.97,3428.6,2304.88,-2700.0
2024-05-05 13:00:00+00:00,-0.1,3556.43,2100.68,-2700.0
2024-05-05 14:00:00+00:00,0.0,3885.1,1635.45,-509.1
2024-05-05 15:00:00+00:00,32.0,4218.43,1035.43,2300.0
2024-05-05 16:00:00+00:00,83.42,4498.63,401.73,2300.0
2024-05-05 17:00:00+00:00,93.17,4806.58,102.9,2300.0
2024-05-05 18:00:00+00:00,108.75,5011.83,0.05,2300.0
2024-05-05 19:00:00+00:00,103.48,4823.85,0.0,2300.0
2024-05-05 20:00:00+00:00,95.63,4496.85,0.0,2300.0
2024-05-05 21:00:00+00:00,86.68,4183.93,0.0,2300.0
2024-05-05 22:00:00+00:00,82.86,3787.38,0.0,2214.3
2024-05-05 23:00:00+00:00,77.45,3639.3,0.0,2214.3
2024-05-06 00:00:00+00:00,77.84,3495.43,0.0,2214.3
2024-05-06 01:00:00+00:00,77.6,3453.63,0.0,2214.3
2024-05-06 02:00:00+00:00,79.34,3477.38,0.0,2214.3
2024-05-06 03:00:00+00:00,86.44,3775.6,41.78,2214.3
2024-05-06 04:00:00+00:00,102.06,4418.4,311.15,2300.0
2024-05-06 05:00:00+00:00,126.52,4716.53,899.5,2300.0
2024-05-06 06:00:00+00:00,99.91,4677.63,1726.08,2300.0
2024-05-06 07:00:00+00:00,80.66,4660.1,2322.2,2066.2
2024-05-06 08:00:00+00:00,63.41,4649.58,2958.95,1607.9
2024-05-06 09:00:00+00:00,55.04,4599.8,3286.85,1391.7
2024-05-06 10:00:00+00:00,54.39,4684.73,2878.75,1056.0
2024-05-06 11:00:00+00:00,48.94,4644.65,2942.78,862.4
2024-05-06 12:00:00+00:00,46.39,4685.6,2454.1,653.2
2024-05-06 13:00:00+00:00,56.63,4638.43,2030.08,880.9
2024-05-06 14:00:00+00:00,79.62,4753.8,1461.7,2300.0
2024-05-06 15:00:00+00:00,88.07,4967.7,1130.43,2300.0
2024-05-06 16:00:00+00:00,102.99,5137.78,380.3,2300.0
2024-05-06 17:00:00+00:00,132.06,5332.75,96.18,2300.0
2024-05-06 18:00:00+00:00,139.34,5524.08,0.1,2300.0
2024-05-06 19:00:00+00:00,106.99,5256.8,0.0,2300.0
2024-05-06 20:00:00+00:00,94.47,4930.93,0.0,2300.0
2024-05-06 21:00:00+00:00,84.42,4663.73,0.0,2300.0
2024-05-06 22:00:00+00:00,81.73,4247.78,0.0,2257.1
2024-05-06 23:00:00+00:00,79.02,4022.33,0.0,2257.1
2024-05-07 00:00:00+00:00,77.03,3832.25,0.0,2257.1
2024-05-07 01:00:00+00:00,78.88,3771.23,0.0,2257.1
2024-05-07 02:00:00+00:00,78.84,3804.18,0.0,2257.1
2024-05-07 03:00:00+00:00,81.22,4026.25,29.8,2257.1
2024-05-07 04:00:00+00:00,97.34,4580.1,201.78,2300.0
2024-05-07 05:00:00+00:00,120.71,4742.48,533.08,2300.0
2024-05-07 06:00:00+00:00,112.66,4711.03,1172.83,2300.0
2024-05-07 07:00:00+00:00,91.75,4607.3,1774.3,2300.0
2024-05-07 08:00:00+00:00,85.29,4677.8,2126.05,1407.0
2024-05-07 09:00:00+00:00,83.66,4183.15,2065.48,1123.4
2024-05-07 10:00:00+00:00,73.9,3905.88,2037.75,863.0
2024-05-07 11:00:00+00:00,71.26,4102.68,2217.68,611.8
2024-05-07 12:00:00+00:00,66.88,4701.08,2394.05,533.8
2024-05-07 13:00:00+00:00,75.5,4631.63,1835.5,1282.7
2024-05-07 14:00:00+00:00,80.31,4694.68,1297.13,2300.0
2024-05-07 15:00:00+00:00,86.86,4851.3,963.98,2300.0
2024-05-07 16:00:00+00:00,102.45,4967.2,325.38,2300.0
2024-05-07 17:00:00+00:00,134.66,5225.85,75.65,2300.0
2024-05-07 18:00:00+00:00,145.3,5348.28,0.0,2300.0
2024-05-07 19:00:00+00:00,117.0,5130.7,0.0,2300.0
2024-05-07 20:00:00+00:00,98.05,4863.78,0.0,2300.0
2024-05-07 21:00:00+00:00,86.14,4669.8,0.0,2300.0
2024-05-07 22:00:00+00:00,78.22,4345.38,0.0,-904.1
2024-05-07 23:00:00+00:00,74.41,4098.0,0.0,-556.1
2024-05-08 00:00:00+00:00,74.35,3916.85,0.0,-421.9
2024-05-08 01:00:00+00:00,75.95,3886.88,0.0,-431.5
2024-05-08 02:00:00+00:00,76.73,3964.05,0.0,-484.5
2024-05-08 03:00:00+00:00,83.89,4151.85,18.35,-849.5
2024-05-08 04:00:00+00:00,101.09,4631.25,129.15,-1012.0
2024-05-08 05:00:00+00:00,111.12,4739.48,362.38,-1163.7
2024-05-08 06:00:00+00:00,98.22,4390.85,1005.43,-246.7
2024-05-08 07:00:00+00:00,84.53,4152.28,1457.0,593.4
2024-05-08 08:00:00+00:00,78.48,3953.03,1949.5,1077.0
2024-05-08 09:00:00+00:00,72.45,4058.98,1169.65,1248.9
2024-05-08 10:00:00+00:00,76.56,4078.75,1062.93,1266.8
2024-05-08 11:00:00+00:00,72.45,3973.5,1154.78,1603.8
2024-05-08 12:00:00+00:00,61.73,3989.43,1798.1,1339.6
2024-05-08 13:00:00+00:00,70.82,4173.93,1586.05,994.7
2024-05-08 14:00:00+00:00,66.31,4396.33,1218.4,308.4
2024-05-08 15:00:00+00:00,82.24,4620.88,692.93,-130.9
2024-05-08 16:00:00+00:00,102.2,4906.8,354.23,-848.1
2024-05-08 17:00:00+00:00,119.77,5152.95,89.13,-1584.2
2024-05-08 18:00:00+00:00,128.99,5315.85,0.13,-1536.8
2024-05-08 19:00:00+00:00,109.71,5077.4,0.0,-1254.1
2024-05-08 20:00:00+00:00,92.37,4824.65,0.0,-1013.3
2024-05-08 21:00:00+00:00,84.08,4707.18,0.0,-1075.9
2024-05-08 22:00:00+00:00,84.77,4416.5,0.0,-877.5
2024-05-08 23:00:00+00:00,85.04,4185.95,0.0,-584.0
2024-05-09 00:00:00+00:00,80.19,3992.6,0.0,-476.4
2024-05-09 01:00:00+00:00,79.94,3963.73,0.0,-518.7
2024-05-09 02:00:00+00:00,85.38,4061.35,0.0,-642.2
2024-05-09 03:00:00+00:00,86.92,4248.88,32.15,-1086.8
2024-05-09 04:00:00+00:00,98.8,4803.0,255.93,-1175.4
2024-05-09 05:00:00+00:00,87.96,4938.83,612.2,-954.9
2024-05-09 06:00:00+00:00,62.97,4593.8,1652.73,-496.6
2024-05-09 07:00:00+00:00,16.27,4207.35,2005.05,192.4
2024-05-09 08:00:00+00:00,-0.06,4106.63,2415.85,509.0
2024-05-09 09:00:00+00:00,-0.07,4347.5,2453.8,904.1
2024-05-09 10:00:00+00:00,-0.06,4621.18,2340.08,1029.8
2024-05-09 11:00:00+00:00,-0.04,4479.95,2513.03,844.1
2024-05-09 12:00:00+00:00,-0.09,4166.75,2374.08,1192.8
2024-05-09 13:00:00+00:00,0.08,4339.1,2088.25,806.9
2024-05-09 14:00:00+00:00,0.97,4562.43,1666.45,436.7
2024-05-09 15:00:00+00:00,64.39,4929.25,1132.45,-278.5
2024-05-09 16:00:00+00:00,85.52,5217.38,508.48,-1069.9
2024-05-09 17:00:00+00:00,126.42,5385.05,141.78,-1450.3
2024-05-09 18:00:00+00:00,144.85,5410.83,0.2,-1518.6
2024-05-09 19:00:00+00:00,122.77,5176.2,0.0,-1417.5
2024-05-09 20:00:00+00:00,96.88,4915.98,0.0,-1310.9
2024-05-09 21:00:00+00:00,84.62,4743.68,0.0,-1381.6
2024-05-09 22:00:00+00:00,85.27,4472.2,0.0,-1711.0
2024-05-09 23:00:00+00:00,77.86,4255.2,0.0,-1516.1
2024-05-10 00:00:00+00:00,70.54,4047.23,0.0,-1317.4
2024-05-10 01:00:00+00:00,67.75,4012.23,0.0,-1350.7
2024-05-10 02:00:00+00:00,68.68,4099.48,0.0,-1525.6
2024-05-10 03:00:00+00:00,84.62,4273.78,60.65,-1656.2
2024-05-10 04:00:00+00:00,106.73,4752.85,393.58,-1639.6
2024-05-10 05:00:00+00:00,104.99,4950.28,1020.98,-1114.6
2024-05-10 06:00:00+00:00,91.36,4836.25,1829.35,-418.9
2024-05-10 07:00:00+00:00,65.03,4701.13,2473.1,610.7
2024-05-10 08:00:00+00:00,17.18,4565.88,3043.8,985.5
2024-05-10 09:00:00+00:00,-1.87,4408.03,3321.93,1238.9
2024-05-10 10:00:00+00:00,-6.15,4052.1,2976.6,1092.1
2024-05-10 11:00:00+00:00,-6.13,4110.95,2924.9,1169.3
2024-05-10 12:00:00+00:00,-6.67,4439.53,2790.18,955.5
2024-05-10 13:00:00+00:00,15.89,4488.7,2292.38,877.9
2024-05-10 14:00:00+00:00,61.66,4665.05,1727.48,465.3
2024-05-10 15:00:00+00:00,80.0,4866.55,1035.88,-719.2
2024-05-10 16:00:00+00:00,100.13,5040.0,427.93,-1610.5
2024-05-10 17:00:00+00:00,132.68,5286.85,120.83,-2014.2
2024-05-10 18:00:00+00:00,163.03,5361.08,0.3,-2000.4
2024-05-10 19:00:00+00:00,126.94,5168.15,0.0,-2091.5
2024-05-10 20:00:00+00:00,98.97,4906.8,0.0,-1840.7
2024-05-10 21:00:00+00:00,87.95,4725.05,0.0,-1729.2
2024-05-10 22:00:00+00:00,92.09,4404.3,0.0,-1627.4
2024-05-10 23:00:00+00:00,89.59,4170.73,0.0,-1410.1
2024-05-11 00:00:00+00:00,85.59,3986.95,0.0,-1272.4
2024-05-11 01:00:00+00:00,84.57,3911.05,0.0,-1187.1
2024-05-11 02:00:00+00:00,85.33,3906.75,0.0,-1198.0
2024-05-11 03:00:00+00:00,86.79,3866.38,48.2,-1083.0
2024-05-11 04:00:00+00:00,82.43,3914.45,300.3,-1004.8
2024-05-11 05:00:00+00:00,76.29,3928.1,732.6,-263.1
2024-05-11 06:00:00+00:00,54.48,3829.43,1824.58,630.7
2024-05-11 07:00:00+00:00,6.77,3618.75,2396.85,1373.2
2024-05-11 08:00:00+00:00,0.0,3409.98,2903.48,1965.3
2024-05-11 09:00:00+00:00,-12.12,3311.88,2934.93,2110.8
2024-05-11 10:00:00+00:00,-23.71,3271.65,2684.93,2159.2
2024-05-11 11:00:00+00:00,-26.11,3229.68,2428.7,1420.9
2024-05-11 12:00:00+00:00,-27.18,3302.38,1897.85,1131.3
2024-05-11 13:00:00+00:00,-13.81,3463.18,1569.88,879.8
2024-05-11 14:00:00+00:00,-0.49,3715.55,1118.5,278.8
2024-05-11 15:00:00+00:00,32.48,4032.05,694.55,-284.6
2024-05-11 16:00:00+00:00,87.7,4357.75,347.45,-976.5
2024-05-11 17:00:00+00:00,106.58,4605.75,106.43,-1403.3
2024-05-11 18:00:00+00:00,150.0,4895.23,0.38,-1591.4
2024-05-11 19:00:00+00:00,153.1,4794.4,0.0,-1614.5
2024-05-11 20:00:00+00:00,87.27,4511.08,0.0,-1548.0
2024-05-11 21:00:00+00:00,71.96,4204.43,0.0,-1591.2
2024-05-11 22:00:00+00:00,63.78,3950.55,0.0,-1486.0
2024-05-11 23:00:00+00:00,52.46,3768.63,0.0,-1325.0
2024-05-12 00:00:00+00:00,43.35,3631.33,0.0,-1290.1
2024-05-12 01:00:00+00:00,39.86,3573.6,0.0,-1234.8
2024-05-12 02:00:00+00:00,44.35,3564.05,0.0,-1163.6
2024-05-12 03:00:00+00:00,41.7,3527.85,42.15,-1031.4
2024-05-12 04:00:00+00:00,17.61,3562.95,270.3,-996.4
2024-05-12 05:00:00+00:00,4.79,3510.78,607.58,-456.9
2024-05-12 06:00:00+00:00,2.35,3396.35,1370.88,440.5
2024-05-12 07:00:00+00:00,-3.06,3279.35,1875.6,981.4
2024-05-12 08:00:00+00:00,-28.89,3180.7,2357.18,1451.7
2024-05-12 09:00:00+00:00,-78.79,3082.85,2469.13,1800.0
2024-05-12 10:00:00+00:00,-108.22,3008.23,2704.63,1800.0
2024-05-12 11:00:00+00:00,-149.97,2986.83,2866.5,1800.0
2024-05-12 12:00:00+00:00,-149.98,3086.43,2916.33,1800.0
2024-05-12 13:00:00+00:00,-103.52,3210.45,2505.0,1800.0
2024-05-12 14:00:00+00:00,-39.09,3548.63,1984.43,1078.4
2024-05-12 15:00:00+00:00,-10.65,3874.4,1298.5,252.3
2024-05-12 16:00:00+00:00,60.7,4199.78,556.15,-837.6
2024-05-12 17:00:00+00:00,87.42,4521.4,158.3,-1563.2
2024-05-12 18:00:00+00:00,154.62,4817.8,1.08,-1858.9
2024-05-12 19:00:00+00:00,89.92,4755.65,0.0,-1831.7
2024-05-12 20:00:00+00:00,73.12,4468.78,0.0,-1686.0
2024-05-12 21:00:00+00:00,96.63,4181.18,0.0,-1655.9
2024-05-12 22:00:00+00:00,113.56,3959.35,0.0,-1280.7
2024-05-12 23:00:00+00:00,98.59,3819.5,0.0,-1212.5
2024-05-13 00:00:00+00:00,74.21,3685.85,0.0,-1107.6
2024-05-13 01:00:00+00:00,75.07,3651.3,0.0,-1090.8
2024-05-13 02:00:00+00:00,99.28,3765.38,0.0,-1211.1
2024-05-13 03:00:00+00:00,84.22,3997.6,77.43,-1272.0
2024-05-13 04:00:00+00:00,126.87,4557.55,448.13,-1403.1
2024-05-13 05:00:00+00:00,104.28,4609.53,1085.33,-1434.6
2024-05-13 06:00:00+00:00,75.49,4326.93,1971.75,-236.7
2024-05-13 07:00:00+00:00,35.41,4049.8,2656.1,963.9
2024-05-13 08:00:00+00:00,0.24,3825.78,3244.4,1348.3
2024-05-13 09:00:00+00:00,-11.21,3752.48,3398.08,1500.0
2024-05-13 10:00:00+00:00,-18.17,3811.73,2978.1,1264.4
2024-05-13 11:00:00+00:00,-10.8,3861.58,3052.63,1141.1
2024-05-13 12:00:00+00:00,-10.76,3970.88,2928.5,800.0
2024-05-13 13:00:00+00:00,-1.78,4161.93,2494.9,800.0
2024-05-13 14:00:00+00:00,0.06,4370.2,1949.83,131.1
2024-05-13 15:00:00+00:00,73.1,4605.1,1239.15,-912.1
2024-05-13 16:00:00+00:00,102.47,4948.43,451.35,-1500.0
2024-05-13 17:00:00+00:00,150.25,5226.55,131.63,-1745.0
2024-05-13 18:00:00+00:00,200.26,5354.13,1.05,-1883.8
2024-05-13 19:00:00+00:00,163.05,5238.9,0.0,-1900.0
2024-05-13 20:00:00+00:00,90.9,4953.83,0.0,-1728.6
2024-05-13 21:00:00+00:00,82.92,4778.9,0.0,-1660.2
2024-05-13 22:00:00+00:00,63.92,4496.45,0.0,-1815.8
2024-05-13 23:00:00+00:00,40.73,4267.15,0.0,-1661.7
2024-05-14 00:00:00+00:00,34.58,4032.13,0.0,-1492.7
2024-05-14 01:00:00+00:00,18.77,4016.85,0.0,-1451.5
2024-05-14 02:00:00+00:00,37.33,4120.15,0.0,-1579.4
2024-05-14 03:00:00+00:00,65.06,4251.65,78.23,-1652.6
2024-05-14 04:00:00+00:00,111.77,4748.75,422.3,-1579.0
2024-05-14 05:00:00+00:00,79.99,4736.28,948.95,-1310.9
2024-05-14 06:00:00+00:00,38.25,4393.93,1708.75,-310.7
2024-05-14 07:00:00+00:00,0.07,4133.8,2519.98,641.9
2024-05-14 08:00:00+00:00,-9.68,3893.83,3108.08,830.5
2024-05-14 09:00:00+00:00,-23.65,3798.83,3472.2,909.2
2024-05-14 10:00:00+00:00,-36.81,3745.78,3277.28,800.0
2024-05-14 11:00:00+00:00,-45.99,3797.8,3265.23,800.0
2024-05-14 12:00:00+00:00,-42.13,3948.7,2946.58,800.0
2024-05-14 13:00:00+00:00,-29.39,4150.45,2462.68,800.0
2024-05-14 14:00:00+00:00,-10.23,4354.35,1857.88,294.8
2024-05-14 15:00:00+00:00,34.37,4590.83,1200.58,-531.8
2024-05-14 16:00:00+00:00,89.35,5031.33,507.2,-1391.7
2024-05-14 17:00:00+00:00,157.34,5315.25,165.88,-1827.4
2024-05-14 18:00:00+00:00,154.35,5453.23,1.58,-1900.0
2024-05-14 19:00:00+00:00,142.04,5300.3,0.0,-1900.0
2024-05-14 20:00:00+00:00,87.19,5029.28,0.0,-1900.0
2024-05-14 21:00:00+00:00,85.05,4825.75,0.0,-1900.0
2024-05-14 22:00:00+00:00,91.41,4519.43,0.0,-2023.9
2024-05-14 23:00:00+00:00,95.12,4282.7,0.0,-1553.6
2024-05-15 00:00:00+00:00,92.29,4087.9,0.0,-1206.6
2024-05-15 01:00:00+00:00,92.37,4059.63,0.0,-1108.5
2024-05-15 02:00:00+00:00,89.93,4157.03,0.0,-1445.6
2024-05-15 03:00:00+00:00,63.3,4275.85,69.95,-1551.4
2024-05-15 04:00:00+00:00,101.33,4688.15,400.75,-1900.0
2024-05-15 05:00:00+00:00,96.53,4652.48,977.05,-1040.2
2024-05-15 06:00:00+00:00,85.88,4288.88,1894.78,176.9
2024-05-15 07:00:00+00:00,40.48,4011.58,2547.0,1118.5
2024-05-15 08:00:00+00:00,-0.06,3799.23,2918.98,1500.0
2024-05-15 09:00:00+00:00,-11.0,3760.8,3024.7,1405.7
2024-05-15 10:00:00+00:00,-16.64,3781.95,3007.6,1081.9
2024-05-15 11:00:00+00:00,-17.19,3781.05,2925.03,800.0
2024-05-15 12:00:00+00:00,-13.98,3957.03,2499.25,942.2
2024-05-15 13:00:00+00:00,1.37,4102.45,2072.83,800.0
2024-05-15 14:00:00+00:00,30.77,4394.88,1649.08,333.6
2024-05-15 15:00:00+00:00,65.01,4697.98,1143.68,-729.0
2024-05-15 16:00:00+00:00,96.2,5053.63,487.43,-1656.1
2024-05-15 17:00:00+00:00,126.9,5352.58,147.15,-1900.0
2024-05-15 18:00:00+00:00,160.4,5555.48,1.45,-1900.0
2024-05-15 19:00:00+00:00,135.12,5369.48,0.0,-1900.0
2024-05-15 20:00:00+00:00,75.92,5077.53,0.0,-1900.0
2024-05-15 21:00:00+00:00,75.02,4865.25,0.0,-1900.0
2024-05-15 22:00:00+00:00,66.4,4587.1,0.0,-1986.6
2024-05-15 23:00:00+00:00,60.97,4339.0,0.0,-1673.8
2024-05-16 00:00:00+00:00,49.98,4139.28,0.0,-1440.0
2024-05-16 01:00:00+00:00,55.8,4090.68,0.0,-1383.8
2024-05-16 02:00:00+00:00,45.84,4184.65,0.0,-1531.4
2024-05-16 03:00:00+00:00,66.32,4324.45,70.0,-1491.1
2024-05-16 04:00:00+00:00,96.33,4737.6,287.7,-1900.0
2024-05-16 05:00:00+00:00,115.58,4691.93,693.88,-1500.0
2024-05-16 06:00:00+00:00,88.03,4322.78,1278.48,-668.5
2024-05-16 07:00:00+00:00,56.42,4060.3,1644.68,45.5
2024-05-16 08:00:00+00:00,11.52,3881.2,2013.48,413.5
2024-05-16 09:00:00+00:00,-0.07,3876.9,1980.73,292.3
2024-05-16 10:00:00+00:00,0.06,3996.23,1700.18,232.3
2024-05-16 11:00:00+00:00,7.91,4075.18,1660.73,373.7
2024-05-16 12:00:00+00:00,15.02,4037.0,1568.35,377.5
2024-05-16 13:00:00+00:00,40.06,4203.33,1481.43,250.4
2024-05-16 14:00:00+00:00,44.93,4502.58,1171.18,-228.5
2024-05-16 15:00:00+00:00,67.96,4723.45,941.33,-1241.4
2024-05-16 16:00:00+00:00,99.23,5043.05,385.93,-1633.4
2024-05-16 17:00:00+00:00,141.12,5329.9,119.1,-1900.0
2024-05-16 18:00:00+00:00,156.13,5490.83,1.43,-1900.0
2024-05-16 19:00:00+00:00,155.97,5399.53,0.0,-1900.0
2024-05-16 20:00:00+00:00,88.38,5078.55,0.0,-1900.0
2024-05-16 21:00:00+00:00,81.58,4837.35,0.0,-1806.8
2024-05-16 22:00:00+00:00,78.34,4519.93,0.0,-1823.8
2024-05-16 23:00:00+00:00,70.15,4293.18,0.0,-1545.9
2024-05-17 00:00:00+00:00,69.83,4097.78,0.0,-1307.0
2024-05-17 01:00:00+00:00,68.21,4026.58,0.0,-1253.9
2024-05-17 02:00:00+00:00,69.71,4108.18,0.03,-1297.5
2024-05-17 03:00:00+00:00,72.06,4250.98,21.1,-1298.3
2024-05-17 04:00:00+00:00,110.64,4588.88,73.58,-1783.6
2024-05-17 05:00:00+00:00,137.32,4582.9,169.7,-1500.0
2024-05-17 06:00:00+00:00,121.31,4286.6,617.85,-1116.2
2024-05-17 07:00:00+00:00,107.41,3987.75,1028.18,-174.0
2024-05-17 08:00:00+00:00,98.47,3824.95,1404.13,407.2
2024-05-17 09:00:00+00:00,85.28,3939.73,1043.9,641.4
2024-05-17 10:00:00+00:00,65.05,4098.1,1419.1,466.8
2024-05-17 11:00:00+00:00,51.61,4064.7,1657.05,456.1
2024-05-17 12:00:00+00:00,60.15,4064.33,1866.4,735.1
2024-05-17 13:00:00+00:00,64.24,4261.55,1665.93,20.6
2024-05-17 14:00:00+00:00,67.15,4430.2,1393.08,-373.8
2024-05-17 15:00:00+00:00,94.88,4611.3,1025.3,-968.5
2024-05-17 16:00:00+00:00,100.93,4995.08,472.25,-1569.0
2024-05-17 17:00:00+00:00,147.4,5207.9,142.5,-1900.0
2024-05-17 18:00:00+00:00,172.23,5335.88,2.33,-1900.0
2024-05-17 19:00:00+00:00,123.34,5213.73,0.0,-1900.0
2024-05-17 20:00:00+00:00,99.9,4987.35,0.0,-1900.0
2024-05-17 21:00:00+00:00,91.74,4787.3,0.0,-1885.8
2024-05-17 22:00:00+00:00,106.11,4576.55,0.0,-2045.6
2024-05-17 23:00:00+00:00,78.69,4338.2,0.0,-1784.7
2024-05-18 00:00:00+00:00,73.0,4076.45,0.0,-1638.3
2024-05-18 01:00:00+00:00,67.12,3984.08,0.0,-1568.7
2024-05-18 02:00:00+00:00,70.3,3956.7,0.03,-1521.5
2024-05-18 03:00:00+00:00,75.35,3891.65,74.55,-1342.9
2024-05-18 04:00:00+00:00,74.42,4020.95,391.7,-1059.7
2024-05-18 05:00:00+00:00,72.63,3986.43,904.08,-440.0
2024-05-18 06:00:00+00:00,65.41,3760.1,1850.98,433.2
2024-05-18 07:00:00+00:00,48.66,3557.48,2465.78,988.8
2024-05-18 08:00:00+00:00,9.43,3394.18,2917.73,1482.0
2024-05-18 09:00:00+00:00,0.71,3305.53,2957.18,1500.0
2024-05-18 10:00:00+00:00,-0.03,3322.7,2897.7,1500.0
2024-05-18 11:00:00+00:00,-1.68,3368.1,2919.1,1500.0
2024-05-18 12:00:00+00:00,-3.61,3548.35,2768.75,1485.2
2024-05-18 13:00:00+00:00,-3.97,3776.55,2353.3,923.9
2024-05-18 14:00:00+00:00,-1.61,3938.18,1874.53,498.6
2024-05-18 15:00:00+00:00,50.95,4080.2,1286.3,-353.5
2024-05-18 16:00:00+00:00,113.55,4370.88,449.58,-1299.5
2024-05-18 17:00:00+00:00,114.28,4646.65,149.63,-1900.0
2024-05-18 18:00:00+00:00,141.11,4843.75,3.33,-1900.0
2024-05-18 19:00:00+00:00,124.5,4811.6,0.0,-1900.0
2024-05-18 20:00:00+00:00,100.44,4559.48,0.0,-1866.9
2024-05-18 21:00:00+00:00,98.44,4298.6,0.0,-1747.4
2024-05-18 22:00:00+00:00,88.97,3926.65,0.0,-1499.3
2024-05-18 23:00:00+00:00,86.15,3736.6,0.0,-1342.9
2024-05-19 00:00:00+00:00,85.9,3608.03,0.0,-1181.4
2024-05-19 01:00:00+00:00,84.05,3485.88,0.0,-1002.7
2024-05-19 02:00:00+00:00,83.07,3457.1,0.05,-987.5
2024-05-19 03:00:00+00:00,77.85,3330.15,68.43,-822.0
2024-05-19 04:00:00+00:00,73.0,3305.8,354.33,-434.7
2024-05-19 05:00:00+00:00,69.16,3238.75,853.93,67.0
2024-05-19 06:00:00+00:00,45.11,3200.78,1537.03,490.9
2024-05-19 07:00:00+00:00,-10.27,3069.83,1985.63,800.0
2024-05-19 08:00:00+00:00,-20.72,2835.23,2467.63,1500.0
2024-05-19 09:00:00+00:00,-16.67,2759.18,3013.45,1500.0
2024-05-19 10:00:00+00:00,-21.29,2701.38,2792.7,1500.0
2024-05-19 11:00:00+00:00,-28.7,2641.23,2748.18,1500.0
2024-05-19 12:00:00+00:00,-40.95,2685.63,2502.0,1500.0
2024-05-19 13:00:00+00:00,-37.42,2833.2,2151.25,1500.0
2024-05-19 14:00:00+00:00,-9.19,3135.0,1745.8,800.0
2024-05-19 15:00:00+00:00,-1.16,3568.7,1224.5,449.1
2024-05-19 16:00:00+00:00,90.72,3988.98,485.68,-786.2
2024-05-19 17:00:00+00:00,118.61,4338.95,153.95,-1391.9
2024-05-19 18:00:00+00:00,162.93,4484.73,4.08,-1865.9
2024-05-19 19:00:00+00:00,125.12,4498.63,0.0,-1747.2
2024-05-19 20:00:00+00:00,100.01,4218.7,0.0,-1339.3
2024-05-19 21:00:00+00:00,84.71,3972.08,0.0,-1443.3
2024-05-19 22:00:00+00:00,90.6,3638.58,0.0,-1313.2
2024-05-19 23:00:00+00:00,85.05,3462.55,0.0,-1045.2
2024-05-20 00:00:00+00:00,83.25,3350.4,0.0,-805.8
2024-05-20 01:00:00+00:00,82.8,3280.48,0.0,-687.8
2024-05-20 02:00:00+00:00,84.87,3243.78,0.08,-757.6
2024-05-20 03:00:00+00:00,89.51,3166.93,84.23,-481.8
2024-05-20 04:00:00+00:00,101.97,3161.3,356.05,-404.1
2024-05-20 05:00:00+00:00,104.12,3308.0,851.55,-184.5
2024-05-20 06:00:00+00:00,69.09,3538.73,1490.88,327.7
2024-05-20 07:00:00+00:00,30.07,3671.55,2012.73,716.8
2024-05-20 08:00:00+00:00,10.77,3733.0,2389.78,730.2
2024-05-20 09:00:00+00:00,6.21,3699.35,2823.43,800.0
2024-05-20 10:00:00+00:00,0.83,3634.43,2511.95,800.0
2024-05-20 11:00:00+00:00,-1.51,3446.58,2411.88,894.6
2024-05-20 12:00:00+00:00,-2.04,3299.75,2309.4,800.0
2024-05-20 13:00:00+00:00,22.23,3337.53,1923.9,800.0
2024-05-20 14:00:00+00:00,46.26,3653.5,1536.45,800.0
2024-05-20 15:00:00+00:00,106.11,3870.68,913.33,341.6
2024-05-20 16:00:00+00:00,104.17,4281.35,468.93,-577.4
2024-05-20 17:00:00+00:00,135.0,4498.58,156.95,-1546.6
2024-05-20 18:00:00+00:00,144.79,4624.43,3.05,-1838.1
2024-05-20 19:00:00+00:00,128.45,4552.83,0.0,-1900.0
2024-05-20 20:00:00+00:00,102.49,4248.93,0.0,-1271.4
2024-05-20 21:00:00+00:00,91.75,3923.6,0.0,-1053.9
2024-05-20 22:00:00+00:00,87.16,3666.33,0.0,-1205.6
2024-05-20 23:00:00+00:00,75.98,3505.4,0.0,-985.1
2024-05-21 00:00:00+00:00,71.85,3410.1,0.0,-821.9
2024-05-21 01:00:00+00:00,73.52,3405.73,0.0,-780.1
2024-05-21 02:00:00+00:00,69.92,4045.48,0.05,-1467.9
2024-05-21 03:00:00+00:00,79.45,4236.85,83.9,-1500.0
2024-05-21 04:00:00+00:00,106.16,4784.53,329.03,-1896.0
2024-05-21 05:00:00+00:00,119.88,4939.73,766.08,-1500.0
2024-05-21 06:00:00+00:00,95.25,4959.73,1297.25,-1223.0
2024-05-21 07:00:00+00:00,84.13,5040.05,1669.65,-825.0
2024-05-21 08:00:00+00:00,69.09,5039.35,1954.4,-824.3
2024-05-21 09:00:00+00:00,56.74,4929.15,2519.83,-519.1
2024-05-21 10:00:00+00:00,36.13,4574.4,2015.48,-219.2
2024-05-21 11:00:00+00:00,49.87,4640.73,2100.38,-145.8
2024-05-21 12:00:00+00:00,58.42,4800.35,2272.9,-30.4
2024-05-21 13:00:00+00:00,73.18,4852.48,1720.1,-187.0
2024-05-21 14:00:00+00:00,83.74,5122.5,1211.03,-637.9
2024-05-21 15:00:00+00:00,92.12,5231.63,775.6,-1233.9
2024-05-21 16:00:00+00:00,99.63,5422.93,409.15,-1900.0
2024-05-21 17:00:00+00:00,137.15,5570.3,129.88,-1900.0
2024-05-21 18:00:00+00:00,179.26,5555.7,2.75,-1900.0
2024-05-21 19:00:00+00:00,120.02,5405.58,0.0,-1900.0
2024-05-21 20:00:00+00:00,97.26,5096.45,0.0,-1900.0
2024-05-21 21:00:00+00:00,91.41,4865.6,0.0,-1900.0
2024-05-21 22:00:00+00:00,80.43,4552.6,0.0,-1839.2
2024-05-21 23:00:00+00:00,77.09,4300.93,0.0,-1607.5
2024-05-22 00:00:00+00:00,64.84,4109.1,0.0,-1523.1
2024-05-22 01:00:00+00:00,58.65,4072.65,0.0,-1500.0
2024-05-22 02:00:00+00:00,58.59,4147.65,0.03,-1359.1
2024-05-22 03:00:00+00:00,69.92,4244.45,47.8,-1500.0
2024-05-22 04:00:00+00:00,101.73,4481.3,291.4,-1379.1
2024-05-22 05:00:00+00:00,102.21,4664.8,607.7,-1500.0
2024-05-22 06:00:00+00:00,102.03,4814.83,1200.4,-651.6
2024-05-22 07:00:00+00:00,84.11,4619.88,1614.1,16.4
2024-05-22 08:00:00+00:00,74.2,4484.28,1924.73,533.6
2024-05-22 09:00:00+00:00,73.79,4279.0,2057.95,800.0
2024-05-22 10:00:00+00:00,63.07,4164.98,1910.4,800.0
2024-05-22 11:00:00+00:00,54.82,4260.63,2075.18,767.0
2024-05-22 12:00:00+00:00,59.33,4533.15,2353.3,787.5
2024-05-22 13:00:00+00:00,75.56,4780.43,2041.45,359.6
2024-05-22 14:00:00+00:00,91.29,4920.53,1598.6,-328.2
2024-05-22 15:00:00+00:00,101.9,5166.85,1041.0,-1367.1
2024-05-22 16:00:00+00:00,104.44,5183.03,510.78,-1655.8
2024-05-22 17:00:00+00:00,139.02,5404.18,170.43,-1900.0
2024-05-22 18:00:00+00:00,156.58,5616.78,5.98,-1900.0
2024-05-22 19:00:00+00:00,152.8,5394.28,0.0,-1900.0
2024-05-22 20:00:00+00:00,104.73,5091.88,0.0,-1900.0
2024-05-22 21:00:00+00:00,90.94,4839.58,0.0,-1900.0
2024-05-22 22:00:00+00:00,76.51,4584.53,0.0,-1693.0
2024-05-22 23:00:00+00:00,74.39,4352.78,0.0,-1605.7
2024-05-23 00:00:00+00:00,68.63,4137.73,0.0,-1343.3
2024-05-23 01:00:00+00:00,71.27,4084.43,0.0,-1233.1
2024-05-23 02:00:00+00:00,71.87,3759.93,0.05,-904.2
2024-05-23 03:00:00+00:00,78.91,4017.73,83.75,-1123.8
2024-05-23 04:00:00+00:00,100.17,4715.08,357.03,-1292.9
2024-05-23 05:00:00+00:00,114.0,4802.78,830.9,-968.9
2024-05-23 06:00:00+00:00,96.3,4452.38,1528.53,-447.1
2024-05-23 07:00:00+00:00,75.25,4275.5,2054.48,197.8
2024-05-23 08:00:00+00:00,72.25,4204.85,2532.53,677.1
2024-05-23 09:00:00+00:00,64.91,4235.83,2979.78,800.0
2024-05-23 10:00:00+00:00,53.36,4332.33,2624.43,800.0
2024-05-23 11:00:00+00:00,45.5,4251.18,2675.0,514.4
2024-05-23 12:00:00+00:00,58.48,4303.68,1950.0,380.8
2024-05-23 13:00:00+00:00,74.83,4568.8,1768.45,-71.9
2024-05-23 14:00:00+00:00,85.21,4650.05,1399.43,-479.0
2024-05-23 15:00:00+00:00,94.31,4845.28,1081.53,-1330.7
2024-05-23 16:00:00+00:00,112.94,5080.38,434.78,-1617.5
2024-05-23 17:00:00+00:00,147.72,5310.23,144.33,-1900.0
2024-05-23 18:00:00+00:00,175.96,5437.93,5.95,-1900.0
2024-05-23 19:00:00+00:00,159.77,5206.23,0.0,-1900.0
2024-05-23 20:00:00+00:00,122.83,4909.05,0.0,-1753.7
2024-05-23 21:00:00+00:00,103.13,4678.83,0.0,-1585.8
2024-05-23 22:00:00+00:00,101.91,4425.73,0.0,-1515.9
2024-05-23 23:00:00+00:00,92.58,4252.8,0.0,-1369.3
2024-05-24 00:00:00+00:00,88.59,4053.83,0.0,-1169.0
2024-05-24 01:00:00+00:00,86.72,3995.23,0.0,-1079.1
2024-05-24 02:00:00+00:00,89.03,3981.43,0.0,-1039.2
2024-05-24 03:00:00+00:00,101.07,4158.05,61.98,-1171.9
2024-05-24 04:00:00+00:00,119.9,4657.5,200.48,-1389.5
2024-05-24 05:00:00+00:00,122.77,4850.88,397.83,-1463.5
2024-05-24 06:00:00+00:00,102.93,4650.85,875.2,-853.4
2024-05-24 07:00:00+00:00,97.12,4442.65,1254.1,-312.5
2024-05-24 08:00:00+00:00,86.88,4114.65,1459.9,140.1
2024-05-24 09:00:00+00:00,78.31,4125.75,1484.53,230.4
2024-05-24 10:00:00+00:00,76.45,4021.55,1427.08,860.4
2024-05-24 11:00:00+00:00,73.38,3944.08,1779.43,898.3
2024-05-24 12:00:00+00:00,74.62,4025.43,2029.68,639.7
2024-05-24 13:00:00+00:00,81.3,4231.4,1826.3,352.1
2024-05-24 14:00:00+00:00,84.37,4418.18,1461.43,-154.5
2024-05-24 15:00:00+00:00,99.28,4543.95,1081.78,-852.4
2024-05-24 16:00:00+00:00,112.41,4855.55,465.03,-1271.1
2024-05-24 17:00:00+00:00,140.1,5065.8,149.98,-1900.0
2024-05-24 18:00:00+00:00,142.62,5184.33,7.03,-1900.0
2024-05-24 19:00:00+00:00,137.46,5040.13,0.0,-1900.0
2024-05-24 20:00:00+00:00,109.67,4823.33,0.0,-1811.6
2024-05-24 21:00:00+00:00,99.84,4665.15,0.0,-1793.3
2024-05-24 22:00:00+00:00,94.88,4389.55,0.0,-1782.3
2024-05-24 23:00:00+00:00,91.86,4152.75,0.0,-1534.6
2024-05-25 00:00:00+00:00,90.43,4024.9,0.0,-1442.8
2024-05-25 01:00:00+00:00,89.15,3955.55,0.0,-1342.1
2024-05-25 02:00:00+00:00,89.03,3925.58,0.55,-1353.6
2024-05-25 03:00:00+00:00,90.58,3843.83,108.35,-1155.5
2024-05-25 04:00:00+00:00,90.59,3886.78,428.5,-773.7
2024-05-25 05:00:00+00:00,86.51,3945.93,1042.85,-444.5
2024-05-25 06:00:00+00:00,75.76,3994.65,1676.08,284.2
2024-05-25 07:00:00+00:00,60.5,3974.5,2260.93,800.2
2024-05-25 08:00:00+00:00,34.8,3870.9,2581.5,1044.3
2024-05-25 09:00:00+00:00,9.21,3742.3,2958.48,1080.1
2024-05-25 10:00:00+00:00,3.24,3674.58,2764.8,1267.8
2024-05-25 11:00:00+00:00,0.04,3560.15,2729.23,1158.6
2024-05-25 12:00:00+00:00,0.0,3642.4,2503.68,813.5
2024-05-25 13:00:00+00:00,0.02,3800.83,2043.58,717.0
2024-05-25 14:00:00+00:00,14.31,4048.33,1634.1,426.1
2024-05-25 15:00:00+00:00,76.68,4308.0,1143.8,-228.1
2024-05-25 16:00:00+00:00,96.83,4523.55,385.03,-1352.2
2024-05-25 17:00:00+00:00,116.39,4764.98,148.2,-1745.8
2024-05-25 18:00:00+00:00,132.19,4873.55,7.5,-1900.0
2024-05-25 19:00:00+00:00,136.98,4890.3,0.0,-1900.0
2024-05-25 20:00:00+00:00,116.13,4604.85,0.0,-1761.0
2024-05-25 21:00:00+00:00,104.77,4346.45,0.0,-1500.0
2024-05-25 22:00:00+00:00,108.33,4013.08,0.0,-1486.1
2024-05-25 23:00:00+00:00,100.0,3806.18,0.0,-1244.3
2024-05-26 00:00:00+00:00,92.37,3678.28,0.0,-1129.5
2024-05-26 01:00:00+00:00,92.23,3618.38,0.0,-1057.4
2024-05-26 02:00:00+00:00,93.35,3590.68,0.43,-1085.1
2024-05-26 03:00:00+00:00,90.73,3530.7,102.0,-966.9
2024-05-26 04:00:00+00:00,85.31,3617.43,374.95,-794.8
2024-05-26 05:00:00+00:00,73.36,3737.83,790.68,-644.6
2024-05-26 06:00:00+00:00,13.25,3951.1,1429.28,-163.1
2024-05-26 07:00:00+00:00,0.02,3917.18,1946.25,409.1
2024-05-26 08:00:00+00:00,0.0,3910.93,2419.2,704.9
2024-05-26 09:00:00+00:00,-0.11,3846.65,2837.25,867.7
2024-05-26 10:00:00+00:00,-2.62,3565.68,2534.08,1247.7
2024-05-26 11:00:00+00:00,-13.12,3430.25,2426.68,1204.2
2024-05-26 12:00:00+00:00,-29.33,3476.4,2408.2,952.4
2024-05-26 13:00:00+00:00,-12.15,3624.55,1924.98,714.7
2024-05-26 14:00:00+00:00,-0.75,3897.33,1473.58,26.0
2024-05-26 15:00:00+00:00,53.28,4243.75,1120.48,-509.4
2024-05-26 16:00:00+00:00,92.05,4503.93,458.28,-1320.6
2024-05-26 17:00:00+00:00,110.9,4767.58,170.15,-1823.0
2024-05-26 18:00:00+00:00,150.89,4956.53,8.95,-1900.0
2024-05-26 19:00:00+00:00,115.88,4945.55,0.0,-1900.0
2024-05-26 20:00:00+00:00,103.14,4670.25,0.0,-1858.6
2024-05-26 21:00:00+00:00,155.1,4381.88,0.0,-1644.5
2024-05-26 22:00:00+00:00,77.74,3889.68,0.0,-1337.9
2024-05-26 23:00:00+00:00,76.93,3763.05,0.0,-1241.3
2024-05-27 00:00:00+00:00,76.37,3655.7,0.0,-1164.4
2024-05-27 01:00:00+00:00,76.37,3615.28,0.0,-1054.7
2024-05-27 02:00:00+00:00,80.12,3694.85,0.48,-1092.0
2024-05-27 03:00:00+00:00,86.37,3913.78,106.95,-1250.7
2024-05-27 04:00:00+00:00,107.93,4500.03,395.33,-1376.6
2024-05-27 05:00:00+00:00,125.08,4782.95,853.33,-1286.6
2024-05-27 06:00:00+00:00,117.99,4910.45,1724.45,-603.6
2024-05-27 07:00:00+00:00,83.95,4862.28,2320.53,-29.9
2024-05-27 08:00:00+00:00,74.37,4763.43,2721.35,476.1
2024-05-27 09:00:00+00:00,71.48,4668.5,3339.48,558.7
2024-05-27 10:00:00+00:00,67.01,4648.65,2941.8,563.3
2024-05-27 11:00:00+00:00,67.05,4586.68,2861.48,533.1
2024-05-27 12:00:00+00:00,66.08,4486.58,2805.55,649.1
2024-05-27 13:00:00+00:00,78.81,4466.73,2443.25,317.0
2024-05-27 14:00:00+00:00,88.51,4605.13,1911.68,-173.7
2024-05-27 15:00:00+00:00,103.06,4943.5,1327.63,-980.5
2024-05-27 16:00:00+00:00,127.69,5083.15,541.98,-1330.1
2024-05-27 17:00:00+00:00,177.0,5355.03,201.2,-1900.0
2024-05-27 18:00:00+00:00,210.84,5443.7,11.93,-1900.0
2024-05-27 19:00:00+00:00,192.79,5370.6,0.0,-1900.0
2024-05-27 20:00:00+00:00,128.58,5015.6,0.0,-1900.0
2024-05-27 21:00:00+00:00,107.08,4778.0,0.0,-1822.5
2024-05-27 22:00:00+00:00,100.36,4355.45,0.0,-1580.8
2024-05-27 23:00:00+00:00,90.44,4149.25,0.0,-1418.6
2024-05-28 00:00:00+00:00,89.52,3989.33,0.0,-1289.2
2024-05-28 01:00:00+00:00,85.12,3934.53,0.0,-1172.2
2024-05-28 02:00:00+00:00,84.15,3988.83,0.43,-1180.6
2024-05-28 03:00:00+00:00,90.08,4139.03,128.58,-1287.8
2024-05-28 04:00:00+00:00,114.86,4570.45,481.45,-1292.4
2024-05-28 05:00:00+00:00,124.91,4711.25,996.6,-1213.1
2024-05-28 06:00:00+00:00,105.39,4911.35,1836.25,-448.7
2024-05-28 07:00:00+00:00,88.04,4876.0,2440.53,97.3
2024-05-28 08:00:00+00:00,74.82,4627.0,2969.0,511.1
2024-05-28 09:00:00+00:00,72.77,4568.1,3512.38,744.2
2024-05-28 10:00:00+00:00,64.32,4214.88,2931.35,730.5
2024-05-28 11:00:00+00:00,58.17,4311.93,2762.78,641.2
2024-05-28 12:00:00+00:00,58.18,4477.7,2756.58,685.7
2024-05-28 13:00:00+00:00,69.14,4478.28,2274.33,322.6
2024-05-28 14:00:00+00:00,78.12,4611.58,1789.4,-177.3
2024-05-28 15:00:00+00:00,109.85,4889.3,1125.7,-896.2
2024-05-28 16:00:00+00:00,138.28,5043.73,481.05,-1281.8
2024-05-28 17:00:00+00:00,190.74,5275.65,174.08,-1900.0
2024-05-28 18:00:00+00:00,189.81,5548.08,9.03,-1900.0
2024-05-28 19:00:00+00:00,171.28,5399.13,0.0,-1900.0
2024-05-28 20:00:00+00:00,103.46,5062.7,0.0,-1861.1
2024-05-28 21:00:00+00:00,96.7,4826.98,0.0,-1778.2
2024-05-28 22:00:00+00:00,92.94,4415.03,0.0,-1852.0
2024-05-28 23:00:00+00:00,94.17,4177.35,0.0,-1575.2
2024-05-29 00:00:00+00:00,92.98,4009.0,0.0,-1422.7
2024-05-29 01:00:00+00:00,88.58,3956.9,0.0,-1350.7
2024-05-29 02:00:00+00:00,90.43,4013.38,0.55,-1416.9
2024-05-29 03:00:00+00:00,97.72,4153.28,116.43,-1509.4
2024-05-29 04:00:00+00:00,129.16,4534.7,406.18,-1419.2
2024-05-29 05:00:00+00:00,99.72,4548.95,857.0,-1275.5
2024-05-29 06:00:00+00:00,93.43,4438.18,1732.63,-333.2
2024-05-29 07:00:00+00:00,70.61,4276.38,2287.95,800.0
2024-05-29 08:00:00+00:00,69.35,4143.83,2702.1,800.0
2024-05-29 09:00:00+00:00,63.7,4110.8,3381.33,800.0
2024-05-29 10:00:00+00:00,60.2,3942.7,2877.7,800.0
2024-05-29 11:00:00+00:00,63.68,4018.08,2831.58,800.0
2024-05-29 12:00:00+00:00,63.64,4187.78,2681.0,800.0
2024-05-29 13:00:00+00:00,71.74,4338.38,2233.0,412.0
2024-05-29 14:00:00+00:00,94.12,4552.83,1742.68,-35.9
2024-05-29 15:00:00+00:00,109.09,4832.73,1238.8,-952.1
2024-05-29 16:00:00+00:00,111.36,5181.35,599.98,-1862.9
2024-05-29 17:00:00+00:00,151.72,5370.4,222.33,-1900.0
2024-05-29 18:00:00+00:00,187.83,5462.1,13.08,-1900.0
2024-05-29 19:00:00+00:00,173.35,5389.28,0.0,-1900.0
2024-05-29 20:00:00+00:00,117.55,5091.95,0.0,-1900.0
2024-05-29 21:00:00+00:00,99.8,4849.58,0.0,-1900.0
2024-05-29 22:00:00+00:00,98.4,4497.45,0.0,-1900.0
2024-05-29 23:00:00+00:00,93.26,4258.55,0.0,-1848.7
2024-05-30 00:00:00+00:00,88.71,4083.48,0.0,-1720.8
2024-05-30 01:00:00+00:00,90.6,4032.6,0.0,-1580.1
2024-05-30 02:00:00+00:00,91.26,4065.8,0.55,-1597.7
2024-05-30 03:00:00+00:00,96.57,4190.75,132.08,-1648.4
2024-05-30 04:00:00+00:00,99.32,4612.13,475.88,-1626.2
2024-05-30 05:00:00+00:00,103.41,4607.63,1081.38,-1500.0
2024-05-30 06:00:00+00:00,95.51,4341.2,1751.63,-481.1
2024-05-30 07:00:00+00:00,91.77,4130.78,2307.6,691.6
2024-05-30 08:00:00+00:00,82.37,3967.0,2707.4,922.9
2024-05-30 09:00:00+00:00,79.2,3937.8,2897.93,1140.4
2024-05-30 10:00:00+00:00,73.43,3994.63,2972.85,1298.3
2024-05-30 11:00:00+00:00,65.34,4021.8,2917.0,1069.3
2024-05-30 12:00:00+00:00,65.28,4056.88,2307.2,769.5
2024-05-30 13:00:00+00:00,70.19,4296.33,2153.58,74.7
2024-05-30 14:00:00+00:00,86.84,4576.15,1664.33,-609.8
2024-05-30 15:00:00+00:00,94.37,4869.23,1206.53,-1448.4
2024-05-30 16:00:00+00:00,109.69,5149.35,525.2,-1695.0
2024-05-30 17:00:00+00:00,153.32,5371.63,184.53,-1900.0
2024-05-30 18:00:00+00:00,155.1,5462.63,11.03,-1900.0
2024-05-30 19:00:00+00:00,132.11,5370.13,0.0,-1900.0
2024-05-30 20:00:00+00:00,109.97,5086.3,0.0,-1900.0
2024-05-30 21:00:00+00:00,101.94,4887.95,0.0,-1900.0
2024-05-30 22:00:00+00:00,93.54,4550.8,0.0,-600.0
2024-05-30 23:00:00+00:00,81.73,4270.4,0.0,-600.0
2024-05-31 00:00:00+00:00,74.62,4065.2,0.0,-600.0
2024-05-31 01:00:00+00:00,76.1,4013.65,0.0,-600.0
2024-05-31 02:00:00+00:00,77.67,4046.38,0.68,-600.0
2024-05-31 03:00:00+00:00,84.21,4175.2,100.38,-600.0
2024-05-31 04:00:00+00:00,102.67,4547.78,337.75,-600.0
2024-05-31 05:00:00+00:00,114.08,4567.23,657.1,-600.0
2024-05-31 06:00:00+00:00,113.8,4376.38,1266.28,-474.2
2024-05-31 07:00:00+00:00,102.85,4099.95,1581.98,203.8
2024-05-31 08:00:00+00:00,90.99,3908.25,1785.6,411.1
2024-05-31 09:00:00+00:00,85.13,3895.1,2216.3,500.0
2024-05-31 10:00:00+00:00,78.42,3950.85,1625.8,500.0
2024-05-31 11:00:00+00:00,71.86,3947.55,1629.8,500.0
2024-05-31 12:00:00+00:00,68.17,3931.28,1744.15,274.5
2024-05-31 13:00:00+00:00,69.35,4083.93,1517.43,-84.1
2024-05-31 14:00:00+00:00,77.37,4381.23,1243.78,-355.9
2024-05-31 15:00:00+00:00,89.57,4593.85,843.08,-600.0
2024-05-31 16:00:00+00:00,114.13,4990.33,426.28,-600.0
2024-05-31 17:00:00+00:00,132.05,5146.0,157.95,-600.0
2024-05-31 18:00:00+00:00,139.26,5260.1,12.93,-600.0
2024-05-31 19:00:00+00:00,134.27,5216.28,0.0,-600.0
2024-05-31 20:00:00+00:00,103.21,4968.53,0.0,-600.0
2024-05-31 21:00:00+00:00,92.66,4727.95,0.0,-600.0
2024-05-31 22:00:00+00:00,87.28,4440.48,0.0,-600.0
2024-05-31 23:00:00+00:00,82.85,4192.98,0.0,-600.0
2024-06-01 00:00:00+00:00,76.39,4010.68,0.0,-600.0
2024-06-01 01:00:00+00:00,74.94,3938.45,0.0,-600.0
2024-06-01 02:00:00+00:00,68.81,3913.98,1.0,-600.0
2024-06-01 03:00:00+00:00,69.02,3840.83,114.25,-600.0
2024-06-01 04:00:00+00:00,74.3,3859.63,478.7,-600.0
2024-06-01 05:00:00+00:00,70.97,3899.2,1012.6,-382.3
2024-06-01 06:00:00+00:00,75.43,3806.58,1745.03,500.0
2024-06-01 07:00:00+00:00,63.84,3641.08,2228.88,500.0
2024-06-01 08:00:00+00:00,49.34,3546.0,2644.95,500.0
2024-06-01 09:00:00+00:00,43.9,3555.63,2878.2,500.0
2024-06-01 10:00:00+00:00,22.18,3517.33,3091.0,500.0
2024-06-01 11:00:00+00:00,7.79,3475.08,2985.9,500.0
2024-06-01 12:00:00+00:00,2.74,3626.3,2778.83,500.0
2024-06-01 13:00:00+00:00,5.4,3818.88,2342.13,500.0
2024-06-01 14:00:00+00:00,13.63,3986.0,1808.78,191.2
2024-06-01 15:00:00+00:00,59.58,4139.1,1188.05,-200.0
2024-06-01 16:00:00+00:00,85.64,4431.28,629.7,-600.0
2024-06-01 17:00:00+00:00,133.57,4682.48,212.53,-600.0
2024-06-01 18:00:00+00:00,173.34,4810.75,14.58,-600.0
2024-06-01 19:00:00+00:00,155.88,4764.68,0.0,-600.0
2024-06-01 20:00:00+00:00,92.39,4471.45,0.0,-600.0
2024-06-01 21:00:00+00:00,83.59,4216.63,0.0,-600.0
2024-06-01 22:00:00+00:00,56.93,3936.55,0.0,-600.0
2024-06-01 23:00:00+00:00,52.81,3752.6,0.0,-600.0
2024-06-02 00:00:00+00:00,44.17,3630.18,0.0,-600.0
2024-06-02 01:00:00+00:00,39.44,3563.78,0.0,-600.0
2024-06-02 02:00:00+00:00,8.02,3515.95,0.83,-600.0
2024-06-02 03:00:00+00:00,3.89,3433.33,120.75,-600.0
2024-06-02 04:00:00+00:00,4.89,3474.38,469.23,-559.7
2024-06-02 05:00:00+00:00,4.11,3525.95,1025.3,-200.0
2024-06-02 06:00:00+00:00,0.97,3615.65,1614.03,0.1
2024-06-02 07:00:00+00:00,0.0,3671.6,2141.8,500.0
2024-06-02 08:00:00+00:00,1.21,3575.1,2497.25,500.0
2024-06-02 09:00:00+00:00,0.11,3533.18,2446.85,500.0
2024-06-02 10:00:00+00:00,-0.86,3476.28,2603.05,500.0
2024-06-02 11:00:00+00:00,-7.21,3351.68,2784.73,500.0
2024-06-02 12:00:00+00:00,-22.28,3367.63,2536.35,500.0
2024-06-02 13:00:00+00:00,-24.61,3556.83,2082.33,500.0
2024-06-02 14:00:00+00:00,-6.46,3908.65,1614.73,155.5
2024-06-02 15:00:00+00:00,9.73,4156.53,1280.95,-258.9
2024-06-02 16:00:00+00:00,67.19,4501.38,540.75,-600.0
2024-06-02 17:00:00+00:00,103.36,4761.48,194.0,-600.0
2024-06-02 18:00:00+00:00,178.54,4888.63,13.25,-600.0
2024-06-02 19:00:00+00:00,125.2,4911.95,0.0,-600.0
2024-06-02 20:00:00+00:00,102.86,4629.93,0.0,-600.0
2024-06-02 21:00:00+00:00,91.78,4271.3,0.0,-600.0
2024-06-02 22:00:00+00:00,92.95,3874.95,0.0,-600.0
2024-06-02 23:00:00+00:00,89.66,3741.65,0.0,-600.0
2024-06-03 00:00:00+00:00,89.03,3668.33,0.0,-600.0
2024-06-03 01:00:00+00:00,87.74,3616.93,0.0,-600.0
2024-06-03 02:00:00+00:00,85.61,3667.05,1.15,-600.0
2024-06-03 03:00:00+00:00,100.76,3866.75,69.83,-600.0
2024-06-03 04:00:00+00:00,131.37,4391.95,223.3,-600.0
2024-06-03 05:00:00+00:00,193.06,4522.4,548.88,-600.0
2024-06-03 06:00:00+00:00,162.96,4454.53,1106.23,-600.0
2024-06-03 07:00:00+00:00,127.41,4371.63,1594.63,-82.8
2024-06-03 08:00:00+00:00,102.12,4298.4,1730.08,28.9
2024-06-03 09:00:00+00:00,98.31,4342.28,1819.95,-140.0
2024-06-03 10:00:00+00:00,83.36,4701.25,1809.85,-522.2
2024-06-03 11:00:00+00:00,80.05,4612.08,1786.7,-234.1
2024-06-03 12:00:00+00:00,77.53,4452.7,1641.9,-200.0
2024-06-03 13:00:00+00:00,85.73,4446.28,1385.95,-482.8
2024-06-03 14:00:00+00:00,95.56,4627.4,1072.18,-600.0
2024-06-03 15:00:00+00:00,122.27,4847.2,721.65,-600.0
2024-06-03 16:00:00+00:00,157.34,5085.98,372.53,-600.0
2024-06-03 17:00:00+00:00,201.92,5272.85,136.78,-600.0
2024-06-03 18:00:00+00:00,212.03,5212.3,9.0,-600.0
2024-06-03 19:00:00+00:00,191.75,5079.9,0.0,-600.0
2024-06-03 20:00:00+00:00,145.86,4813.9,0.0,-600.0
2024-06-03 21:00:00+00:00,118.64,4671.05,0.0,-600.0
2024-06-03 22:00:00+00:00,107.75,4320.6,0.0,-600.0
2024-06-03 23:00:00+00:00,100.91,4106.23,0.0,-600.0
2024-06-04 00:00:00+00:00,96.3,3961.43,0.0,-600.0
2024-06-04 01:00:00+00:00,96.77,3909.7,0.0,-600.0
2024-06-04 02:00:00+00:00,96.96,3953.83,1.38,-600.0
2024-06-04 03:00:00+00:00,107.09,4104.2,81.05,-600.0
2024-06-04 04:00:00+00:00,141.86,4519.05,241.05,-600.0
2024-06-04 05:00:00+00:00,173.05,4601.88,502.38,-600.0
2024-06-04 06:00:00+00:00,141.68,4354.13,868.7,-600.0
2024-06-04 07:00:00+00:00,110.72,4254.55,1195.05,-78.7
2024-06-04 08:00:00+00:00,90.13,4289.78,1457.3,-159.0
2024-06-04 09:00:00+00:00,81.31,4458.4,1686.83,-166.8
2024-06-04 10:00:00+00:00,72.88,4766.5,2075.7,-299.5
2024-06-04 11:00:00+00:00,62.33,4665.43,2129.15,20.5
2024-06-04 12:00:00+00:00,52.81,4324.05,2012.88,126.6
2024-06-04 13:00:00+00:00,76.25,4404.85,1812.6,-84.8
2024-06-04 14:00:00+00:00,90.98,4621.35,1508.28,-483.6
2024-06-04 15:00:00+00:00,95.99,4912.2,1117.05,-600.0
2024-06-04 16:00:00+00:00,120.3,5233.8,575.6,-600.0
2024-06-04 17:00:00+00:00,171.02,5342.65,209.38,-600.0
2024-06-04 18:00:00+00:00,224.31,5266.03,19.58,-600.0
2024-06-04 19:00:00+00:00,143.96,5130.13,0.0,-600.0
2024-06-04 20:00:00+00:00,127.44,4860.03,0.0,-600.0
2024-06-04 21:00:00+00:00,101.12,4688.73,0.0,-600.0
2024-06-04 22:00:00+00:00,101.07,4344.43,0.0,-600.0
2024-06-04 23:00:00+00:00,95.04,4109.73,0.0,-600.0
2024-06-05 00:00:00+00:00,90.23,3939.4,0.0,-600.0
2024-06-05 01:00:00+00:00,85.0,3895.25,0.0,-600.0
2024-06-05 02:00:00+00:00,91.02,3981.48,1.28,-600.0
2024-06-05 03:00:00+00:00,91.17,4171.73,133.88,-600.0
2024-06-05 04:00:00+00:00,112.42,4671.43,463.88,-600.0
2024-06-05 05:00:00+00:00,151.66,4829.53,1025.48,-600.0
2024-06-05 06:00:00+00:00,116.78,4650.53,1755.25,-600.0
2024-06-05 07:00:00+00:00,89.51,4705.7,2266.93,-600.0
2024-06-05 08:00:00+00:00,72.64,4694.93,2555.83,-200.0
2024-06-05 09:00:00+00:00,67.3,4697.2,2678.68,-200.0
2024-06-05 10:00:00+00:00,54.32,4632.75,2718.35,-200.0
2024-06-05 11:00:00+00:00,34.12,4638.08,2716.95,-200.0
2024-06-05 12:00:00+00:00,30.23,4707.98,2276.18,-200.0
2024-06-05 13:00:00+00:00,83.77,4899.9,2095.45,-286.7
2024-06-05 14:00:00+00:00,97.85,5133.68,1683.78,-600.0
2024-06-05 15:00:00+00:00,98.72,5127.2,1213.1,-600.0
2024-06-05 16:00:00+00:00,136.96,5210.78,617.03,-600.0
2024-06-05 17:00:00+00:00,180.63,5449.75,240.78,-600.0
2024-06-05 18:00:00+00:00,198.52,5505.15,21.28,-600.0
2024-06-05 19:00:00+00:00,178.19,5351.83,0.0,-600.0
2024-06-05 20:00:00+00:00,145.64,5036.63,0.0,-600.0
2024-06-05 21:00:00+00:00,116.49,4806.75,0.0,-600.0
2024-06-05 22:00:00+00:00,106.83,4442.58,0.0,-600.0
2024-06-05 23:00:00+00:00,102.96,4238.23,0.0,-600.0
2024-06-06 00:00:00+00:00,93.84,4118.78,0.0,-600.0
2024-06-06 01:00:00+00:00,92.33,4047.13,0.0,-600.0
2024-06-06 02:00:00+00:00,92.33,4087.65,2.08,-600.0
2024-06-06 03:00:00+00:00,107.57,4243.9,134.8,-600.0
2024-06-06 04:00:00+00:00,127.16,4696.93,476.03,-600.0
2024-06-06 05:00:00+00:00,129.9,4909.48,1055.6,-600.0
2024-06-06 06:00:00+00:00,98.53,5126.4,1852.4,-600.0
2024-06-06 07:00:00+00:00,72.0,5017.0,2439.48,-596.2
2024-06-06 08:00:00+00:00,57.8,4844.93,2835.6,-200.0
2024-06-06 09:00:00+00:00,27.19,4698.93,3119.28,-200.0
2024-06-06 10:00:00+00:00,23.35,4438.3,2880.98,-200.0
2024-06-06 11:00:00+00:00,8.77,4575.6,2883.33,-200.0
2024-06-06 12:00:00+00:00,13.79,4655.25,2669.33,-93.5
2024-06-06 13:00:00+00:00,66.19,4683.2,2340.08,-200.0
2024-06-06 14:00:00+00:00,84.76,4868.83,1836.95,-427.3
2024-06-06 15:00:00+00:00,97.57,5111.4,1271.1,-600.0
2024-06-06 16:00:00+00:00,112.49,5236.85,558.85,-600.0
2024-06-06 17:00:00+00:00,180.05,5494.83,205.75,-600.0
2024-06-06 18:00:00+00:00,201.95,5572.0,19.58,-600.0
2024-06-06 19:00:00+00:00,178.33,5540.88,0.0,-600.0
2024-06-06 20:00:00+00:00,140.96,5262.9,0.0,-600.0
2024-06-06 21:00:00+00:00,110.47,5064.35,0.0,-600.0
2024-06-06 22:00:00+00:00,103.73,4718.63,0.0,-600.0
2024-06-06 23:00:00+00:00,95.22,4459.68,0.0,-600.0
2024-06-07 00:00:00+00:00,89.78,4177.33,0.0,-600.0
2024-06-07 01:00:00+00:00,84.53,4117.88,0.0,-600.0
2024-06-07 02:00:00+00:00,80.74,4160.15,1.83,-600.0
2024-06-07 03:00:00+00:00,97.62,4337.93,115.2,-600.0
2024-06-07 04:00:00+00:00,110.55,4653.58,426.13,-1200.0
2024-06-07 05:00:00+00:00,116.87,4794.35,943.23,-1200.0
2024-06-07 06:00:00+00:00,101.49,4804.5,1650.4,-861.0
2024-06-07 07:00:00+00:00,78.97,4601.28,2104.45,-354.6
2024-06-07 08:00:00+00:00,61.39,4380.0,2598.7,80.0
2024-06-07 09:00:00+00:00,41.39,4307.83,2801.8,300.0
2024-06-07 10:00:00+00:00,33.91,4236.25,2548.13,300.0
2024-06-07 11:00:00+00:00,25.36,4300.85,2511.43,300.0
2024-06-07 12:00:00+00:00,28.08,4401.25,2173.45,300.0
2024-06-07 13:00:00+00:00,75.39,4490.88,1764.0,117.0
2024-06-07 14:00:00+00:00,98.6,4663.4,1358.98,-669.3
2024-06-07 15:00:00+00:00,74.17,4927.7,990.1,-1186.2
2024-06-07 16:00:00+00:00,107.32,5206.98,453.13,-1165.5
2024-06-07 17:00:00+00:00,164.73,5394.3,194.93,-1200.0
2024-06-07 18:00:00+00:00,186.1,5427.58,21.05,-1200.0
2024-06-07 19:00:00+00:00,156.8,5432.95,0.0,-1200.0
2024-06-07 20:00:00+00:00,131.2,5150.83,0.0,-1200.0
2024-06-07 21:00:00+00:00,106.45,4916.95,0.0,-1200.0
2024-06-07 22:00:00+00:00,107.47,4590.43,0.0,-685.7
2024-06-07 23:00:00+00:00,99.38,4322.5,0.0,-685.7
2024-06-08 00:00:00+00:00,93.06,4024.8,0.0,-685.7
2024-06-08 01:00:00+00:00,90.31,3972.78,0.0,-685.7
2024-06-08 02:00:00+00:00,90.53,3914.15,2.53,-685.7
2024-06-08 03:00:00+00:00,88.92,3842.9,119.33,-685.7
2024-06-08 04:00:00+00:00,86.65,3927.78,360.28,-1200.0
2024-06-08 05:00:00+00:00,64.96,4033.93,903.63,-835.9
2024-06-08 06:00:00+00:00,45.53,4131.83,1605.25,-241.8
2024-06-08 07:00:00+00:00,13.98,4185.4,2215.95,300.0
2024-06-08 08:00:00+00:00,0.94,4108.0,2687.5,749.3
2024-06-08 09:00:00+00:00,-2.56,4006.43,2903.75,929.8
2024-06-08 10:00:00+00:00,-7.78,3900.08,2640.13,1000.0
2024-06-08 11:00:00+00:00,-18.71,3821.33,2665.18,392.9
2024-06-08 12:00:00+00:00,-25.23,3872.05,2543.18,649.8
2024-06-08 13:00:00+00:00,-16.31,3930.75,2180.93,396.6
2024-06-08 14:00:00+00:00,-7.15,4141.58,1654.5,230.8
2024-06-08 15:00:00+00:00,57.48,4408.88,1009.8,-651.8
2024-06-08 16:00:00+00:00,90.2,4713.8,522.15,-1200.0
2024-06-08 17:00:00+00:00,108.32,4916.1,200.78,-1200.0
2024-06-08 18:00:00+00:00,166.0,4999.33,18.13,-1200.0
2024-06-08 19:00:00+00:00,174.85,5048.05,0.0,-1200.0
2024-06-08 20:00:00+00:00,120.05,4799.5,0.0,-1200.0
2024-06-08 21:00:00+00:00,88.16,4538.55,0.0,-1200.0
2024-06-08 22:00:00+00:00,83.93,4146.08,0.0,-771.4
2024-06-08 23:00:00+00:00,77.26,3954.25,0.0,-771.4
2024-06-09 00:00:00+00:00,70.61,3882.75,0.0,-771.4
2024-06-09 01:00:00+00:00,58.91,3789.78,0.0,-771.4
2024-06-09 02:00:00+00:00,61.43,3721.93,0.68,-752.4
2024-06-09 03:00:00+00:00,53.98,3617.25,61.95,-678.9
2024-06-09 04:00:00+00:00,45.24,3609.4,347.9,-675.8
2024-06-09 05:00:00+00:00,17.17,3632.85,822.6,-384.7
2024-06-09 06:00:00+00:00,0.84,3557.18,1108.08,177.3
2024-06-09 07:00:00+00:00,-1.6,3615.53,1996.4,908.5
2024-06-09 08:00:00+00:00,-6.7,3663.55,2577.7,1000.0
2024-06-09 09:00:00+00:00,-15.59,3723.88,2987.83,1000.0
2024-06-09 10:00:00+00:00,-19.89,3603.05,2622.33,951.5
2024-06-09 11:00:00+00:00,-28.49,3529.48,2583.98,704.6
2024-06-09 12:00:00+00:00,-35.61,3536.2,2357.08,1000.0
2024-06-09 13:00:00+00:00,-29.71,3660.18,1963.88,1000.0
2024-06-09 14:00:00+00:00,-2.37,3885.38,1550.28,647.5
2024-06-09 15:00:00+00:00,18.91,4165.25,1134.53,240.7
2024-06-09 16:00:00+00:00,72.81,4478.73,563.28,-768.4
2024-06-09 17:00:00+00:00,99.33,4789.03,222.2,-1200.0
2024-06-09 18:00:00+00:00,138.82,4993.08,23.13,-1200.0
2024-06-09 19:00:00+00:00,143.71,5019.2,0.0,-1200.0
2024-06-09 20:00:00+00:00,108.56,4701.43,0.0,-1200.0
2024-06-09 21:00:00+00:00,97.92,4378.18,0.0,-1200.0
2024-06-09 22:00:00+00:00,73.56,4027.95,0.0,-857.1
2024-06-09 23:00:00+00:00,73.46,3892.83,0.0,-857.1
2024-06-10 00:00:00+00:00,66.71,3832.85,0.0,-857.1
2024-06-10 01:00:00+00:00,70.28,3843.15,0.0,-857.1
2024-06-10 02:00:00+00:00,71.68,3874.95,1.63,-857.1
2024-06-10 03:00:00+00:00,75.68,4043.23,79.8,-857.1
2024-06-10 04:00:00+00:00,112.41,4425.28,255.13,-1200.0
2024-06-10 05:00:00+00:00,175.51,4619.28,558.88,-1137.4
2024-06-10 06:00:00+00:00,137.01,4469.9,1287.4,-354.3
2024-06-10 07:00:00+00:00,103.9,4234.1,1532.65,125.2
2024-06-10 08:00:00+00:00,85.79,4074.25,1823.55,576.1
2024-06-10 09:00:00+00:00,79.15,3988.13,1602.73,664.5
2024-06-10 10:00:00+00:00,68.73,4224.93,1989.7,724.9
2024-06-10 11:00:00+00:00,68.39,4292.8,2224.08,485.8
2024-06-10 12:00:00+00:00,62.26,4384.85,1914.4,427.3
2024-06-10 13:00:00+00:00,67.3,4630.6,1628.4,228.5
2024-06-10 14:00:00+00:00,85.21,4828.15,1336.83,-457.5
2024-06-10 15:00:00+00:00,93.5,4930.18,803.7,-903.5
2024-06-10 16:00:00+00:00,107.82,5108.18,457.1,-1200.0
2024-06-10 17:00:00+00:00,120.08,5256.6,179.4,-1200.0
2024-06-10 18:00:00+00:00,154.52,5318.75,22.8,-1200.0
2024-06-10 19:00:00+00:00,122.2,5274.8,0.0,-1200.0
2024-06-10 20:00:00+00:00,111.71,4968.48,0.0,-1200.0
2024-06-10 21:00:00+00:00,95.9,4678.9,0.0,-1200.0
2024-06-10 22:00:00+00:00,82.88,4371.1,0.0,-942.9
2024-06-10 23:00:00+00:00,74.98,4138.75,0.0,-942.9
2024-06-11 00:00:00+00:00,65.88,4038.48,0.0,-942.9
2024-06-11 01:00:00+00:00,65.88,4017.48,0.0,-942.9
2024-06-11 02:00:00+00:00,64.3,4024.35,2.4,-942.9
2024-06-11 03:00:00+00:00,71.16,4161.85,102.75,-942.9
2024-06-11 04:00:00+00:00,89.11,4676.7,206.93,-1200.0
2024-06-11 05:00:00+00:00,103.88,4813.13,425.9,-1153.6
2024-06-11 06:00:00+00:00,96.83,4377.43,754.7,-606.1
2024-06-11 07:00:00+00:00,80.54,4130.93,997.65,-269.3
2024-06-11 08:00:00+00:00,64.54,4161.23,1334.9,-27.2
2024-06-11 09:00:00+00:00,65.85,4085.58,1893.5,300.0
2024-06-11 10:00:00+00:00,65.43,4448.43,1778.63,501.1
2024-06-11 11:00:00+00:00,54.78,4367.58,2122.45,745.8
2024-06-11 12:00:00+00:00,54.73,4369.0,2580.55,662.3
2024-06-11 13:00:00+00:00,71.97,4633.63,2234.48,300.0
2024-06-11 14:00:00+00:00,76.37,4872.4,1784.6,138.7
2024-06-11 15:00:00+00:00,87.27,4944.05,1132.65,-489.6
2024-06-11 16:00:00+00:00,106.37,5163.15,593.15,-1057.9
2024-06-11 17:00:00+00:00,134.01,5291.13,225.1,-1200.0
2024-06-11 18:00:00+00:00,167.78,5255.5,28.8,-1200.0
2024-06-11 19:00:00+00:00,154.98,5190.3,0.0,-1200.0
2024-06-11 20:00:00+00:00,128.35,4927.78,0.0,-1200.0
2024-06-11 21:00:00+00:00,93.97,4691.43,0.0,-1200.0
2024-06-11 22:00:00+00:00,89.78,4426.63,0.0,-1028.6
2024-06-11 23:00:00+00:00,86.63,4183.13,0.0,-1028.6
2024-06-12 00:00:00+00:00,78.07,3989.83,0.0,-950.2
2024-06-12 01:00:00+00:00,80.44,3947.8,0.0,-942.4
2024-06-12 02:00:00+00:00,84.75,4024.9,2.63,-1027.3
2024-06-12 03:00:00+00:00,93.56,4215.15,110.53,-1028.6
2024-06-12 04:00:00+00:00,127.14,4783.98,327.95,-1200.0
2024-06-12 05:00:00+00:00,133.51,5019.78,663.93,-1200.0
2024-06-12 06:00:00+00:00,111.65,4947.63,968.95,-1200.0
2024-06-12 07:00:00+00:00,81.41,4900.55,1277.1,-1200.0
2024-06-12 08:00:00+00:00,67.39,4769.83,1432.88,-1184.4
2024-06-12 09:00:00+00:00,68.4,4530.2,949.3,-1062.8
2024-06-12 10:00:00+00:00,74.21,4394.78,1016.63,-534.4
2024-06-12 11:00:00+00:00,60.97,4306.85,908.08,-287.6
2024-06-12 12:00:00+00:00,56.94,4695.28,1746.73,-244.4
2024-06-12 13:00:00+00:00,58.45,4922.75,1336.65,-237.3
2024-06-12 14:00:00+00:00,73.8,4917.68,1211.95,-336.4
2024-06-12 15:00:00+00:00,100.7,4933.28,820.6,-786.2
2024-06-12 16:00:00+00:00,130.43,5078.38,296.9,-1058.1
2024-06-12 17:00:00+00:00,153.83,5304.93,132.63,-1200.0
2024-06-12 18:00:00+00:00,160.07,5368.55,18.53,-1200.0
2024-06-12 19:00:00+00:00,147.3,5290.98,0.0,-1200.0
2024-06-12 20:00:00+00:00,135.46,5022.65,0.0,-1200.0
2024-06-12 21:00:00+00:00,105.41,4792.25,0.0,-1200.0
2024-06-12 22:00:00+00:00,98.17,4555.2,0.0,-1114.3
2024-06-12 23:00:00+00:00,90.89,4336.48,0.0,-1114.3
2024-06-13 00:00:00+00:00,82.99,4160.33,0.0,-998.2
2024-06-13 01:00:00+00:00,79.99,4138.65,0.0,-1026.0
2024-06-13 02:00:00+00:00,80.77,4184.05,1.25,-1113.4
2024-06-13 03:00:00+00:00,95.12,4323.8,65.05,-1114.3
2024-06-13 04:00:00+00:00,116.56,4689.63,281.73,-1200.0
2024-06-13 05:00:00+00:00,126.52,4892.18,616.25,-1200.0
2024-06-13 06:00:00+00:00,120.8,5090.58,1116.73,-1200.0
2024-06-13 07:00:00+00:00,86.89,5076.4,1586.18,-1147.6
2024-06-13 08:00:00+00:00,76.52,4846.58,1863.25,-866.8
2024-06-13 09:00:00+00:00,69.07,4702.95,1777.23,-428.1
2024-06-13 10:00:00+00:00,60.29,4823.53,1826.93,284.7
2024-06-13 11:00:00+00:00,54.43,4679.15,1819.95,300.0
2024-06-13 12:00:00+00:00,54.89,4421.0,2336.58,300.0
2024-06-13 13:00:00+00:00,76.05,4613.75,1780.7,300.0
2024-06-13 14:00:00+00:00,91.77,4747.35,1373.88,-269.4
2024-06-13 15:00:00+00:00,96.45,4861.88,809.85,-677.1
2024-06-13 16:00:00+00:00,128.98,5170.25,444.63,-1200.0
2024-06-13 17:00:00+00:00,162.1,5289.75,176.9,-1200.0
2024-06-13 18:00:00+00:00,200.47,5339.2,24.05,-1200.0
2024-06-13 19:00:00+00:00,166.99,5282.9,0.0,-1200.0
2024-06-13 20:00:00+00:00,106.64,5023.43,0.0,-1200.0
2024-06-13 21:00:00+00:00,87.38,4803.08,0.0,-1200.0
2024-06-13 22:00:00+00:00,78.66,4536.45,0.0,-1200.0
2024-06-13 23:00:00+00:00,66.88,4309.45,0.0,-1179.2
2024-06-14 00:00:00+00:00,60.01,4115.23,0.0,-1109.7
2024-06-14 01:00:00+00:00,62.63,4079.9,0.0,-1029.9
2024-06-14 02:00:00+00:00,58.85,4105.85,2.43,-1061.1
2024-06-14 03:00:00+00:00,66.26,4236.98,136.55,-1130.8
2024-06-14 04:00:00+00:00,87.78,4607.93,461.48,-1200.0
2024-06-14 05:00:00+00:00,99.15,4741.9,1022.03,-1122.6
2024-06-14 06:00:00+00:00,92.02,4671.1,1600.63,-673.5
2024-06-14 07:00:00+00:00,76.32,4667.75,2251.03,-240.2
2024-06-14 08:00:00+00:00,67.63,4598.75,2710.48,-51.5
2024-06-14 09:00:00+00:00,63.47,4699.88,3065.15,-77.1
2024-06-14 10:00:00+00:00,64.44,4585.75,2826.13,60.5
2024-06-14 11:00:00+00:00,50.01,4728.18,2879.93,297.7
2024-06-14 12:00:00+00:00,42.94,4826.2,2406.28,264.1
2024-06-14 13:00:00+00:00,41.88,4887.85,2004.85,18.6
2024-06-14 14:00:00+00:00,56.81,4941.65,1604.53,-224.3
2024-06-14 15:00:00+00:00,77.85,5116.23,1121.45,-789.7
2024-06-14 16:00:00+00:00,91.03,5092.75,529.8,-1200.0
2024-06-14 17:00:00+00:00,132.73,5264.63,189.98,-1200.0
2024-06-14 18:00:00+00:00,140.86,5233.6,24.88,-1200.0
2024-06-14 19:00:00+00:00,112.17,5153.13,0.0,-1200.0
2024-06-14 20:00:00+00:00,86.86,4905.53,0.0,-1200.0
2024-06-14 21:00:00+00:00,59.5,4703.25,0.0,-1200.0
2024-06-14 22:00:00+00:00,58.86,4276.68,0.0,-1200.0
2024-06-14 23:00:00+00:00,41.24,4054.93,0.0,-1200.0
2024-06-15 00:00:00+00:00,30.72,3968.5,0.0,-1004.7
2024-06-15 01:00:00+00:00,31.4,3902.85,0.0,-894.7
2024-06-15 02:00:00+00:00,21.02,3857.5,3.05,-850.8
2024-06-15 03:00:00+00:00,9.06,3715.73,162.53,-569.9
2024-06-15 04:00:00+00:00,1.54,3645.28,553.53,-86.1
2024-06-15 05:00:00+00:00,0.09,3647.78,1201.23,300.0
2024-06-15 06:00:00+00:00,0.0,3675.9,1956.73,1000.0
2024-06-15 07:00:00+00:00,-0.06,3702.23,2617.38,1000.0
2024-06-15 08:00:00+00:00,-10.08,3671.53,3209.05,1000.0
2024-06-15 09:00:00+00:00,-32.01,3651.28,3603.28,1000.0
2024-06-15 10:00:00+00:00,-49.52,3633.43,3230.3,465.2
2024-06-15 11:00:00+00:00,-68.11,3659.33,3296.83,300.0
2024-06-15 12:00:00+00:00,-83.29,3725.7,2715.23,300.0
2024-06-15 13:00:00+00:00,-52.38,3950.58,2117.1,300.0
2024-06-15 14:00:00+00:00,-0.03,4237.28,1617.88,300.0
2024-06-15 15:00:00+00:00,44.63,4444.15,1283.58,-47.8
2024-06-15 16:00:00+00:00,70.99,4672.23,611.15,-936.4
2024-06-15 17:00:00+00:00,120.83,4883.78,226.43,-1200.0
2024-06-15 18:00:00+00:00,145.13,4903.48,25.58,-1200.0
2024-06-15 19:00:00+00:00,130.29,4900.13,0.0,-1200.0
2024-06-15 20:00:00+00:00,110.89,4610.03,0.0,-1200.0
2024-06-15 21:00:00+00:00,69.09,4301.43,0.0,-1200.0
2024-06-15 22:00:00+00:00,80.73,3929.85,0.0,-1000.9
2024-06-15 23:00:00+00:00,90.58,3743.33,0.0,-688.9
2024-06-16 00:00:00+00:00,56.52,3637.28,0.0,-480.6
2024-06-16 01:00:00+00:00,56.06,3545.7,0.0,-363.5
2024-06-16 02:00:00+00:00,58.94,3502.1,1.8,-274.8
2024-06-16 03:00:00+00:00,57.87,3463.63,101.85,-161.9
2024-06-16 04:00:00+00:00,31.01,3486.58,368.45,-154.5
2024-06-16 05:00:00+00:00,3.65,3563.38,838.23,202.5
2024-06-16 06:00:00+00:00,-0.01,3626.13,1679.23,822.9
2024-06-16 07:00:00+00:00,-1.0,3662.98,2213.7,1000.0
2024-06-16 08:00:00+00:00,-10.58,3681.58,2659.75,1000.0
2024-06-16 09:00:00+00:00,-14.1,3612.88,3020.1,1000.0
2024-06-16 10:00:00+00:00,-20.99,3509.78,2814.95,1000.0
2024-06-16 11:00:00+00:00,-31.42,3399.0,2968.23,1000.0
2024-06-16 12:00:00+00:00,-37.23,3452.45,2933.95,1000.0
2024-06-16 13:00:00+00:00,-30.85,3615.4,2327.15,1000.0
2024-06-16 14:00:00+00:00,-0.02,3884.38,1862.55,684.6
2024-06-16 15:00:00+00:00,49.39,4179.68,1379.75,300.0
2024-06-16 16:00:00+00:00,112.39,4575.75,634.28,-780.0
2024-06-16 17:00:00+00:00,192.55,4874.55,250.28,-1200.0
2024-06-16 18:00:00+00:00,211.22,4954.8,30.03,-1200.0
2024-06-16 19:00:00+00:00,225.09,4922.78,0.0,-1200.0
2024-06-16 20:00:00+00:00,167.79,4606.18,0.0,-1200.0
2024-06-16 21:00:00+00:00,104.23,4274.08,0.0,-1147.2
2024-06-16 22:00:00+00:00,89.63,3913.3,0.0,-833.9
2024-06-16 23:00:00+00:00,87.93,3772.73,0.0,-701.3
2024-06-17 00:00:00+00:00,65.78,3647.6,0.0,-620.2
2024-06-17 01:00:00+00:00,67.0,3630.38,0.0,-573.5
2024-06-17 02:00:00+00:00,68.08,3691.6,3.2,-606.5
2024-06-17 03:00:00+00:00,89.41,3881.68,153.88,-687.3
2024-06-17 04:00:00+00:00,114.6,4364.45,511.23,-899.6
2024-06-17 05:00:00+00:00,126.03,4510.85,1100.7,-534.1
2024-06-17 06:00:00+00:00,103.47,4474.58,1808.63,-31.2
2024-06-17 07:00:00+00:00,82.39,4348.85,2380.18,300.0
2024-06-17 08:00:00+00:00,69.74,4220.33,2864.43,356.6
2024-06-17 09:00:00+00:00,67.03,4221.3,3212.95,464.2
2024-06-17 10:00:00+00:00,53.04,4256.48,3014.65,555.4
2024-06-17 11:00:00+00:00,49.09,4308.45,3018.7,797.6
2024-06-17 12:00:00+00:00,54.93,4373.9,2829.95,891.0
2024-06-17 13:00:00+00:00,68.79,4595.78,2454.35,875.1
2024-06-17 14:00:00+00:00,77.82,4856.43,2015.15,300.0
2024-06-17 15:00:00+00:00,92.31,5121.43,1463.55,-228.4
2024-06-17 16:00:00+00:00,154.02,5318.8,664.95,-1056.0
2024-06-17 17:00:00+00:00,223.51,5489.1,260.7,-1200.0
2024-06-17 18:00:00+00:00,254.93,5480.5,30.75,-1200.0
2024-06-17 19:00:00+00:00,237.51,5452.63,0.0,-1200.0
2024-06-17 20:00:00+00:00,159.62,5180.13,0.0,-1200.0
2024-06-17 21:00:00+00:00,143.62,4923.8,0.0,-1200.0
2024-06-17 22:00:00+00:00,110.31,4486.35,0.0,-1125.4
2024-06-17 23:00:00+00:00,96.89,4253.45,0.0,-863.0
2024-06-18 00:00:00+00:00,92.51,4037.85,0.0,-726.6
2024-06-18 01:00:00+00:00,90.31,3997.98,0.0,-665.9
2024-06-18 02:00:00+00:00,89.78,4033.88,2.65,-681.2
2024-06-18 03:00:00+00:00,102.14,4192.18,140.5,-790.7
2024-06-18 04:00:00+00:00,131.2,4632.68,482.13,-1106.1
2024-06-18 05:00:00+00:00,125.76,4725.3,1089.65,-786.6
2024-06-18 06:00:00+00:00,93.37,4682.4,1690.55,-313.9
2024-06-18 07:00:00+00:00,71.1,4516.65,2347.65,297.3
2024-06-18 08:00:00+00:00,56.36,4359.4,2909.65,526.5
2024-06-18 09:00:00+00:00,55.84,4385.4,3409.0,633.5
2024-06-18 10:00:00+00:00,53.19,4289.38,2858.33,698.9
2024-06-18 11:00:00+00:00,51.69,4393.1,2864.68,1000.0
2024-06-18 12:00:00+00:00,56.8,4530.08,2782.83,1000.0
2024-06-18 13:00:00+00:00,71.93,4755.35,2445.35,1000.0
2024-06-18 14:00:00+00:00,79.35,5008.78,2012.08,406.7
2024-06-18 15:00:00+00:00,94.78,5297.38,1470.0,-248.7
2024-06-18 16:00:00+00:00,144.46,5575.08,635.95,-1125.9
2024-06-18 17:00:00+00:00,242.62,5746.88,254.88,-1200.0
2024-06-18 18:00:00+00:00,261.94,5614.95,35.0,-1200.0
2024-06-18 19:00:00+00:00,244.68,5615.78,0.0,-1200.0
2024-06-18 20:00:00+00:00,121.89,5348.25,0.0,-1200.0
2024-06-18 21:00:00+00:00,97.31,5071.33,0.0,-1200.0
2024-06-18 22:00:00+00:00,104.98,4646.6,0.0,-1200.0
2024-06-18 23:00:00+00:00,95.9,4393.25,0.0,-1200.0
2024-06-19 00:00:00+00:00,92.58,4221.53,0.0,-949.2
2024-06-19 01:00:00+00:00,91.33,4191.03,0.0,-917.0
2024-06-19 02:00:00+00:00,90.47,4211.15,3.18,-939.8
2024-06-19 03:00:00+00:00,92.44,4314.48,142.2,-1200.0
2024-06-19 04:00:00+00:00,110.12,4755.93,495.58,-1200.0
2024-06-19 05:00:00+00:00,113.43,4813.1,1101.65,-635.6
2024-06-19 06:00:00+00:00,105.24,4690.2,1763.28,319.4
2024-06-19 07:00:00+00:00,86.77,4520.9,2402.45,885.1
2024-06-19 08:00:00+00:00,74.74,4413.7,2961.08,1000.0
2024-06-19 09:00:00+00:00,70.82,4454.25,3531.1,1000.0
2024-06-19 10:00:00+00:00,64.95,4605.93,3035.68,1000.0
2024-06-19 11:00:00+00:00,40.03,4640.83,3193.93,1000.0
2024-06-19 12:00:00+00:00,22.6,4659.45,3050.73,937.4
2024-06-19 13:00:00+00:00,56.05,4855.28,2650.88,300.0
2024-06-19 14:00:00+00:00,72.76,5170.5,2177.48,300.0
2024-06-19 15:00:00+00:00,96.48,5434.48,1556.45,-79.2
2024-06-19 16:00:00+00:00,117.65,5869.73,684.63,-1200.0
2024-06-19 17:00:00+00:00,157.26,6023.6,269.13,-1200.0
2024-06-19 18:00:00+00:00,264.29,5867.83,36.65,-1200.0
2024-06-19 19:00:00+00:00,149.74,5939.15,0.0,-1200.0
2024-06-19 20:00:00+00:00,118.31,5658.88,0.0,-1200.0
2024-06-19 21:00:00+00:00,96.78,5337.8,0.0,-1200.0
2024-06-19 22:00:00+00:00,95.3,4894.83,0.0,-1200.0
2024-06-19 23:00:00+00:00,86.68,4644.28,0.0,-1200.0
2024-06-20 00:00:00+00:00,83.66,4450.75,0.0,-1200.0
2024-06-20 01:00:00+00:00,81.45,4425.38,0.0,-1200.0
2024-06-20 02:00:00+00:00,82.68,4434.53,2.65,-1200.0
2024-06-20 03:00:00+00:00,90.0,4537.13,136.5,-1200.0
2024-06-20 04:00:00+00:00,116.68,4880.93,482.63,-1200.0
2024-06-20 05:00:00+00:00,113.02,4956.4,1015.6,-957.1
2024-06-20 06:00:00+00:00,103.05,4767.6,1787.23,45.9
2024-06-20 07:00:00+00:00,89.1,4543.55,2352.3,808.1
2024-06-20 08:00:00+00:00,87.04,4428.78,2860.75,1000.0
2024-06-20 09:00:00+00:00,88.01,4472.43,3398.6,1000.0
2024-06-20 10:00:00+00:00,85.22,4509.68,2875.85,1000.0
2024-06-20 11:00:00+00:00,85.27,4549.83,2973.38,1000.0
2024-06-20 12:00:00+00:00,83.41,4664.63,2574.85,918.9
2024-06-20 13:00:00+00:00,82.08,4831.35,2254.18,388.0
2024-06-20 14:00:00+00:00,91.94,5162.25,1855.4,-47.2
2024-06-20 15:00:00+00:00,100.28,5461.65,1406.63,-827.8
2024-06-20 16:00:00+00:00,124.79,5868.78,628.85,-1200.0
2024-06-20 17:00:00+00:00,184.74,6007.5,247.83,-1200.0
2024-06-20 18:00:00+00:00,269.32,5887.3,29.28,-1200.0
2024-06-20 19:00:00+00:00,210.07,5866.98,0.0,-1200.0
2024-06-20 20:00:00+00:00,129.12,5538.68,0.0,-1200.0
2024-06-20 21:00:00+00:00,99.34,5196.48,0.0,-1200.0
2024-06-20 22:00:00+00:00,103.96,4728.23,0.0,-1200.0
2024-06-20 23:00:00+00:00,93.63,4492.83,0.0,-1200.0
2024-06-21 00:00:00+00:00,89.95,4394.65,0.0,-1200.0
2024-06-21 01:00:00+00:00,87.97,4289.7,0.0,-1200.0
2024-06-21 02:00:00+00:00,87.95,4319.68,2.5,-1200.0
2024-06-21 03:00:00+00:00,89.51,4414.38,125.3,-1200.0
2024-06-21 04:00:00+00:00,110.72,4705.6,429.15,-1200.0
2024-06-21 05:00:00+00:00,122.2,4825.45,1018.33,-924.2
2024-06-21 06:00:00+00:00,121.31,4701.48,1679.0,-6.5
2024-06-21 07:00:00+00:00,101.34,4575.65,2270.5,519.3
2024-06-21 08:00:00+00:00,97.3,4575.23,2824.5,923.1
2024-06-21 09:00:00+00:00,92.57,4598.8,3463.58,1000.0
2024-06-21 10:00:00+00:00,90.96,4866.3,2965.93,1000.0
2024-06-21 11:00:00+00:00,86.76,4669.33,3076.48,1000.0
2024-06-21 12:00:00+00:00,83.74,4741.98,2886.75,1000.0
2024-06-21 13:00:00+00:00,85.12,4971.58,2467.0,300.0
2024-06-21 14:00:00+00:00,91.77,5328.78,2010.5,-69.2
2024-06-21 15:00:00+00:00,144.97,5684.63,1549.88,-1061.7
2024-06-21 16:00:00+00:00,166.58,5963.13,677.13,-1200.0
2024-06-21 17:00:00+00:00,286.09,6087.48,266.28,-1200.0
2024-06-21 18:00:00+00:00,286.96,6009.18,25.4,-1200.0
2024-06-21 19:00:00+00:00,230.54,5897.48,0.0,-1200.0
2024-06-21 20:00:00+00:00,142.88,5601.5,0.0,-1200.0
2024-06-21 21:00:00+00:00,120.75,5306.3,0.0,-1200.0
2024-06-21 22:00:00+00:00,96.65,4814.63,0.0,-1200.0
2024-06-21 23:00:00+00:00,85.49,4523.35,0.0,-1200.0
2024-06-22 00:00:00+00:00,71.73,4397.58,0.0,-1045.3
2024-06-22 01:00:00+00:00,73.38,4286.15,0.0,-1019.1
2024-06-22 02:00:00+00:00,75.94,4207.2,2.15,-951.6
2024-06-22 03:00:00+00:00,74.05,4099.58,116.5,-758.1
2024-06-22 04:00:00+00:00,67.71,4065.6,389.03,-463.9
2024-06-22 05:00:00+00:00,49.26,4035.53,825.18,-56.3
2024-06-22 06:00:00+00:00,50.32,3949.15,1415.4,528.5
2024-06-22 07:00:00+00:00,34.65,3776.38,1978.28,1000.0
2024-06-22 08:00:00+00:00,12.54,3619.1,2333.65,1000.0
2024-06-22 09:00:00+00:00,3.59,3489.9,2560.7,1000.0
2024-06-22 10:00:00+00:00,2.71,3546.3,2905.23,1000.0
2024-06-22 11:00:00+00:00,-0.3,3529.3,2878.9,1000.0
2024-06-22 12:00:00+00:00,-0.33,3573.8,2313.93,1000.0
2024-06-22 13:00:00+00:00,0.6,3780.43,1965.58,1000.0
2024-06-22 14:00:00+00:00,10.67,4054.2,1511.6,669.7
2024-06-22 15:00:00+00:00,55.86,4308.7,927.5,166.2
2024-06-22 16:00:00+00:00,93.81,4779.45,614.3,-825.9
2024-06-22 17:00:00+00:00,122.92,4974.88,238.75,-1200.0
2024-06-22 18:00:00+00:00,140.41,5069.93,32.7,-1200.0
2024-06-22 19:00:00+00:00,136.2,5097.4,0.0,-1200.0
2024-06-22 20:00:00+00:00,115.51,4824.93,0.0,-1200.0
2024-06-22 21:00:00+00:00,93.35,4455.38,0.0,-1200.0
2024-06-22 22:00:00+00:00,93.77,4081.13,0.0,-1001.6
2024-06-22 23:00:00+00:00,83.27,3832.8,0.0,-738.8
2024-06-23 00:00:00+00:00,75.37,3805.28,0.0,-485.0
2024-06-23 01:00:00+00:00,70.33,3732.98,0.0,-491.2
2024-06-23 02:00:00+00:00,63.17,3706.63,0.93,-458.3
2024-06-23 03:00:00+00:00,60.31,3646.95,89.6,-300.3
2024-06-23 04:00:00+00:00,56.52,3569.75,406.38,-161.4
2024-06-23 05:00:00+00:00,46.36,3611.35,779.73,100.5
2024-06-23 06:00:00+00:00,20.35,3649.6,1289.85,300.0
2024-06-23 07:00:00+00:00,4.24,3716.03,1739.0,376.7
2024-06-23 08:00:00+00:00,0.0,3745.23,2036.6,861.1
2024-06-23 09:00:00+00:00,-0.05,3588.95,1920.6,1000.0
2024-06-23 10:00:00+00:00,-0.08,3542.25,2291.63,1000.0
2024-06-23 11:00:00+00:00,-0.91,3423.3,2291.53,1000.0
2024-06-23 12:00:00+00:00,-2.72,3530.4,2213.95,1000.0
2024-06-23 13:00:00+00:00,-3.6,3695.9,2011.98,1000.0
2024-06-23 14:00:00+00:00,-6.36,3940.93,1630.58,710.6
2024-06-23 15:00:00+00:00,18.68,4186.03,1190.25,300.0
2024-06-23 16:00:00+00:00,83.26,4592.03,580.2,-534.0
2024-06-23 17:00:00+00:00,121.23,4850.9,231.73,-1157.4
2024-06-23 18:00:00+00:00,179.33,4998.43,30.9,-1200.0
2024-06-23 19:00:00+00:00,189.02,5053.5,0.0,-1200.0
2024-06-23 20:00:00+00:00,144.02,4765.05,0.0,-1200.0
2024-06-23 21:00:00+00:00,108.55,4444.1,0.0,-1072.2
2024-06-23 22:00:00+00:00,106.78,4212.43,0.0,-501.7
2024-06-23 23:00:00+00:00,91.41,4035.03,0.0,-320.7
2024-06-24 00:00:00+00:00,82.96,3948.68,0.0,-218.3
2024-06-24 01:00:00+00:00,82.28,3894.3,0.0,-193.5
2024-06-24 02:00:00+00:00,84.27,3948.6,2.23,-229.6
2024-06-24 03:00:00+00:00,95.96,4103.95,131.73,-422.0
2024-06-24 04:00:00+00:00,125.94,4519.98,453.85,-600.0
2024-06-24 05:00:00+00:00,121.73,4732.23,1024.68,-600.0
2024-06-24 06:00:00+00:00,108.77,4642.5,1638.9,27.6
2024-06-24 07:00:00+00:00,86.64,4545.28,2257.28,500.0
2024-06-24 08:00:00+00:00,57.26,4471.93,2903.1,500.0
2024-06-24 09:00:00+00:00,38.52,4504.65,3231.65,500.0
2024-06-24 10:00:00+00:00,29.56,4607.85,3053.83,500.0
2024-06-24 11:00:00+00:00,28.0,4689.3,3224.88,500.0
2024-06-24 12:00:00+00:00,31.32,4784.25,3070.58,500.0
2024-06-24 13:00:00+00:00,81.22,5045.48,2595.03,500.0
2024-06-24 14:00:00+00:00,98.97,5331.8,2147.35,197.1
2024-06-24 15:00:00+00:00,101.66,5597.33,1531.93,-466.3
2024-06-24 16:00:00+00:00,138.6,5864.7,707.88,-600.0
2024-06-24 17:00:00+00:00,194.67,5969.7,281.35,-600.0
2024-06-24 18:00:00+00:00,288.81,5861.95,37.8,-600.0
2024-06-24 19:00:00+00:00,244.64,5767.15,0.0,-600.0
2024-06-24 20:00:00+00:00,147.99,5429.6,0.0,-600.0
2024-06-24 21:00:00+00:00,112.88,5141.93,0.0,-600.0
2024-06-24 22:00:00+00:00,223.62,4615.83,0.0,-1114.3
2024-06-24 23:00:00+00:00,200.92,4364.78,0.0,-948.0
2024-06-25 00:00:00+00:00,152.08,4240.3,0.0,-815.6
2024-06-25 01:00:00+00:00,150.39,4161.28,0.0,-769.2
2024-06-25 02:00:00+00:00,150.78,4171.55,2.28,-774.1
2024-06-25 03:00:00+00:00,172.13,4256.73,134.38,-789.7
2024-06-25 04:00:00+00:00,181.12,4581.85,446.05,-600.0
2024-06-25 05:00:00+00:00,134.94,4792.3,980.03,-600.0
2024-06-25 06:00:00+00:00,111.01,4682.45,1723.63,43.6
2024-06-25 07:00:00+00:00,90.41,4583.03,2249.55,382.2
2024-06-25 08:00:00+00:00,78.61,4474.3,2593.5,500.0
2024-06-25 09:00:00+00:00,78.56,4518.13,2675.75,500.0
2024-06-25 10:00:00+00:00,86.02,4435.58,2597.75,500.0
2024-06-25 11:00:00+00:00,90.1,4551.5,2621.75,500.0
2024-06-25 12:00:00+00:00,108.96,4846.55,2447.68,396.6
2024-06-25 13:00:00+00:00,122.01,5120.13,2127.3,1.9
2024-06-25 14:00:00+00:00,201.0,5344.68,1724.03,-200.0
2024-06-25 15:00:00+00:00,350.0,5629.65,1302.23,-600.0
2024-06-25 16:00:00+00:00,400.08,5753.5,586.03,-600.0
2024-06-25 17:00:00+00:00,502.01,5946.33,230.75,-600.0
2024-06-25 18:00:00+00:00,502.05,5986.83,30.25,-600.0
2024-06-25 19:00:00+00:00,502.06,5899.85,0.0,-600.0
2024-06-25 20:00:00+00:00,450.02,5576.58,0.0,-600.0
2024-06-25 21:00:00+00:00,341.3,5284.63,0.0,-600.0
2024-06-25 22:00:00+00:00,108.51,4750.5,0.0,-1028.6
2024-06-25 23:00:00+00:00,100.65,4496.63,0.0,-824.3
2024-06-26 00:00:00+00:00,95.32,4316.28,0.0,-643.7
2024-06-26 01:00:00+00:00,95.46,4305.4,0.0,-676.4
2024-06-26 02:00:00+00:00,91.71,4338.73,1.1,-740.9
2024-06-26 03:00:00+00:00,98.37,4417.55,78.55,-943.0
2024-06-26 04:00:00+00:00,109.83,4734.63,347.38,-600.0
2024-06-26 05:00:00+00:00,130.0,4781.85,637.35,-600.0
2024-06-26 06:00:00+00:00,121.1,4693.93,1465.55,-249.8
2024-06-26 07:00:00+00:00,101.76,4478.58,1737.55,236.2
2024-06-26 08:00:00+00:00,96.54,4388.2,2131.15,449.1
2024-06-26 09:00:00+00:00,91.29,4478.45,2485.58,199.8
2024-06-26 10:00:00+00:00,82.79,4578.23,2366.5,189.8
2024-06-26 11:00:00+00:00,80.43,4531.23,2488.3,492.2
2024-06-26 12:00:00+00:00,83.48,4613.55,1891.9,137.2
2024-06-26 13:00:00+00:00,90.94,4808.33,1427.8,-200.0
2024-06-26 14:00:00+00:00,101.1,5086.85,1134.4,-257.3
2024-06-26 15:00:00+00:00,107.38,5453.9,1015.93,-600.0
2024-06-26 16:00:00+00:00,164.92,5662.13,535.6,-600.0
2024-06-26 17:00:00+00:00,224.52,5827.4,186.55,-600.0
2024-06-26 18:00:00+00:00,258.98,5758.13,24.83,-600.0
2024-06-26 19:00:00+00:00,178.42,5740.73,0.0,-600.0
2024-06-26 20:00:00+00:00,118.53,5450.1,0.0,-600.0
2024-06-26 21:00:00+00:00,110.0,5177.1,0.0,-600.0
2024-06-26 22:00:00+00:00,96.0,4829.9,0.0,-911.9
2024-06-26 23:00:00+00:00,86.27,4561.58,0.0,-678.5
2024-06-27 00:00:00+00:00,79.95,4337.83,0.0,-498.0
2024-06-27 01:00:00+00:00,80.09,4318.5,0.0,-499.5
2024-06-27 02:00:00+00:00,76.29,4359.73,0.9,-539.5
2024-06-27 03:00:00+00:00,82.14,4502.65,84.73,-624.1
2024-06-27 04:00:00+00:00,114.68,4794.38,335.33,-600.0
2024-06-27 05:00:00+00:00,124.04,4939.03,622.03,-600.0
2024-06-27 06:00:00+00:00,115.0,4592.63,896.78,-483.3
2024-06-27 07:00:00+00:00,89.48,4550.2,1370.83,350.3
2024-06-27 08:00:00+00:00,86.78,4536.7,1558.38,500.0
2024-06-27 09:00:00+00:00,82.97,4592.98,1997.5,500.0
2024-06-27 10:00:00+00:00,81.54,4816.15,2217.4,335.2
2024-06-27 11:00:00+00:00,79.58,4819.05,2138.68,-111.1
2024-06-27 12:00:00+00:00,82.46,4517.4,1470.98,-190.5
2024-06-27 13:00:00+00:00,90.42,4726.18,1498.23,500.0
2024-06-27 14:00:00+00:00,96.82,5021.83,1206.4,488.5
2024-06-27 15:00:00+00:00,99.53,5243.98,867.48,-453.1
2024-06-27 16:00:00+00:00,119.14,5689.6,527.53,-600.0
2024-06-27 17:00:00+00:00,206.49,5745.15,209.93,-600.0
2024-06-27 18:00:00+00:00,330.67,5651.65,22.95,-600.0
2024-06-27 19:00:00+00:00,255.97,5585.28,0.0,-600.0
2024-06-27 20:00:00+00:00,146.42,5286.95,0.0,-600.0
2024-06-27 21:00:00+00:00,109.76,5072.58,0.0,-600.0
2024-06-27 22:00:00+00:00,105.55,4772.85,0.0,-857.1
2024-06-27 23:00:00+00:00,104.09,4520.78,0.0,-857.1
2024-06-28 00:00:00+00:00,93.92,4251.85,0.0,-857.1
2024-06-28 01:00:00+00:00,89.44,4191.28,0.0,-857.1
2024-06-28 02:00:00+00:00,89.05,4250.88,1.18,-857.1
2024-06-28 03:00:00+00:00,92.71,4426.23,93.53,-857.1
2024-06-28 04:00:00+00:00,117.56,4758.0,385.45,-600.0
2024-06-28 05:00:00+00:00,121.83,4975.13,785.28,-600.0
2024-06-28 06:00:00+00:00,84.13,4834.43,1295.1,-600.0
2024-06-28 07:00:00+00:00,62.34,4760.93,1894.98,-200.0
2024-06-28 08:00:00+00:00,26.43,4664.78,2202.88,500.0
2024-06-28 09:00:00+00:00,39.51,4685.13,2366.83,500.0
2024-06-28 10:00:00+00:00,53.33,5032.35,2684.8,-200.0
2024-06-28 11:00:00+00:00,71.53,5022.83,2530.9,-200.0
2024-06-28 12:00:00+00:00,86.67,5139.75,2025.35,-200.0
2024-06-28 13:00:00+00:00,91.59,5217.3,1945.48,196.4
2024-06-28 14:00:00+00:00,104.44,5280.18,1577.38,-219.1
2024-06-28 15:00:00+00:00,106.63,5414.05,1034.63,-600.0
2024-06-28 16:00:00+00:00,105.17,5548.75,525.85,-600.0
2024-06-28 17:00:00+00:00,137.24,5657.25,227.95,-600.0
2024-06-28 18:00:00+00:00,151.22,5652.85,31.45,-600.0
2024-06-28 19:00:00+00:00,139.55,5641.63,0.0,-600.0
2024-06-28 20:00:00+00:00,126.78,5362.88,0.0,-600.0
2024-06-28 21:00:00+00:00,108.78,5097.53,0.0,-600.0
2024-06-28 22:00:00+00:00,137.7,4835.3,0.0,-771.4
2024-06-28 23:00:00+00:00,112.01,4559.1,0.0,-771.4
2024-06-29 00:00:00+00:00,105.41,4331.28,0.0,-771.4
2024-06-29 01:00:00+00:00,105.35,4233.5,0.0,-771.4
2024-06-29 02:00:00+00:00,102.78,4184.3,1.35,-771.4
2024-06-29 03:00:00+00:00,98.81,4111.48,124.78,-771.4
2024-06-29 04:00:00+00:00,91.43,4173.15,458.05,-600.0
2024-06-29 05:00:00+00:00,79.59,4369.05,1041.4,-600.0
2024-06-29 06:00:00+00:00,64.28,4399.38,1679.85,-308.7
2024-06-29 07:00:00+00:00,29.58,4369.9,2240.8,-66.2
2024-06-29 08:00:00+00:00,5.04,4297.83,2647.2,461.1
2024-06-29 09:00:00+00:00,-0.02,4359.05,2927.05,500.0
2024-06-29 10:00:00+00:00,-0.34,4348.95,2909.9,500.0
2024-06-29 11:00:00+00:00,-0.62,4279.38,2859.98,500.0
2024-06-29 12:00:00+00:00,-0.56,4308.4,2704.9,500.0
2024-06-29 13:00:00+00:00,-0.44,4444.28,2377.3,44.5
2024-06-29 14:00:00+00:00,26.97,4581.75,1894.95,-200.0
2024-06-29 15:00:00+00:00,93.03,4884.13,1373.4,-456.3
2024-06-29 16:00:00+00:00,141.16,5039.6,644.13,-600.0
2024-06-29 17:00:00+00:00,193.76,5258.73,266.35,-600.0
2024-06-29 18:00:00+00:00,210.32,5245.53,33.1,-600.0
2024-06-29 19:00:00+00:00,214.25,5199.48,0.0,-600.0
2024-06-29 20:00:00+00:00,119.21,4924.28,0.0,-600.0
2024-06-29 21:00:00+00:00,93.11,4694.73,0.0,-600.0
2024-06-29 22:00:00+00:00,86.93,4363.08,0.0,-685.7
2024-06-29 23:00:00+00:00,86.2,4140.1,0.0,-685.7
2024-06-30 00:00:00+00:00,78.31,3999.6,0.0,-685.7
2024-06-30 01:00:00+00:00,80.24,3932.03,0.0,-685.7
2024-06-30 02:00:00+00:00,61.75,3887.05,1.2,-685.7
2024-06-30 03:00:00+00:00,49.55,3811.3,124.73,-685.7
2024-06-30 04:00:00+00:00,46.37,3917.63,444.85,-501.0
2024-06-30 05:00:00+00:00,19.58,3963.53,1032.95,-200.0
2024-06-30 06:00:00+00:00,6.83,4067.48,1805.4,99.1
2024-06-30 07:00:00+00:00,0.82,4140.75,2410.23,500.0
2024-06-30 08:00:00+00:00,0.0,4164.05,2885.15,500.0
2024-06-30 09:00:00+00:00,0.0,4168.7,3457.68,500.0
2024-06-30 10:00:00+00:00,-0.02,4021.05,3076.8,500.0
2024-06-30 11:00:00+00:00,-1.62,3861.1,3195.63,500.0
2024-06-30 12:00:00+00:00,-1.18,3910.5,3004.93,500.0
2024-06-30 13:00:00+00:00,0.0,4100.45,2469.28,500.0
2024-06-30 14:00:00+00:00,0.77,4411.5,1953.65,-95.9
2024-06-30 15:00:00+00:00,38.57,4705.48,1405.5,-409.0
2024-06-30 16:00:00+00:00,96.32,4954.35,613.23,-600.0
2024-06-30 17:00:00+00:00,116.26,5188.38,235.43,-600.0
2024-06-30 18:00:00+00:00,132.98,5339.45,33.45,-600.0
2024-06-30 19:00:00+00:00,123.29,5360.1,0.0,-600.0
2024-06-30 20:00:00+00:00,106.9,5064.55,0.0,-600.0
2024-06-30 21:00:00+00:00,99.68,4718.55,0.0,-600.0
2024-06-30 22:00:00+00:00,97.25,4294.3,0.0,-600.0
2024-06-30 23:00:00+00:00,88.91,4100.5,0.0,-600.0
2024-07-01 00:00:00+00:00,85.6,4064.73,0.0,-600.0
2024-07-01 01:00:00+00:00,89.69,4002.45,0.0,-600.0
2024-07-01 02:00:00+00:00,91.93,4041.18,0.78,-600.0
2024-07-01 03:00:00+00:00,100.4,4168.75,108.83,-600.0
2024-07-01 04:00:00+00:00,135.13,4583.4,395.23,-600.0
2024-07-01 05:00:00+00:00,143.28,4770.48,911.33,-600.0
2024-07-01 06:00:00+00:00,140.05,4784.0,1699.98,-142.1
2024-07-01 07:00:00+00:00,112.83,4697.4,2287.45,460.0
2024-07-01 08:00:00+00:00,104.13,4649.2,2734.53,460.0
2024-07-01 09:00:00+00:00,89.69,4698.28,2997.53,460.0
2024-07-01 10:00:00+00:00,84.85,4755.28,2600.68,460.0
2024-07-01 11:00:00+00:00,89.27,4810.23,2590.08,-77.2
2024-07-01 12:00:00+00:00,89.63,4943.38,2419.33,-200.0
2024-07-01 13:00:00+00:00,110.46,5147.78,2043.63,423.6
2024-07-01 14:00:00+00:00,122.29,5315.68,1533.85,-409.2
2024-07-01 15:00:00+00:00,183.96,5429.65,897.58,-600.0
2024-07-01 16:00:00+00:00,210.84,5441.0,483.25,-600.0
2024-07-01 17:00:00+00:00,303.95,5575.68,205.4,-600.0
2024-07-01 18:00:00+00:00,341.13,5662.63,28.63,-600.0
2024-07-01 19:00:00+00:00,286.66,5590.25,0.0,-600.0
2024-07-01 20:00:00+00:00,200.06,5266.95,0.0,-600.0
2024-07-01 21:00:00+00:00,179.03,4907.83,0.0,-600.0
2024-07-01 22:00:00+00:00,103.07,4442.18,0.0,-600.0
2024-07-01 23:00:00+00:00,103.33,4226.45,0.0,-600.0
2024-07-02 00:00:00+00:00,98.53,4200.3,0.0,-600.0
2024-07-02 01:00:00+00:00,91.75,4148.23,0.0,-600.0
2024-07-02 02:00:00+00:00,88.6,4174.1,0.8,-600.0
2024-07-02 03:00:00+00:00,98.87,4267.18,92.28,-600.0
2024-07-02 04:00:00+00:00,120.98,4559.35,248.78,-600.0
2024-07-02 05:00:00+00:00,99.79,4702.58,513.15,-600.0
2024-07-02 06:00:00+00:00,101.14,4664.53,936.53,-600.0
2024-07-02 07:00:00+00:00,85.34,4532.05,1102.13,-200.0
2024-07-02 08:00:00+00:00,81.29,4473.4,1481.4,460.0
2024-07-02 09:00:00+00:00,76.37,4494.55,1591.9,460.0
2024-07-02 10:00:00+00:00,75.41,4594.45,1995.88,339.2
2024-07-02 11:00:00+00:00,76.54,4641.83,1982.05,-200.0
2024-07-02 12:00:00+00:00,61.19,4733.8,1563.65,-200.0
2024-07-02 13:00:00+00:00,65.55,4959.35,1507.18,343.2
2024-07-02 14:00:00+00:00,75.21,5166.5,1310.63,-367.7
2024-07-02 15:00:00+00:00,81.36,5353.73,1029.05,-600.0
2024-07-02 16:00:00+00:00,99.35,5512.48,454.7,-600.0
2024-07-02 17:00:00+00:00,128.09,5582.35,196.05,-600.0
2024-07-02 18:00:00+00:00,172.45,5550.8,32.0,-600.0
2024-07-02 19:00:00+00:00,119.4,5445.18,0.0,-600.0
2024-07-02 20:00:00+00:00,113.86,5147.9,0.0,-600.0
2024-07-02 21:00:00+00:00,106.87,4815.7,0.0,-600.0
2024-07-02 22:00:00+00:00,97.84,4450.88,0.0,-600.0
2024-07-02 23:00:00+00:00,87.12,4208.28,0.0,-600.0
2024-07-03 00:00:00+00:00,80.09,4089.78,0.0,-600.0
2024-07-03 01:00:00+00:00,81.09,4037.33,0.0,-600.0
2024-07-03 02:00:00+00:00,86.61,4074.88,1.28,-600.0
2024-07-03 03:00:00+00:00,89.64,4149.15,118.1,-600.0
2024-07-03 04:00:00+00:00,108.81,4656.2,382.8,-600.0
2024-07-03 05:00:00+00:00,112.92,4723.03,813.93,-600.0
2024-07-03 06:00:00+00:00,121.05,4621.15,1847.63,-200.0
2024-07-03 07:00:00+00:00,88.94,4556.18,2362.1,248.8
2024-07-03 08:00:00+00:00,72.56,4515.3,2697.53,324.1
2024-07-03 09:00:00+00:00,67.66,4582.78,2830.08,297.3
2024-07-03 10:00:00+00:00,75.2,4728.98,2630.45,-200.0
2024-07-03 11:00:00+00:00,74.63,4652.85,2436.4,-200.0
2024-07-03 12:00:00+00:00,87.89,4768.33,1755.75,-200.0
2024-07-03 13:00:00+00:00,101.41,5021.05,1540.65,-200.0
2024-07-03 14:00:00+00:00,104.75,5237.05,1272.8,-200.0
2024-07-03 15:00:00+00:00,103.89,5429.33,858.73,-600.0
2024-07-03 16:00:00+00:00,129.55,5156.4,484.88,-600.0
2024-07-03 17:00:00+00:00,161.76,5396.45,202.83,-600.0
2024-07-03 18:00:00+00:00,217.32,5558.95,30.23,-600.0
2024-07-03 19:00:00+00:00,168.02,5413.23,0.0,-600.0
2024-07-03 20:00:00+00:00,127.47,5108.58,0.0,-600.0
2024-07-03 21:00:00+00:00,106.35,4848.63,0.0,-600.0
2024-07-03 22:00:00+00:00,106.27,4590.85,0.0,-600.0
2024-07-03 23:00:00+00:00,96.06,4350.1,0.0,-600.0
2024-07-04 00:00:00+00:00,82.77,4105.9,0.0,-600.0
2024-07-04 01:00:00+00:00,86.47,4069.38,0.0,-600.0
2024-07-04 02:00:00+00:00,77.91,4132.93,0.43,-600.0
2024-07-04 03:00:00+00:00,80.42,4221.55,103.58,-600.0
2024-07-04 04:00:00+00:00,81.58,4583.33,407.9,-600.0
2024-07-04 05:00:00+00:00,103.31,4736.1,878.28,-600.0
2024-07-04 06:00:00+00:00,82.72,4971.33,1976.95,-200.0
2024-07-04 07:00:00+00:00,62.46,4948.18,2450.5,-200.0
2024-07-04 08:00:00+00:00,44.37,5014.78,2762.6,-200.0
2024-07-04 09:00:00+00:00,31.04,4849.3,3077.18,-200.0
2024-07-04 10:00:00+00:00,61.04,4959.08,2690.28,-200.0
2024-07-04 11:00:00+00:00,32.13,4894.95,2550.2,-200.0
2024-07-04 12:00:00+00:00,66.74,4600.85,2722.88,-200.0
2024-07-04 13:00:00+00:00,117.01,4688.9,2308.68,-200.0
2024-07-04 14:00:00+00:00,165.06,4823.53,1880.85,-200.0
2024-07-04 15:00:00+00:00,158.89,4993.25,1251.85,-200.0
2024-07-04 16:00:00+00:00,107.53,5172.5,629.33,-600.0
2024-07-04 17:00:00+00:00,125.02,5355.7,255.4,-600.0
2024-07-04 18:00:00+00:00,141.52,5404.65,38.13,-600.0
2024-07-04 19:00:00+00:00,138.6,5296.85,0.0,-600.0
2024-07-04 20:00:00+00:00,110.11,5009.6,0.0,-600.0
2024-07-04 21:00:00+00:00,96.1,4782.23,0.0,-600.0
2024-07-04 22:00:00+00:00,76.36,4502.23,0.0,-600.0
2024-07-04 23:00:00+00:00,65.24,4287.25,0.0,-600.0
2024-07-05 00:00:00+00:00,53.73,4068.25,0.0,-600.0
2024-07-05 01:00:00+00:00,53.82,4030.15,0.0,-600.0
2024-07-05 02:00:00+00:00,59.62,4080.08,0.53,-600.0
2024-07-05 03:00:00+00:00,62.69,4200.3,91.58,-600.0
2024-07-05 04:00:00+00:00,76.59,4551.23,365.28,-600.0
2024-07-05 05:00:00+00:00,73.81,4644.8,851.28,-499.7
2024-07-05 06:00:00+00:00,50.4,4665.18,1790.35,-200.0
2024-07-05 07:00:00+00:00,18.16,4515.9,2404.53,-200.0
2024-07-05 08:00:00+00:00,2.86,4625.63,2960.53,-200.0
2024-07-05 09:00:00+00:00,0.71,4707.6,3337.93,-200.0
2024-07-05 10:00:00+00:00,1.74,4451.5,2664.13,-200.0
2024-07-05 11:00:00+00:00,-0.05,4574.0,2678.73,-200.0
2024-07-05 12:00:00+00:00,1.26,4758.65,2624.58,-200.0
2024-07-05 13:00:00+00:00,2.82,4683.83,2136.3,-200.0
2024-07-05 14:00:00+00:00,4.31,4807.08,1805.9,-200.0
2024-07-05 15:00:00+00:00,22.18,5053.9,1541.1,-551.9
2024-07-05 16:00:00+00:00,108.06,5152.25,702.05,-600.0
2024-07-05 17:00:00+00:00,203.46,5357.15,282.23,-600.0
2024-07-05 18:00:00+00:00,204.68,5388.3,35.75,-600.0
2024-07-05 19:00:00+00:00,170.99,5354.35,0.0,-600.0
2024-07-05 20:00:00+00:00,148.1,5111.93,0.0,-600.0
2024-07-05 21:00:00+00:00,105.02,4880.93,0.0,-600.0
2024-07-05 22:00:00+00:00,120.06,4475.63,0.0,-600.0
2024-07-05 23:00:00+00:00,110.57,4184.35,0.0,-600.0
2024-07-06 00:00:00+00:00,101.08,4121.38,0.0,-600.0
2024-07-06 01:00:00+00:00,96.9,4032.0,0.0,-600.0
2024-07-06 02:00:00+00:00,90.59,3955.3,0.45,-600.0
2024-07-06 03:00:00+00:00,68.99,3751.0,105.1,-600.0
2024-07-06 04:00:00+00:00,41.85,3769.43,416.3,-208.8
2024-07-06 05:00:00+00:00,2.97,3902.05,958.88,-200.0
2024-07-06 06:00:00+00:00,1.51,4037.35,1663.6,460.0
2024-07-06 07:00:00+00:00,-0.7,4093.03,2256.03,460.0
2024-07-06 08:00:00+00:00,-7.06,4122.1,2771.78,460.0
2024-07-06 09:00:00+00:00,-22.57,4214.83,3284.45,460.0
2024-07-06 10:00:00+00:00,-30.09,4281.03,2822.75,460.0
2024-07-06 11:00:00+00:00,-24.57,4211.6,2761.55,296.6
2024-07-06 12:00:00+00:00,-0.05,4295.28,2736.08,70.9
2024-07-06 13:00:00+00:00,12.11,4430.65,2175.48,-144.4
2024-07-06 14:00:00+00:00,107.94,4649.38,1704.48,-200.0
2024-07-06 15:00:00+00:00,79.57,4889.55,1256.45,-292.2
2024-07-06 16:00:00+00:00,108.77,5190.1,611.23,-600.0
2024-07-06 17:00:00+00:00,138.86,5368.7,249.2,-600.0
2024-07-06 18:00:00+00:00,174.34,5369.98,30.2,-600.0
2024-07-06 19:00:00+00:00,139.04,5359.18,0.0,-600.0
2024-07-06 20:00:00+00:00,96.69,5036.83,0.0,-600.0
2024-07-06 21:00:00+00:00,74.05,4582.28,0.0,-600.0
2024-07-06 22:00:00+00:00,97.75,4271.78,0.0,-600.0
2024-07-06 23:00:00+00:00,79.6,4032.0,0.0,-600.0
2024-07-07 00:00:00+00:00,78.2,3963.45,0.0,-600.0
2024-07-07 01:00:00+00:00,75.16,3886.23,0.0,-600.0
2024-07-07 02:00:00+00:00,63.26,3815.73,0.2,-600.0
2024-07-07 03:00:00+00:00,45.69,3615.78,97.28,-600.0
2024-07-07 04:00:00+00:00,19.22,3706.23,436.05,-200.0
2024-07-07 05:00:00+00:00,4.51,3820.68,967.85,-200.0
2024-07-07 06:00:00+00:00,0.49,3989.73,1706.65,41.8
2024-07-07 07:00:00+00:00,-1.35,4054.98,2345.85,460.0
2024-07-07 08:00:00+00:00,-1.59,4099.53,2838.3,460.0
2024-07-07 09:00:00+00:00,-0.04,4141.8,3274.28,460.0
2024-07-07 10:00:00+00:00,-0.16,4101.25,2988.2,460.0
2024-07-07 11:00:00+00:00,-4.27,4078.38,3071.6,460.0
2024-07-07 12:00:00+00:00,-6.03,4129.38,2705.9,460.0
2024-07-07 13:00:00+00:00,7.25,4286.3,2265.75,127.7
2024-07-07 14:00:00+00:00,31.32,4569.83,1812.85,-200.0
2024-07-07 15:00:00+00:00,89.03,4857.5,1315.25,-279.6
2024-07-07 16:00:00+00:00,188.06,5159.3,593.63,-600.0
2024-07-07 17:00:00+00:00,223.49,5377.0,225.65,-600.0
2024-07-07 18:00:00+00:00,240.01,5478.75,28.85,-600.0
2024-07-07 19:00:00+00:00,231.76,5453.88,0.0,-600.0
2024-07-07 20:00:00+00:00,143.22,5167.83,0.0,-600.0
2024-07-07 21:00:00+00:00,130.62,4666.58,0.0,-600.0
2024-07-07 22:00:00+00:00,99.36,4229.05,0.0,-600.0
2024-07-07 23:00:00+00:00,89.93,4066.9,0.0,-600.0
2024-07-08 00:00:00+00:00,85.94,4048.53,0.0,-600.0
2024-07-08 01:00:00+00:00,78.72,3994.6,0.0,-600.0
2024-07-08 02:00:00+00:00,81.77,4038.88,0.25,-600.0
2024-07-08 03:00:00+00:00,81.75,4177.3,81.13,-600.0
2024-07-08 04:00:00+00:00,129.34,4500.63,342.65,-600.0
2024-07-08 05:00:00+00:00,130.96,4597.25,797.38,-600.0
2024-07-08 06:00:00+00:00,110.29,4506.75,1479.83,-200.0
2024-07-08 07:00:00+00:00,84.37,4368.3,2047.85,419.6
2024-07-08 08:00:00+00:00,61.43,4291.38,2565.2,460.0
2024-07-08 09:00:00+00:00,65.15,4345.78,3045.78,460.0
2024-07-08 10:00:00+00:00,70.51,4377.43,2743.83,460.0
2024-07-08 11:00:00+00:00,67.21,4430.83,2799.2,460.0
2024-07-08 12:00:00+00:00,70.36,4357.75,2153.05,420.3
2024-07-08 13:00:00+00:00,86.75,4576.08,2012.08,-88.9
2024-07-08 14:00:00+00:00,99.32,4833.38,1677.63,-200.0
2024-07-08 15:00:00+00:00,126.37,5137.35,1259.28,-373.4
2024-07-08 16:00:00+00:00,242.56,5503.1,523.48,-600.0
2024-07-08 17:00:00+00:00,430.24,5700.23,226.35,-600.0
2024-07-08 18:00:00+00:00,442.11,5685.1,27.43,-600.0
2024-07-08 19:00:00+00:00,590.0,5646.83,0.0,-600.0
2024-07-08 20:00:00+00:00,354.02,5348.95,0.0,-600.0
2024-07-08 21:00:00+00:00,220.35,5112.18,0.0,-600.0
2024-07-08 22:00:00+00:00,184.04,4712.63,0.0,-600.0
2024-07-08 23:00:00+00:00,121.91,4445.05,0.0,-600.0
2024-07-09 00:00:00+00:00,99.16,4316.38,0.0,-600.0
2024-07-09 01:00:00+00:00,95.0,4284.85,0.0,-600.0
2024-07-09 02:00:00+00:00,88.26,4316.9,0.2,-600.0
2024-07-09 03:00:00+00:00,91.24,4390.25,96.95,-600.0
2024-07-09 04:00:00+00:00,104.95,4860.83,402.25,-600.0
2024-07-09 05:00:00+00:00,104.14,4968.83,967.0,-565.3
2024-07-09 06:00:00+00:00,92.33,4610.58,1741.98,-137.3
2024-07-09 07:00:00+00:00,65.88,4447.15,2334.68,460.0
2024-07-09 08:00:00+00:00,46.63,4474.73,2840.5,460.0
2024-07-09 09:00:00+00:00,33.71,4532.8,3202.9,460.0
2024-07-09 10:00:00+00:00,21.95,5087.38,2654.35,460.0
2024-07-09 11:00:00+00:00,25.84,5056.73,2693.38,429.8
2024-07-09 12:00:00+00:00,33.53,4528.08,2538.35,153.0
2024-07-09 13:00:00+00:00,93.65,4720.95,2251.63,-200.0
2024-07-09 14:00:00+00:00,110.18,5185.63,1788.63,-200.0
2024-07-09 15:00:00+00:00,185.49,5465.38,1188.08,-600.0
2024-07-09 16:00:00+00:00,291.48,6115.7,424.93,-600.0
2024-07-09 17:00:00+00:00,494.68,6112.93,194.08,-600.0
2024-07-09 18:00:00+00:00,550.33,5871.63,28.2,-600.0
2024-07-09 19:00:00+00:00,332.4,5867.05,0.0,-600.0
2024-07-09 20:00:00+00:00,124.91,5620.15,0.0,-600.0
2024-07-09 21:00:00+00:00,143.7,5364.35,0.0,-600.0
2024-07-09 22:00:00+00:00,116.02,4969.33,0.0,-600.0
2024-07-09 23:00:00+00:00,106.67,4694.18,0.0,-600.0
2024-07-10 00:00:00+00:00,87.77,4578.68,0.0,-600.0
2024-07-10 01:00:00+00:00,82.1,4498.28,0.0,-600.0
2024-07-10 02:00:00+00:00,59.15,4552.3,0.13,-600.0
2024-07-10 03:00:00+00:00,87.87,4691.35,94.98,-600.0
2024-07-10 04:00:00+00:00,111.57,5026.7,404.33,-600.0
2024-07-10 05:00:00+00:00,103.89,5195.18,966.83,-600.0
2024-07-10 06:00:00+00:00,102.0,5100.5,1701.15,-200.0
2024-07-10 07:00:00+00:00,84.93,4984.85,2268.7,-200.0
2024-07-10 08:00:00+00:00,65.0,4972.2,2810.3,45.5
2024-07-10 09:00:00+00:00,56.24,5077.25,3285.88,-10.0
2024-07-10 10:00:00+00:00,67.73,5213.38,2757.9,-200.0
2024-07-10 11:00:00+00:00,79.42,5338.35,2691.7,-200.0
2024-07-10 12:00:00+00:00,92.2,5330.48,2225.48,-200.0
2024-07-10 13:00:00+00:00,95.32,5544.65,1941.8,-600.0
2024-07-10 14:00:00+00:00,137.79,5884.2,1636.08,-600.0
2024-07-10 15:00:00+00:00,189.06,6087.55,1261.38,-600.0
2024-07-10 16:00:00+00:00,387.54,6435.93,483.63,-600.0
2024-07-10 17:00:00+00:00,676.97,6503.55,208.03,-600.0
2024-07-10 18:00:00+00:00,692.83,6319.75,26.83,-600.0
2024-07-10 19:00:00+00:00,543.02,6261.23,0.0,-600.0
2024-07-10 20:00:00+00:00,335.63,5908.95,0.0,-600.0
2024-07-10 21:00:00+00:00,301.22,5610.8,0.0,-600.0
2024-07-10 22:00:00+00:00,155.43,5106.55,0.0,-600.0
2024-07-10 23:00:00+00:00,116.36,4882.8,0.0,-600.0
2024-07-11 00:00:00+00:00,98.75,4731.8,0.0,-600.0
2024-07-11 01:00:00+00:00,116.56,4670.88,0.0,-600.0
2024-07-11 02:00:00+00:00,99.58,4692.3,0.38,-600.0
2024-07-11 03:00:00+00:00,98.6,4780.65,88.78,-600.0
2024-07-11 04:00:00+00:00,133.77,5171.73,392.18,-600.0
2024-07-11 05:00:00+00:00,117.58,5346.83,902.38,-600.0
2024-07-11 06:00:00+00:00,113.75,5178.65,1727.4,-226.8
2024-07-11 07:00:00+00:00,91.09,5146.05,2327.28,-77.7
2024-07-11 08:00:00+00:00,81.38,5163.75,2786.55,297.6
2024-07-11 09:00:00+00:00,71.35,5199.8,3064.4,269.3
2024-07-11 10:00:00+00:00,77.2,5485.25,2661.7,41.7
2024-07-11 11:00:00+00:00,83.53,5558.2,2483.28,-198.1
2024-07-11 12:00:00+00:00,104.58,5471.55,2789.53,-200.0
2024-07-11 13:00:00+00:00,118.17,5698.0,2178.3,-264.9
2024-07-11 14:00:00+00:00,161.29,5976.05,1641.88,-600.0
2024-07-11 15:00:00+00:00,232.3,6211.48,983.8,-600.0
2024-07-11 16:00:00+00:00,639.98,6545.83,425.75,-600.0
2024-07-11 17:00:00+00:00,850.05,6616.53,190.65,-600.0
2024-07-11 18:00:00+00:00,940.16,6570.58,20.18,-600.0
2024-07-11 19:00:00+00:00,812.48,6391.15,0.0,-600.0
2024-07-11 20:00:00+00:00,521.52,6011.65,0.0,-600.0
2024-07-11 21:00:00+00:00,500.19,5637.45,0.0,-600.0
2024-07-11 22:00:00+00:00,210.67,5231.95,0.0,-600.0
2024-07-11 23:00:00+00:00,148.95,4925.55,0.0,-600.0
2024-07-12 00:00:00+00:00,110.44,4722.95,0.0,-600.0
2024-07-12 01:00:00+00:00,111.41,4669.53,0.0,-600.0
2024-07-12 02:00:00+00:00,101.13,4692.7,0.05,-600.0
2024-07-12 03:00:00+00:00,132.3,4788.25,74.05,-600.0
2024-07-12 04:00:00+00:00,155.84,5178.4,337.4,-600.0
2024-07-12 05:00:00+00:00,218.03,5386.68,817.78,-600.0
2024-07-12 06:00:00+00:00,145.29,5374.4,1642.83,-554.1
2024-07-12 07:00:00+00:00,99.63,5340.7,2170.13,-200.0
2024-07-12 08:00:00+00:00,94.0,5374.8,2701.73,112.0
2024-07-12 09:00:00+00:00,89.74,5406.7,3216.38,353.2
2024-07-12 10:00:00+00:00,91.86,5588.4,2620.65,308.8
2024-07-12 11:00:00+00:00,103.96,5626.8,2651.0,-200.0
2024-07-12 12:00:00+00:00,113.67,5652.78,2582.9,-200.0
2024-07-12 13:00:00+00:00,191.09,5854.83,2229.15,-414.0
2024-07-12 14:00:00+00:00,200.01,6108.0,1759.83,-600.0
2024-07-12 15:00:00+00:00,274.68,6338.68,1215.4,-600.0
2024-07-12 16:00:00+00:00,492.63,6546.6,472.28,-600.0
2024-07-12 17:00:00+00:00,633.95,6557.33,202.38,-600.0
2024-07-12 18:00:00+00:00,687.84,6616.08,25.33,-600.0
2024-07-12 19:00:00+00:00,612.29,6511.98,0.0,-600.0
2024-07-12 20:00:00+00:00,290.01,6125.5,0.0,-600.0
2024-07-12 21:00:00+00:00,210.64,5630.65,0.0,-600.0
2024-07-12 22:00:00+00:00,133.76,4940.93,0.0,-600.0
2024-07-12 23:00:00+00:00,121.56,4678.75,0.0,-600.0
2024-07-13 00:00:00+00:00,81.42,4546.03,0.0,-600.0
2024-07-13 01:00:00+00:00,85.53,4478.08,0.0,-600.0
2024-07-13 02:00:00+00:00,90.87,4431.38,0.15,-600.0
2024-07-13 03:00:00+00:00,94.13,4247.93,86.7,-600.0
2024-07-13 04:00:00+00:00,82.79,4181.1,379.45,-600.0
2024-07-13 05:00:00+00:00,76.71,4150.18,908.78,-200.0
2024-07-13 06:00:00+00:00,26.6,4189.38,1706.48,460.0
2024-07-13 07:00:00+00:00,20.97,4073.95,2280.6,460.0
2024-07-13 08:00:00+00:00,5.15,4041.78,2827.93,460.0
2024-07-13 09:00:00+00:00,-0.14,4065.73,3164.7,460.0
2024-07-13 10:00:00+00:00,-0.26,4062.73,2819.95,460.0
2024-07-13 11:00:00+00:00,-5.38,4075.4,2949.0,460.0
2024-07-13 12:00:00+00:00,-15.99,4102.43,2506.95,460.0
2024-07-13 13:00:00+00:00,7.22,4257.1,2143.03,419.1
2024-07-13 14:00:00+00:00,75.2,4618.23,1783.7,-200.0
2024-07-13 15:00:00+00:00,121.29,4861.83,1435.6,-518.6
2024-07-13 16:00:00+00:00,275.22,5170.75,502.2,-600.0
2024-07-13 17:00:00+00:00,513.39,5347.2,201.78,-600.0
2024-07-13 18:00:00+00:00,582.84,5424.33,24.98,-600.0
2024-07-13 19:00:00+00:00,534.2,5406.38,0.0,-600.0
2024-07-13 20:00:00+00:00,332.73,5143.35,0.0,-600.0
2024-07-13 21:00:00+00:00,211.39,4829.53,0.0,-600.0
2024-07-13 22:00:00+00:00,137.29,4385.9,0.0,-600.0
2024-07-13 23:00:00+00:00,130.05,4193.05,0.0,-600.0
2024-07-14 00:00:00+00:00,102.76,4121.05,0.0,-600.0
2024-07-14 01:00:00+00:00,97.85,4086.95,0.0,-600.0
2024-07-14 02:00:00+00:00,76.11,4076.5,0.15,-600.0
2024-07-14 03:00:00+00:00,73.63,3910.03,73.88,-600.0
2024-07-14 04:00:00+00:00,61.8,3808.9,341.05,-438.3
2024-07-14 05:00:00+00:00,14.28,3792.53,818.85,-200.0
2024-07-14 06:00:00+00:00,0.29,3949.75,1655.0,302.3
2024-07-14 07:00:00+00:00,-0.88,3903.8,2161.83,460.0
2024-07-14 08:00:00+00:00,-21.04,3887.0,2526.9,460.0
2024-07-14 09:00:00+00:00,-14.57,3897.38,2702.63,460.0
2024-07-14 10:00:00+00:00,-48.42,3933.23,2727.45,460.0
2024-07-14 11:00:00+00:00,-72.85,3891.6,2691.53,283.5
2024-07-14 12:00:00+00:00,-9.34,3945.58,1923.95,-169.3
2024-07-14 13:00:00+00:00,14.68,4130.75,1840.58,-200.0
2024-07-14 14:00:00+00:00,71.51,4524.85,1599.33,-200.0
2024-07-14 15:00:00+00:00,86.06,4834.2,1345.63,-600.0
2024-07-14 16:00:00+00:00,179.24,5267.15,452.08,-600.0
2024-07-14 17:00:00+00:00,391.49,5451.7,188.93,-600.0
2024-07-14 18:00:00+00:00,416.27,5587.28,22.55,-600.0
2024-07-14 19:00:00+00:00,434.92,5544.25,0.0,-600.0
2024-07-14 20:00:00+00:00,203.93,5180.0,0.0,-600.0
2024-07-14 21:00:00+00:00,154.0,4773.15,0.0,-600.0
2024-07-14 22:00:00+00:00,140.19,4561.15,0.0,-600.0
2024-07-14 23:00:00+00:00,121.56,4388.95,0.0,-600.0
2024-07-15 00:00:00+00:00,127.47,4356.63,0.0,-600.0
2024-07-15 01:00:00+00:00,111.43,4296.85,0.0,-600.0
2024-07-15 02:00:00+00:00,111.45,4349.85,0.1,-600.0
2024-07-15 03:00:00+00:00,126.75,4485.75,69.83,-600.0
2024-07-15 04:00:00+00:00,142.23,4877.85,319.53,-600.0
2024-07-15 05:00:00+00:00,152.98,5190.3,795.45,-600.0
2024-07-15 06:00:00+00:00,113.89,5351.65,1573.88,-600.0
2024-07-15 07:00:00+00:00,75.43,5321.68,2159.78,-200.0
2024-07-15 08:00:00+00:00,63.17,5260.63,2651.4,-200.0
2024-07-15 09:00:00+00:00,54.4,5268.38,2989.55,-200.0
2024-07-15 10:00:00+00:00,63.43,5359.4,2756.68,-200.0
2024-07-15 11:00:00+00:00,86.55,5496.25,2630.5,-200.0
2024-07-15 12:00:00+00:00,109.29,5684.68,2755.55,-200.0
2024-07-15 13:00:00+00:00,97.61,5878.2,2357.33,-485.9
2024-07-15 14:00:00+00:00,118.08,6000.98,1898.6,-600.0
2024-07-15 15:00:00+00:00,132.06,6362.63,1251.93,-600.0
2024-07-15 16:00:00+00:00,422.89,6543.48,454.68,-600.0
2024-07-15 17:00:00+00:00,687.4,6626.6,194.5,-600.0
2024-07-15 18:00:00+00:00,699.63,6562.2,23.85,-600.0
2024-07-15 19:00:00+00:00,540.8,6317.85,0.0,-600.0
2024-07-15 20:00:00+00:00,351.31,5939.53,0.0,-600.0
2024-07-15 21:00:00+00:00,181.86,5568.95,0.0,-600.0
2024-07-15 22:00:00+00:00,128.16,5080.25,0.0,-600.0
2024-07-15 23:00:00+00:00,102.8,4832.7,0.0,-600.0
2024-07-16 00:00:00+00:00,91.78,4783.4,0.0,-600.0
2024-07-16 01:00:00+00:00,88.54,4694.6,0.0,-600.0
2024-07-16 02:00:00+00:00,78.12,4713.13,0.03,-600.0
2024-07-16 03:00:00+00:00,83.03,4761.58,62.13,-600.0
2024-07-16 04:00:00+00:00,102.48,5099.93,329.18,-600.0
2024-07-16 05:00:00+00:00,145.4,5355.78,751.38,-600.0
2024-07-16 06:00:00+00:00,103.2,5514.18,1564.88,-600.0
2024-07-16 07:00:00+00:00,80.4,5458.03,2220.33,-208.4
2024-07-16 08:00:00+00:00,52.78,5415.73,2647.55,-200.0
2024-07-16 09:00:00+00:00,54.35,5383.38,2764.55,-200.0
2024-07-16 10:00:00+00:00,78.42,5614.55,2327.43,-200.0
2024-07-16 11:00:00+00:00,86.97,5666.0,2399.23,-200.0
2024-07-16 12:00:00+00:00,94.1,5703.03,2208.28,-560.8
2024-07-16 13:00:00+00:00,135.86,5914.05,1872.45,-600.0
2024-07-16 14:00:00+00:00,186.15,6095.63,1510.75,-600.0
2024-07-16 15:00:00+00:00,265.25,6396.2,1079.55,-600.0
2024-07-16 16:00:00+00:00,413.86,6661.5,408.93,-600.0
2024-07-16 17:00:00+00:00,579.18,6740.35,165.65,-600.0
2024-07-16 18:00:00+00:00,774.48,6564.15,19.05,-600.0
2024-07-16 19:00:00+00:00,705.91,6352.0,0.0,-600.0
2024-07-16 20:00:00+00:00,300.87,6029.18,0.0,-600.0
2024-07-16 21:00:00+00:00,182.41,5725.18,0.0,-600.0
2024-07-16 22:00:00+00:00,136.69,5192.58,0.0,-600.0
2024-07-16 23:00:00+00:00,127.19,4898.65,0.0,-600.0
2024-07-17 00:00:00+00:00,103.5,4755.55,0.0,-600.0
2024-07-17 01:00:00+00:00,104.63,4700.7,0.0,-600.0
2024-07-17 02:00:00+00:00,98.83,4743.48,0.0,-600.0
2024-07-17 03:00:00+00:00,101.21,4800.45,60.4,-600.0
2024-07-17 04:00:00+00:00,116.77,5215.78,340.95,-600.0
2024-07-17 05:00:00+00:00,113.88,5472.53,792.45,-600.0
2024-07-17 06:00:00+00:00,105.7,5461.43,1639.73,-600.0
2024-07-17 07:00:00+00:00,86.62,5446.63,2242.73,-200.0
2024-07-17 08:00:00+00:00,73.8,5442.0,2751.18,-200.0
2024-07-17 09:00:00+00:00,67.49,5645.55,2909.15,-200.0
2024-07-17 10:00:00+00:00,68.35,5845.33,2525.48,-200.0
2024-07-17 11:00:00+00:00,70.23,5708.43,2555.4,-294.4
2024-07-17 12:00:00+00:00,90.25,5666.23,2026.8,-600.0
2024-07-17 13:00:00+00:00,112.44,5876.9,1849.6,-600.0
2024-07-17 14:00:00+00:00,126.43,6049.93,1555.0,-600.0
2024-07-17 15:00:00+00:00,226.37,6307.63,1198.13,-600.0
2024-07-17 16:00:00+00:00,472.54,6598.15,400.28,-600.0
2024-07-17 17:00:00+00:00,685.14,6670.23,158.05,-600.0
2024-07-17 18:00:00+00:00,794.47,6630.05,19.93,-600.0
2024-07-17 19:00:00+00:00,891.37,6467.23,0.0,-600.0
2024-07-17 20:00:00+00:00,453.77,6034.08,0.0,-600.0
2024-07-17 21:00:00+00:00,293.44,5613.33,0.0,-600.0
2024-07-17 22:00:00+00:00,192.91,5176.83,0.0,-600.0
2024-07-17 23:00:00+00:00,125.07,4898.13,0.0,-600.0
2024-07-18 00:00:00+00:00,103.09,4767.68,0.0,-600.0
2024-07-18 01:00:00+00:00,100.47,4693.45,0.0,-600.0
2024-07-18 02:00:00+00:00,96.56,4737.9,0.0,-600.0
2024-07-18 03:00:00+00:00,103.95,4794.18,64.65,-600.0
2024-07-18 04:00:00+00:00,126.94,5129.15,329.85,-600.0
2024-07-18 05:00:00+00:00,152.34,5389.43,834.15,-600.0
2024-07-18 06:00:00+00:00,113.05,5516.1,1722.33,-600.0
2024-07-18 07:00:00+00:00,87.12,5570.23,2350.3,-200.0
2024-07-18 08:00:00+00:00,82.54,5571.1,2791.03,-85.1
2024-07-18 09:00:00+00:00,78.83,5698.83,3098.38,-124.4
2024-07-18 10:00:00+00:00,78.96,5533.98,2935.85,-200.0
2024-07-18 11:00:00+00:00,79.72,5634.68,3019.75,-200.0
2024-07-18 12:00:00+00:00,84.96,5903.85,2764.13,-200.0
2024-07-18 13:00:00+00:00,89.7,5907.6,2329.9,-475.4
2024-07-18 14:00:00+00:00,123.39,6101.25,1823.08,-600.0
2024-07-18 15:00:00+00:00,220.07,6416.73,1356.23,-600.0
2024-07-18 16:00:00+00:00,569.78,6396.65,529.9,-600.0
2024-07-18 17:00:00+00:00,762.92,6562.85,201.4,-600.0
2024-07-18 18:00:00+00:00,999.01,6720.93,18.78,-600.0
2024-07-18 19:00:00+00:00,718.65,6507.48,0.0,-600.0
2024-07-18 20:00:00+00:00,463.95,6030.88,0.0,-600.0
2024-07-18 21:00:00+00:00,131.76,5686.63,0.0,-600.0
2024-07-18 22:00:00+00:00,112.8,5225.68,0.0,-600.0
2024-07-18 23:00:00+00:00,104.77,4939.78,0.0,-600.0
2024-07-19 00:00:00+00:00,95.9,4743.5,0.0,-600.0
2024-07-19 01:00:00+00:00,85.51,4651.98,0.0,-600.0
2024-07-19 02:00:00+00:00,85.36,4657.95,0.0,-600.0
2024-07-19 03:00:00+00:00,93.75,4772.05,64.1,-600.0
2024-07-19 04:00:00+00:00,112.44,4984.53,323.9,-600.0
2024-07-19 05:00:00+00:00,109.44,5340.88,813.53,-600.0
2024-07-19 06:00:00+00:00,98.4,5412.5,1568.88,-600.0
2024-07-19 07:00:00+00:00,81.43,5436.45,2212.83,-200.0
2024-07-19 08:00:00+00:00,73.16,5366.98,2721.93,-68.4
2024-07-19 09:00:00+00:00,66.16,5488.35,3013.5,94.3
2024-07-19 10:00:00+00:00,57.97,5180.8,2693.0,-71.0
2024-07-19 11:00:00+00:00,66.8,5330.93,2811.1,-200.0
2024-07-19 12:00:00+00:00,66.76,5808.7,2818.08,-200.0
2024-07-19 13:00:00+00:00,68.74,5982.63,2489.9,-325.2
2024-07-19 14:00:00+00:00,77.9,6210.25,2010.9,-600.0
2024-07-19 15:00:00+00:00,111.01,6446.38,1299.13,-600.0
2024-07-19 16:00:00+00:00,292.25,6242.43,549.4,-600.0
2024-07-19 17:00:00+00:00,800.02,6328.2,211.78,-600.0
2024-07-19 18:00:00+00:00,810.66,6221.15,13.85,-600.0
2024-07-19 19:00:00+00:00,488.45,6093.03,0.0,-600.0
2024-07-19 20:00:00+00:00,163.44,5727.3,0.0,-600.0
2024-07-19 21:00:00+00:00,123.24,5385.8,0.0,-600.0
2024-07-19 22:00:00+00:00,123.18,4836.68,0.0,-600.0
2024-07-19 23:00:00+00:00,126.63,4594.15,0.0,-600.0
2024-07-20 00:00:00+00:00,107.1,4457.13,0.0,-600.0
2024-07-20 01:00:00+00:00,104.04,4355.78,0.0,-600.0
2024-07-20 02:00:00+00:00,102.33,4343.63,0.0,-600.0
2024-07-20 03:00:00+00:00,97.2,4241.8,52.2,-600.0
2024-07-20 04:00:00+00:00,92.97,4145.95,282.53,-600.0
2024-07-20 05:00:00+00:00,86.02,4184.85,641.58,-600.0
2024-07-20 06:00:00+00:00,68.16,4207.88,1033.08,-296.1
2024-07-20 07:00:00+00:00,50.13,4245.68,1553.48,-200.0
2024-07-20 08:00:00+00:00,41.08,4236.4,1803.05,-200.0
2024-07-20 09:00:00+00:00,41.6,4273.98,1830.43,-200.0
2024-07-20 10:00:00+00:00,55.31,4272.48,1969.08,-200.0
2024-07-20 11:00:00+00:00,51.15,4241.78,1832.7,-200.0
2024-07-20 12:00:00+00:00,53.69,4360.88,1598.53,-200.0
2024-07-20 13:00:00+00:00,76.19,4575.58,1482.48,-200.0
2024-07-20 14:00:00+00:00,94.37,4900.1,1155.38,-600.0
2024-07-20 15:00:00+00:00,124.28,5141.08,718.65,-600.0
2024-07-20 16:00:00+00:00,214.35,5334.85,372.8,-600.0
2024-07-20 17:00:00+00:00,376.09,5438.53,136.48,-600.0
2024-07-20 18:00:00+00:00,509.7,5534.78,8.95,-600.0
2024-07-20 19:00:00+00:00,376.92,5440.35,0.0,-600.0
2024-07-20 20:00:00+00:00,192.85,5044.23,0.0,-600.0
2024-07-20 21:00:00+00:00,134.34,4683.05,0.0,-600.0
2024-07-20 22:00:00+00:00,133.41,4350.23,0.0,-600.0
2024-07-20 23:00:00+00:00,147.05,4134.83,0.0,-600.0
2024-07-21 00:00:00+00:00,132.8,4097.6,0.0,-600.0
2024-07-21 01:00:00+00:00,123.37,4040.13,0.0,-600.0
2024-07-21 02:00:00+00:00,119.86,4015.43,0.0,-600.0
2024-07-21 03:00:00+00:00,100.29,3797.05,27.5,-600.0
2024-07-21 04:00:00+00:00,83.02,3848.33,238.25,-600.0
2024-07-21 05:00:00+00:00,68.81,3912.45,569.28,-554.3
2024-07-21 06:00:00+00:00,46.12,4038.75,1229.9,-200.0
2024-07-21 07:00:00+00:00,8.42,4201.63,2002.33,-178.7
2024-07-21 08:00:00+00:00,-0.17,4257.58,2337.48,156.7
2024-07-21 09:00:00+00:00,-0.16,4278.05,2114.68,342.2
2024-07-21 10:00:00+00:00,-0.15,4263.6,2246.6,415.7
2024-07-21 11:00:00+00:00,-0.29,4290.63,2154.0,419.9
2024-07-21 12:00:00+00:00,-0.56,4530.8,2663.33,-195.3
2024-07-21 13:00:00+00:00,-0.41,4707.43,2216.53,-200.0
2024-07-21 14:00:00+00:00,68.33,4988.23,1806.45,-390.6
2024-07-21 15:00:00+00:00,89.72,5192.0,1230.98,-600.0
2024-07-21 16:00:00+00:00,110.63,5364.5,438.2,-600.0
2024-07-21 17:00:00+00:00,180.13,5587.78,169.83,-600.0
2024-07-21 18:00:00+00:00,262.78,5737.25,16.58,-600.0
2024-07-21 19:00:00+00:00,204.58,5620.95,0.0,-600.0
2024-07-21 20:00:00+00:00,136.87,5213.8,0.0,-600.0
2024-07-21 21:00:00+00:00,114.41,4773.3,0.0,-600.0
2024-07-21 22:00:00+00:00,114.54,4346.38,0.0,-600.0
2024-07-21 23:00:00+00:00,102.1,4166.43,0.0,-600.0
2024-07-22 00:00:00+00:00,95.84,4063.38,0.0,-600.0
2024-07-22 01:00:00+00:00,94.89,4015.15,0.0,-600.0
2024-07-22 02:00:00+00:00,95.0,4069.1,0.0,-600.0
2024-07-22 03:00:00+00:00,97.9,4181.78,59.23,-600.0
2024-07-22 04:00:00+00:00,140.01,4652.8,372.78,-600.0
2024-07-22 05:00:00+00:00,149.05,4865.0,941.88,-600.0
2024-07-22 06:00:00+00:00,129.52,4912.23,1585.35,-272.1
2024-07-22 07:00:00+00:00,76.87,4864.25,2267.23,-59.8
2024-07-22 08:00:00+00:00,61.82,4852.98,2743.73,192.4
2024-07-22 09:00:00+00:00,62.73,4903.3,3050.83,196.9
2024-07-22 10:00:00+00:00,51.9,5042.8,2687.4,7.9
2024-07-22 11:00:00+00:00,41.53,5090.53,2559.7,-200.0
2024-07-22 12:00:00+00:00,47.12,5172.53,2727.1,-200.0
2024-07-22 13:00:00+00:00,43.22,5393.35,2300.95,-200.0
2024-07-22 14:00:00+00:00,23.57,5675.93,1789.25,-352.7
2024-07-22 15:00:00+00:00,155.88,5936.05,1168.48,-600.0
2024-07-22 16:00:00+00:00,97.34,6118.13,471.5,-600.0
2024-07-22 17:00:00+00:00,292.55,6240.5,175.0,-600.0
2024-07-22 18:00:00+00:00,340.57,6145.48,13.6,-600.0
2024-07-22 19:00:00+00:00,290.05,5933.9,0.0,-600.0
2024-07-22 20:00:00+00:00,166.26,5549.83,0.0,-600.0
2024-07-22 21:00:00+00:00,120.47,5221.23,0.0,-600.0
2024-07-22 22:00:00+00:00,135.62,4903.13,0.0,-600.0
2024-07-22 23:00:00+00:00,115.62,4642.08,0.0,-600.0
2024-07-23 00:00:00+00:00,96.68,4469.4,0.0,-600.0
2024-07-23 01:00:00+00:00,89.55,4413.65,0.0,-600.0
2024-07-23 02:00:00+00:00,94.54,4427.0,0.0,-600.0
2024-07-23 03:00:00+00:00,95.72,4505.15,45.38,-600.0
2024-07-23 04:00:00+00:00,104.79,4692.33,298.3,-600.0
2024-07-23 05:00:00+00:00,121.58,4864.45,770.2,-600.0
2024-07-23 06:00:00+00:00,112.85,5014.8,1492.45,-450.1
2024-07-23 07:00:00+00:00,77.15,4955.7,2067.65,-200.0
2024-07-23 08:00:00+00:00,56.0,4905.78,2510.65,-30.0
2024-07-23 09:00:00+00:00,45.92,4889.63,2621.28,336.8
2024-07-23 10:00:00+00:00,34.28,4881.8,2343.03,126.9
2024-07-23 11:00:00+00:00,37.75,4956.53,2381.6,-200.0
2024-07-23 12:00:00+00:00,41.41,5092.68,2121.2,-200.0
2024-07-23 13:00:00+00:00,52.03,5342.88,2062.18,-200.0
2024-07-23 14:00:00+00:00,85.78,5558.6,1688.73,-516.8
2024-07-23 15:00:00+00:00,105.11,5735.53,1163.58,-600.0
2024-07-23 16:00:00+00:00,139.27,5780.25,427.0,-600.0
2024-07-23 17:00:00+00:00,297.83,5989.35,164.45,-600.0
2024-07-23 18:00:00+00:00,512.9,6108.23,8.8,-600.0
2024-07-23 19:00:00+00:00,250.08,5864.5,0.0,-600.0
2024-07-23 20:00:00+00:00,136.76,5448.08,0.0,-600.0
2024-07-23 21:00:00+00:00,114.53,5051.55,0.0,-600.0
2024-07-23 22:00:00+00:00,101.85,4641.55,0.0,-600.0
2024-07-23 23:00:00+00:00,96.87,4410.7,0.0,-600.0
2024-07-24 00:00:00+00:00,95.36,4245.35,0.0,-600.0
2024-07-24 01:00:00+00:00,79.06,4193.9,0.0,-600.0
2024-07-24 02:00:00+00:00,72.14,4267.6,0.0,-600.0
2024-07-24 03:00:00+00:00,72.79,4343.95,44.3,-600.0
2024-07-24 04:00:00+00:00,109.63,4576.03,237.9,-600.0
2024-07-24 05:00:00+00:00,119.26,4727.18,622.28,-600.0
2024-07-24 06:00:00+00:00,87.36,4745.3,1193.58,-557.5
2024-07-24 07:00:00+00:00,62.4,4713.7,1786.7,-200.0
2024-07-24 08:00:00+00:00,43.04,4707.8,2173.63,125.4
2024-07-24 09:00:00+00:00,5.07,4808.85,2594.63,155.8
2024-07-24 10:00:00+00:00,0.09,4834.05,2316.4,228.1
2024-07-24 11:00:00+00:00,-11.9,4881.28,2516.8,445.0
2024-07-24 12:00:00+00:00,-19.65,5018.83,2565.48,2.0
2024-07-24 13:00:00+00:00,10.06,5171.25,2233.1,-200.0
2024-07-24 14:00:00+00:00,90.06,5410.23,1756.85,-200.0
2024-07-24 15:00:00+00:00,57.99,5612.33,1288.18,-600.0
2024-07-24 16:00:00+00:00,107.27,5687.3,507.38,-600.0
2024-07-24 17:00:00+00:00,127.74,5803.13,174.9,-600.0
2024-07-24 18:00:00+00:00,141.87,5934.5,12.5,-600.0
2024-07-24 19:00:00+00:00,132.73,5735.98,0.0,-600.0
2024-07-24 20:00:00+00:00,117.63,5328.2,0.0,-600.0
2024-07-24 21:00:00+00:00,101.47,4982.85,0.0,-600.0
2024-07-24 22:00:00+00:00,250.39,4526.5,0.0,-1400.0
2024-07-24 23:00:00+00:00,131.96,4285.68,0.0,-1330.2
2024-07-25 00:00:00+00:00,114.45,4166.5,0.0,-1216.0
2024-07-25 01:00:00+00:00,104.0,4101.13,0.0,-1147.7
2024-07-25 02:00:00+00:00,101.7,4153.9,0.0,-1191.1
2024-07-25 03:00:00+00:00,107.58,4217.53,51.2,-1240.1
2024-07-25 04:00:00+00:00,168.98,4483.15,363.18,-600.0
2024-07-25 05:00:00+00:00,210.03,4697.35,942.18,-600.0
2024-07-25 06:00:00+00:00,144.17,4721.18,1538.98,-213.9
2024-07-25 07:00:00+00:00,79.74,4659.28,2326.95,460.0
2024-07-25 08:00:00+00:00,55.08,4611.05,2826.25,460.0
2024-07-25 09:00:00+00:00,55.13,4746.2,3245.58,460.0
2024-07-25 10:00:00+00:00,54.59,4666.28,3024.3,460.0
2024-07-25 11:00:00+00:00,78.67,4688.0,2890.03,460.0
2024-07-25 12:00:00+00:00,99.62,5021.13,2768.6,429.9
2024-07-25 13:00:00+00:00,107.42,5216.88,2402.45,122.9
2024-07-25 14:00:00+00:00,155.0,5333.15,1940.08,-200.0
2024-07-25 15:00:00+00:00,199.99,5534.33,1331.55,-600.0
2024-07-25 16:00:00+00:00,382.75,5416.63,537.53,-600.0
2024-07-25 17:00:00+00:00,514.29,5588.5,188.25,-600.0
2024-07-25 18:00:00+00:00,578.73,5805.55,11.0,-600.0
2024-07-25 19:00:00+00:00,444.27,5637.5,0.0,-600.0
2024-07-25 20:00:00+00:00,350.0,5228.55,0.0,-600.0
2024-07-25 21:00:00+00:00,249.96,4846.83,0.0,-600.0
2024-07-25 22:00:00+00:00,99.95,4491.98,0.0,-600.0
2024-07-25 23:00:00+00:00,73.62,4256.0,0.0,-600.0
2024-07-26 00:00:00+00:00,76.78,4083.68,0.0,-600.0
2024-07-26 01:00:00+00:00,80.05,4032.05,0.0,-600.0
2024-07-26 02:00:00+00:00,78.75,4090.03,0.0,-600.0
2024-07-26 03:00:00+00:00,87.49,4182.75,48.73,-600.0
2024-07-26 04:00:00+00:00,110.2,4356.9,341.85,-600.0
2024-07-26 05:00:00+00:00,112.38,4534.6,906.75,-600.0
2024-07-26 06:00:00+00:00,101.58,4674.15,1713.13,-116.6
2024-07-26 07:00:00+00:00,95.65,4582.78,2355.78,460.0
2024-07-26 08:00:00+00:00,89.15,4520.35,2778.33,460.0
2024-07-26 09:00:00+00:00,78.68,4605.25,3270.08,460.0
2024-07-26 10:00:00+00:00,69.54,4322.43,2812.5,460.0
2024-07-26 11:00:00+00:00,61.52,4461.18,2942.23,460.0
2024-07-26 12:00:00+00:00,58.42,4644.3,2650.93,460.0
2024-07-26 13:00:00+00:00,66.07,4823.0,2347.6,299.8
2024-07-26 14:00:00+00:00,71.39,4979.65,1980.0,-200.0
2024-07-26 15:00:00+00:00,101.04,5288.4,1419.78,-200.0
2024-07-26 16:00:00+00:00,124.19,5104.75,623.85,-600.0
2024-07-26 17:00:00+00:00,179.64,5275.23,215.7,-600.0
2024-07-26 18:00:00+00:00,265.97,5459.38,9.3,-600.0
2024-07-26 19:00:00+00:00,172.78,5343.2,0.0,-600.0
2024-07-26 20:00:00+00:00,132.56,5010.85,0.0,-600.0
2024-07-26 21:00:00+00:00,114.95,4761.7,0.0,-600.0
2024-07-26 22:00:00+00:00,108.05,4592.8,0.0,-600.0
2024-07-26 23:00:00+00:00,99.61,4277.68,0.0,-600.0
2024-07-27 00:00:00+00:00,93.74,4115.83,0.0,-600.0
2024-07-27 01:00:00+00:00,91.23,4052.43,0.0,-600.0
2024-07-27 02:00:00+00:00,91.1,4004.73,0.0,-600.0
2024-07-27 03:00:00+00:00,89.29,3863.28,44.18,-600.0
2024-07-27 04:00:00+00:00,83.2,3920.28,323.48,-600.0
2024-07-27 05:00:00+00:00,78.07,4067.95,888.05,-209.1
2024-07-27 06:00:00+00:00,80.72,4256.98,1707.13,160.4
2024-07-27 07:00:00+00:00,64.9,4347.15,2347.65,460.0
2024-07-27 08:00:00+00:00,60.07,4391.3,2968.13,460.0
2024-07-27 09:00:00+00:00,39.9,4580.73,3522.03,460.0
2024-07-27 10:00:00+00:00,28.0,4647.33,2988.48,460.0
2024-07-27 11:00:00+00:00,17.8,4730.5,3163.43,460.0
2024-07-27 12:00:00+00:00,17.92,4772.55,3003.95,460.0
2024-07-27 13:00:00+00:00,35.79,4854.7,2641.08,341.8
2024-07-27 14:00:00+00:00,81.16,5033.13,2162.13,-200.0
2024-07-27 15:00:00+00:00,106.11,5148.25,1527.6,-392.4
2024-07-27 16:00:00+00:00,130.29,5145.43,630.93,-600.0
2024-07-27 17:00:00+00:00,178.84,5219.25,211.18,-600.0
2024-07-27 18:00:00+00:00,216.44,5250.53,8.75,-600.0
2024-07-27 19:00:00+00:00,188.82,5127.25,0.0,-600.0
2024-07-27 20:00:00+00:00,133.34,4834.93,0.0,-600.0
2024-07-27 21:00:00+00:00,112.52,4545.23,0.0,-600.0
2024-07-27 22:00:00+00:00,123.68,4250.3,0.0,-600.0
2024-07-27 23:00:00+00:00,100.22,4013.05,0.0,-600.0
2024-07-28 00:00:00+00:00,100.69,3883.53,0.0,-600.0
2024-07-28 01:00:00+00:00,98.12,3812.28,0.0,-600.0
2024-07-28 02:00:00+00:00,92.77,3779.7,0.0,-600.0
2024-07-28 03:00:00+00:00,87.01,3621.95,43.18,-600.0
2024-07-28 04:00:00+00:00,87.57,3846.58,359.8,-494.2
2024-07-28 05:00:00+00:00,67.2,3971.53,939.6,-29.8
2024-07-28 06:00:00+00:00,25.49,4112.43,1704.23,560.7
2024-07-28 07:00:00+00:00,5.06,4143.55,2384.68,770.6
2024-07-28 08:00:00+00:00,0.0,4139.48,2987.08,1118.0
2024-07-28 09:00:00+00:00,-0.74,4225.13,3243.83,1260.0
2024-07-28 10:00:00+00:00,-0.08,4231.18,3018.93,1253.0
2024-07-28 11:00:00+00:00,-13.95,4192.23,3076.08,1161.0
2024-07-28 12:00:00+00:00,-16.92,4212.6,2864.2,930.6
2024-07-28 13:00:00+00:00,2.32,4405.95,2375.93,600.0
2024-07-28 14:00:00+00:00,64.4,4667.35,1832.88,527.2
2024-07-28 15:00:00+00:00,81.05,4866.7,1223.38,-439.3
2024-07-28 16:00:00+00:00,88.82,5063.55,495.28,-1095.1
2024-07-28 17:00:00+00:00,125.22,5266.7,153.08,-1230.7
2024-07-28 18:00:00+00:00,148.45,5519.23,5.58,-1400.0
2024-07-28 19:00:00+00:00,145.76,5461.88,0.0,-1400.0
2024-07-28 20:00:00+00:00,124.52,5049.15,0.0,-1400.0
2024-07-28 21:00:00+00:00,98.78,4605.15,0.0,-1377.3
2024-07-28 22:00:00+00:00,73.64,3833.63,0.0,-664.7
2024-07-28 23:00:00+00:00,69.96,3719.9,0.0,-700.9
2024-07-29 00:00:00+00:00,66.34,3769.68,0.0,-714.3
2024-07-29 01:00:00+00:00,69.47,3681.73,0.0,-714.3
2024-07-29 02:00:00+00:00,72.83,3736.15,0.0,-714.3
2024-07-29 03:00:00+00:00,92.0,3841.93,41.53,-714.3
2024-07-29 04:00:00+00:00,134.95,4176.73,362.5,-1132.6
2024-07-29 05:00:00+00:00,114.81,4314.75,948.88,-546.1
2024-07-29 06:00:00+00:00,95.62,4188.1,1787.6,239.0
2024-07-29 07:00:00+00:00,63.31,4031.0,2448.1,460.0
2024-07-29 08:00:00+00:00,27.21,3930.18,3069.65,460.0
2024-07-29 09:00:00+00:00,22.96,4279.45,3294.35,460.0
2024-07-29 10:00:00+00:00,0.77,4276.75,3092.73,460.0
2024-07-29 11:00:00+00:00,0.45,4291.95,3261.4,460.0
2024-07-29 12:00:00+00:00,-2.59,4132.15,3087.25,460.0
2024-07-29 13:00:00+00:00,8.01,4283.75,2692.1,460.0
2024-07-29 14:00:00+00:00,23.34,4543.2,2209.23,135.9
2024-07-29 15:00:00+00:00,63.48,4907.63,1532.33,-200.0
2024-07-29 16:00:00+00:00,130.28,5107.63,680.03,-465.9
2024-07-29 17:00:00+00:00,188.13,5270.38,221.98,-600.0
2024-07-29 18:00:00+00:00,179.98,5347.73,7.28,-600.0
2024-07-29 19:00:00+00:00,154.82,5180.33,0.0,-600.0
2024-07-29 20:00:00+00:00,119.64,4848.9,0.0,-600.0
2024-07-29 21:00:00+00:00,90.2,4616.08,0.0,-600.0
2024-07-29 22:00:00+00:00,94.34,4132.55,0.0,-747.6
2024-07-29 23:00:00+00:00,73.4,3943.8,0.0,-747.6
2024-07-30 00:00:00+00:00,75.58,3916.68,0.0,-688.4
2024-07-30 01:00:00+00:00,79.36,3833.45,0.0,-622.7
2024-07-30 02:00:00+00:00,83.26,3895.95,0.0,-708.9
2024-07-30 03:00:00+00:00,95.77,4006.48,40.7,-747.6
2024-07-30 04:00:00+00:00,109.18,4207.1,371.03,-600.0
2024-07-30 05:00:00+00:00,108.7,4275.98,970.8,-183.9
2024-07-30 06:00:00+00:00,96.0,4206.05,1781.75,460.0
2024-07-30 07:00:00+00:00,67.32,4039.65,2500.33,460.0
2024-07-30 08:00:00+00:00,37.52,3927.75,3151.33,460.0
2024-07-30 09:00:00+00:00,7.84,3944.78,3453.3,460.0
2024-07-30 10:00:00+00:00,1.44,3898.48,3237.93,460.0
2024-07-30 11:00:00+00:00,0.48,4017.2,3385.15,460.0
2024-07-30 12:00:00+00:00,3.83,4149.05,3207.88,460.0
2024-07-30 13:00:00+00:00,16.31,4310.0,2800.68,460.0
2024-07-30 14:00:00+00:00,54.62,4583.7,2275.78,460.0
2024-07-30 15:00:00+00:00,98.16,4890.28,1593.7,-92.3
2024-07-30 16:00:00+00:00,111.25,5172.55,674.15,-600.0
2024-07-30 17:00:00+00:00,172.62,5342.18,217.33,-600.0
2024-07-30 18:00:00+00:00,226.23,5364.9,6.4,-600.0
2024-07-30 19:00:00+00:00,164.03,5169.23,0.0,-600.0
2024-07-30 20:00:00+00:00,127.69,4852.13,0.0,-600.0
2024-07-30 21:00:00+00:00,99.04,4616.05,0.0,-600.0
2024-07-30 22:00:00+00:00,98.36,4244.4,0.0,-747.6
2024-07-30 23:00:00+00:00,85.44,3994.18,0.0,-747.6
2024-07-31 00:00:00+00:00,82.87,3944.18,0.0,-747.6
2024-07-31 01:00:00+00:00,78.6,3876.18,0.0,-747.6
2024-07-31 02:00:00+00:00,85.03,3950.75,0.0,-747.6
2024-07-31 03:00:00+00:00,98.67,4030.08,36.7,-747.6
2024-07-31 04:00:00+00:00,110.68,4266.9,357.13,-600.0
2024-07-31 05:00:00+00:00,105.11,4343.33,943.6,-600.0
2024-07-31 06:00:00+00:00,95.07,4289.7,1718.15,90.0
2024-07-31 07:00:00+00:00,78.62,4176.33,2403.1,450.0
2024-07-31 08:00:00+00:00,55.89,4075.05,3016.73,450.0
2024-07-31 09:00:00+00:00,33.46,4061.25,3325.88,450.0
2024-07-31 10:00:00+00:00,33.59,4082.0,3018.13,450.0
2024-07-31 11:00:00+00:00,28.0,4102.15,3174.48,450.0
2024-07-31 12:00:00+00:00,32.69,4292.2,3105.25,450.0
2024-07-31 13:00:00+00:00,55.76,4469.18,2679.5,450.0
2024-07-31 14:00:00+00:00,81.12,4743.6,2176.33,-9.8
2024-07-31 15:00:00+00:00,95.69,5056.1,1526.13,-600.0
2024-07-31 16:00:00+00:00,132.68,5349.68,607.9,-600.0
2024-07-31 17:00:00+00:00,184.1,5517.45,191.23,-600.0
2024-07-31 18:00:00+00:00,257.09,5503.68,5.13,-600.0
2024-07-31 19:00:00+00:00,184.27,5361.73,0.0,-600.0
2024-07-31 20:00:00+00:00,132.15,5048.75,0.0,-600.0
2024-07-31 21:00:00+00:00,101.02,4822.2,0.0,-600.0
2024-07-31 22:00:00+00:00,104.41,4478.75,0.0,-747.6
2024-07-31 23:00:00+00:00,104.25,4232.48,0.0,-747.6
2024-08-01 00:00:00+00:00,96.16,4079.3,0.0,-747.6
2024-08-01 01:00:00+00:00,91.93,4041.9,0.0,-747.6
2024-08-01 02:00:00+00:00,94.55,4072.7,0.0,-747.6
2024-08-01 03:00:00+00:00,105.18,4130.1,30.9,-747.6
2024-08-01 04:00:00+00:00,120.0,4498.13,286.7,-600.0
2024-08-01 05:00:00+00:00,113.58,4533.35,803.28,-600.0
2024-08-01 06:00:00+00:00,105.95,4426.1,1488.95,-188.9
2024-08-01 07:00:00+00:00,90.1,4299.55,2080.7,384.3
2024-08-01 08:00:00+00:00,76.95,4194.58,2555.53,450.0
2024-08-01 09:00:00+00:00,67.64,4186.48,2767.45,450.0
2024-08-01 10:00:00+00:00,64.03,4234.13,2545.6,450.0
2024-08-01 11:00:00+00:00,62.89,4222.45,2634.63,450.0
2024-08-01 12:00:00+00:00,70.92,4424.7,2514.43,386.8
2024-08-01 13:00:00+00:00,107.3,4577.05,2009.53,-21.8
2024-08-01 14:00:00+00:00,109.69,4836.08,1578.73,-415.6
2024-08-01 15:00:00+00:00,107.68,5128.08,1073.6,-600.0
2024-08-01 16:00:00+00:00,159.16,5437.28,450.15,-600.0
2024-08-01 17:00:00+00:00,264.23,5616.25,139.93,-600.0
2024-08-01 18:00:00+00:00,291.37,5715.03,2.58,-600.0
2024-08-01 19:00:00+00:00,180.73,5603.2,0.0,-600.0
2024-08-01 20:00:00+00:00,122.62,5242.7,0.0,-600.0
2024-08-01 21:00:00+00:00,111.22,4945.83,0.0,-600.0
2024-08-01 22:00:00+00:00,93.93,4536.68,0.0,-747.6
2024-08-01 23:00:00+00:00,88.01,4287.58,0.0,-747.6
2024-08-02 00:00:00+00:00,90.6,4043.15,0.0,-747.6
2024-08-02 01:00:00+00:00,99.25,4058.93,0.0,-747.6
2024-08-02 02:00:00+00:00,99.74,4120.9,0.0,-747.6
2024-08-02 03:00:00+00:00,104.67,4177.13,22.48,-747.6
2024-08-02 04:00:00+00:00,110.07,4513.45,222.23,-600.0
2024-08-02 05:00:00+00:00,119.84,4528.25,631.05,-600.0
2024-08-02 06:00:00+00:00,112.8,4424.18,1222.93,-265.3
2024-08-02 07:00:00+00:00,104.42,4182.18,1631.15,255.3
2024-08-02 08:00:00+00:00,87.92,4060.63,1990.05,450.0
2024-08-02 09:00:00+00:00,75.62,4140.83,2569.6,450.0
2024-08-02 10:00:00+00:00,72.45,4054.85,1990.58,450.0
2024-08-02 11:00:00+00:00,63.86,4033.05,2031.78,450.0
2024-08-02 12:00:00+00:00,62.64,4039.65,1922.28,159.6
2024-08-02 13:00:00+00:00,62.3,4275.4,1735.35,-200.0
2024-08-02 14:00:00+00:00,73.68,4596.58,1333.58,-515.0
2024-08-02 15:00:00+00:00,156.81,4888.8,767.83,-600.0
2024-08-02 16:00:00+00:00,148.94,5192.5,347.28,-600.0
2024-08-02 17:00:00+00:00,193.46,5357.95,108.4,-600.0
2024-08-02 18:00:00+00:00,207.02,5490.53,2.18,-600.0
2024-08-02 19:00:00+00:00,181.17,5336.38,0.0,-600.0
2024-08-02 20:00:00+00:00,124.71,5036.35,0.0,-600.0
2024-08-02 21:00:00+00:00,110.55,4732.48,0.0,-600.0
2024-08-02 22:00:00+00:00,103.07,4413.6,0.0,-747.6
2024-08-02 23:00:00+00:00,98.46,4132.33,0.0,-747.6
2024-08-03 00:00:00+00:00,87.57,4184.18,0.0,-747.6
2024-08-03 01:00:00+00:00,82.68,4043.95,0.0,-747.6
2024-08-03 02:00:00+00:00,79.88,4021.1,0.0,-747.6
2024-08-03 03:00:00+00:00,88.09,3835.6,21.3,-687.7
2024-08-03 04:00:00+00:00,95.13,3621.38,236.88,-405.6
2024-08-03 05:00:00+00:00,87.97,3605.3,724.4,280.3
2024-08-03 06:00:00+00:00,78.32,3657.9,1717.13,450.0
2024-08-03 07:00:00+00:00,61.22,3635.2,2430.58,450.0
2024-08-03 08:00:00+00:00,32.44,3598.25,2778.83,450.0
2024-08-03 09:00:00+00:00,20.36,3596.8,2976.88,450.0
2024-08-03 10:00:00+00:00,14.66,3667.75,2906.13,450.0
2024-08-03 11:00:00+00:00,6.41,3667.03,3022.78,450.0
2024-08-03 12:00:00+00:00,3.97,3806.9,2898.38,450.0
2024-08-03 13:00:00+00:00,11.62,3997.2,2497.38,450.0
2024-08-03 14:00:00+00:00,36.52,4275.58,1989.43,450.0
2024-08-03 15:00:00+00:00,107.29,4462.85,1381.33,-200.0
2024-08-03 16:00:00+00:00,118.98,4669.13,537.6,-600.0
2024-08-03 17:00:00+00:00,150.91,4850.5,161.65,-600.0
2024-08-03 18:00:00+00:00,173.39,5035.03,1.85,-600.0
2024-08-03 19:00:00+00:00,156.6,4810.7,0.0,-600.0
2024-08-03 20:00:00+00:00,126.58,4435.75,0.0,-600.0
2024-08-03 21:00:00+00:00,110.16,4080.58,0.0,-600.0
2024-08-03 22:00:00+00:00,102.84,3615.7,0.0,-747.6
2024-08-03 23:00:00+00:00,94.61,3467.28,0.0,-556.0
2024-08-04 00:00:00+00:00,90.19,3442.43,0.0,-473.4
2024-08-04 01:00:00+00:00,84.36,3411.38,0.0,-407.7
2024-08-04 02:00:00+00:00,81.73,3437.28,0.0,-471.5
2024-08-04 03:00:00+00:00,75.92,3357.95,23.73,-407.7
2024-08-04 04:00:00+00:00,70.97,3204.75,306.15,-311.8
2024-08-04 05:00:00+00:00,67.42,3317.33,770.58,-158.4
2024-08-04 06:00:00+00:00,64.69,3496.33,1795.78,450.0
2024-08-04 07:00:00+00:00,28.6,3594.48,2262.4,450.0
2024-08-04 08:00:00+00:00,8.05,3634.35,2764.93,450.0
2024-08-04 09:00:00+00:00,2.05,3700.78,3025.95,450.0
2024-08-04 10:00:00+00:00,0.06,3701.23,2505.8,450.0
2024-08-04 11:00:00+00:00,-0.04,3714.15,2449.2,450.0
2024-08-04 12:00:00+00:00,-1.95,3901.15,1845.68,450.0
2024-08-04 13:00:00+00:00,-0.01,4149.45,1701.25,122.7
2024-08-04 14:00:00+00:00,1.13,4497.28,1401.23,-200.0
2024-08-04 15:00:00+00:00,67.52,4737.28,1055.43,-526.2
2024-08-04 16:00:00+00:00,110.15,4906.53,382.75,-600.0
2024-08-04 17:00:00+00:00,143.98,5025.43,123.78,-600.0
2024-08-04 18:00:00+00:00,188.67,5029.5,1.25,-600.0
2024-08-04 19:00:00+00:00,168.0,4851.63,0.0,-600.0
2024-08-04 20:00:00+00:00,129.03,4475.2,0.0,-600.0
2024-08-04 21:00:00+00:00,101.74,4143.28,0.0,-600.0
2024-08-04 22:00:00+00:00,96.79,3644.8,0.0,-633.3
2024-08-04 23:00:00+00:00,80.24,3420.9,0.0,-633.3
2024-08-05 00:00:00+00:00,79.18,3422.6,0.0,-633.3
2024-08-05 01:00:00+00:00,80.03,3430.08,0.0,-633.3
2024-08-05 02:00:00+00:00,78.6,3552.18,0.0,-633.3
2024-08-05 03:00:00+00:00,105.47,3727.18,17.28,-633.3
2024-08-05 04:00:00+00:00,118.31,4046.35,222.98,-600.0
2024-08-05 05:00:00+00:00,126.71,4211.5,647.5,-600.0
2024-08-05 06:00:00+00:00,114.51,4276.8,1095.93,-384.4
2024-08-05 07:00:00+00:00,103.34,4270.28,1617.7,-87.8
2024-08-05 08:00:00+00:00,85.52,4182.5,2048.78,416.1
2024-08-05 09:00:00+00:00,89.59,4223.23,2221.78,168.3
2024-08-05 10:00:00+00:00,99.19,4535.15,1712.05,-10.4
2024-08-05 11:00:00+00:00,99.89,4376.03,1656.83,160.9
2024-08-05 12:00:00+00:00,107.79,4670.05,1958.35,-200.0
2024-08-05 13:00:00+00:00,111.44,4686.53,1468.78,-542.5
2024-08-05 14:00:00+00:00,130.66,4732.05,1027.7,-600.0
2024-08-05 15:00:00+00:00,111.07,4765.63,630.38,-600.0
2024-08-05 16:00:00+00:00,127.51,5084.3,232.7,-600.0
2024-08-05 17:00:00+00:00,198.18,5191.7,76.58,-600.0
2024-08-05 18:00:00+00:00,300.63,5344.58,1.05,-600.0
2024-08-05 19:00:00+00:00,214.8,5060.33,0.0,-600.0
2024-08-05 20:00:00+00:00,151.89,4710.05,0.0,-600.0
2024-08-05 21:00:00+00:00,112.1,4372.4,0.0,-600.0
2024-08-05 22:00:00+00:00,103.75,3956.98,0.0,-600.0
2024-08-05 23:00:00+00:00,96.38,3661.43,0.0,-600.0
2024-08-06 00:00:00+00:00,90.03,3644.65,0.0,-600.0
2024-08-06 01:00:00+00:00,86.1,3640.25,0.0,-600.0
2024-08-06 02:00:00+00:00,86.63,3743.05,0.0,-600.0
2024-08-06 03:00:00+00:00,96.66,3904.2,19.2,-600.0
2024-08-06 04:00:00+00:00,125.17,4066.7,276.43,-600.0
2024-08-06 05:00:00+00:00,126.82,4180.18,733.35,-579.9
2024-08-06 06:00:00+00:00,85.58,4153.53,1686.03,135.9
2024-08-06 07:00:00+00:00,74.86,4263.08,2349.83,450.0
2024-08-06 08:00:00+00:00,36.25,4253.68,2821.63,450.0
2024-08-06 09:00:00+00:00,25.51,4210.98,3133.0,450.0
2024-08-06 10:00:00+00:00,16.28,4484.58,2884.9,450.0
2024-08-06 11:00:00+00:00,3.69,4414.78,2818.55,450.0
2024-08-06 12:00:00+00:00,5.62,4719.43,2190.0,135.3
2024-08-06 13:00:00+00:00,24.71,4767.83,1988.98,-200.0
2024-08-06 14:00:00+00:00,46.32,4848.88,1671.7,-200.0
2024-08-06 15:00:00+00:00,83.51,4940.75,1270.73,-600.0
2024-08-06 16:00:00+00:00,148.03,5256.43,579.7,-600.0
2024-08-06 17:00:00+00:00,176.22,5297.3,178.6,-600.0
2024-08-06 18:00:00+00:00,234.44,5287.38,0.83,-600.0
2024-08-06 19:00:00+00:00,173.86,5111.8,0.0,-600.0
2024-08-06 20:00:00+00:00,136.5,4785.73,0.0,-600.0
2024-08-06 21:00:00+00:00,100.31,4505.15,0.0,-600.0
2024-08-06 22:00:00+00:00,91.88,4095.45,0.0,-600.0
2024-08-06 23:00:00+00:00,83.7,3774.05,0.0,-600.0
2024-08-07 00:00:00+00:00,79.82,3680.43,0.0,-600.0
2024-08-07 01:00:00+00:00,83.88,3666.25,0.0,-600.0
2024-08-07 02:00:00+00:00,87.09,3776.9,0.0,-600.0
2024-08-07 03:00:00+00:00,105.08,3964.4,17.63,-600.0
2024-08-07 04:00:00+00:00,126.86,4296.13,270.33,-600.0
2024-08-07 05:00:00+00:00,128.65,4354.7,821.65,-600.0
2024-08-07 06:00:00+00:00,109.5,4260.33,1535.98,-200.2
2024-08-07 07:00:00+00:00,89.25,4186.53,2150.45,390.5
2024-08-07 08:00:00+00:00,73.82,4100.73,2743.58,450.0
2024-08-07 09:00:00+00:00,62.64,4260.3,3194.63,450.0
2024-08-07 10:00:00+00:00,42.13,4274.75,2811.33,450.0
2024-08-07 11:00:00+00:00,33.5,4369.33,2882.85,450.0
2024-08-07 12:00:00+00:00,48.85,4738.58,2269.8,450.0
2024-08-07 13:00:00+00:00,66.94,4955.55,1954.45,450.0
2024-08-07 14:00:00+00:00,81.65,5204.5,1558.9,-200.0
2024-08-07 15:00:00+00:00,109.95,5182.58,1211.33,-600.0
2024-08-07 16:00:00+00:00,169.77,5252.8,511.5,-600.0
2024-08-07 17:00:00+00:00,222.38,5418.28,150.2,-600.0
2024-08-07 18:00:00+00:00,306.23,5446.43,0.3,-600.0
2024-08-07 19:00:00+00:00,199.61,5217.18,0.0,-600.0
2024-08-07 20:00:00+00:00,152.94,4985.55,0.0,-600.0
2024-08-07 21:00:00+00:00,117.12,4810.98,0.0,-600.0
2024-08-07 22:00:00+00:00,124.28,4413.23,0.0,-600.0
2024-08-07 23:00:00+00:00,89.12,4094.38,0.0,-600.0
2024-08-08 00:00:00+00:00,88.37,3926.38,0.0,-600.0
2024-08-08 01:00:00+00:00,90.18,3904.73,0.0,-600.0
2024-08-08 02:00:00+00:00,91.58,3970.0,0.0,-600.0
2024-08-08 03:00:00+00:00,100.6,4139.5,13.15,-600.0
2024-08-08 04:00:00+00:00,115.95,4493.35,235.3,-600.0
2024-08-08 05:00:00+00:00,124.56,4533.15,632.3,-600.0
2024-08-08 06:00:00+00:00,114.28,4359.9,1187.28,-348.2
2024-08-08 07:00:00+00:00,106.79,4174.4,1739.85,180.7
2024-08-08 08:00:00+00:00,87.45,4080.38,2157.03,450.0
2024-08-08 09:00:00+00:00,71.55,4182.58,2230.9,450.0
2024-08-08 10:00:00+00:00,56.96,4194.4,2221.18,450.0
2024-08-08 11:00:00+00:00,60.84,4232.05,2296.9,450.0
2024-08-08 12:00:00+00:00,65.31,4396.15,2362.9,450.0
2024-08-08 13:00:00+00:00,82.61,4520.63,2033.0,261.9
2024-08-08 14:00:00+00:00,98.69,4713.6,1606.5,-200.0
2024-08-08 15:00:00+00:00,113.71,4945.93,985.4,-554.7
2024-08-08 16:00:00+00:00,124.18,5186.85,366.15,-600.0
2024-08-08 17:00:00+00:00,159.85,5349.83,100.5,-600.0
2024-08-08 18:00:00+00:00,209.16,5351.78,0.1,-600.0
2024-08-08 19:00:00+00:00,158.08,5286.9,0.0,-600.0
2024-08-08 20:00:00+00:00,140.07,5035.45,0.0,-600.0
2024-08-08 21:00:00+00:00,94.35,4837.03,0.0,-600.0
2024-08-08 22:00:00+00:00,109.99,4410.8,0.0,-600.0
2024-08-08 23:00:00+00:00,84.8,4114.28,0.0,-600.0
2024-08-09 00:00:00+00:00,67.28,4035.13,0.0,-600.0
2024-08-09 01:00:00+00:00,68.04,4008.15,0.0,-600.0
2024-08-09 02:00:00+00:00,73.2,4057.45,0.0,-600.0
2024-08-09 03:00:00+00:00,80.78,4109.38,13.13,-600.0
2024-08-09 04:00:00+00:00,109.01,4294.8,224.98,-600.0
2024-08-09 05:00:00+00:00,98.1,4388.48,625.58,-600.0
2024-08-09 06:00:00+00:00,75.52,4237.0,1556.03,-200.0
2024-08-09 07:00:00+00:00,39.46,4069.83,2206.53,362.2
2024-08-09 08:00:00+00:00,17.26,4083.88,2779.9,450.0
2024-08-09 09:00:00+00:00,9.59,4192.78,3102.5,450.0
2024-08-09 10:00:00+00:00,8.79,4649.73,2717.3,450.0
2024-08-09 11:00:00+00:00,14.82,4412.78,2695.63,450.0
2024-08-09 12:00:00+00:00,19.98,4205.8,2478.93,450.0
2024-08-09 13:00:00+00:00,47.87,4362.83,2139.6,450.0
2024-08-09 14:00:00+00:00,63.04,4629.73,1722.08,-170.2
2024-08-09 15:00:00+00:00,122.01,4864.65,1189.5,-399.4
2024-08-09 16:00:00+00:00,155.18,5205.85,438.98,-600.0
2024-08-09 17:00:00+00:00,188.05,5300.25,121.2,-600.0
2024-08-09 18:00:00+00:00,170.36,5343.3,0.15,-600.0
2024-08-09 19:00:00+00:00,186.66,5123.73,0.0,-600.0
2024-08-09 20:00:00+00:00,130.28,4836.88,0.0,-600.0
2024-08-09 21:00:00+00:00,118.29,4692.83,0.0,-600.0
2024-08-09 22:00:00+00:00,160.5,4284.78,0.0,-600.0
2024-08-09 23:00:00+00:00,114.93,3993.95,0.0,-600.0
2024-08-10 00:00:00+00:00,98.41,3809.9,0.0,-600.0
2024-08-10 01:00:00+00:00,93.57,3743.5,0.0,-600.0
2024-08-10 02:00:00+00:00,85.92,3825.08,0.0,-600.0
2024-08-10 03:00:00+00:00,87.52,3867.95,11.73,-600.0
2024-08-10 04:00:00+00:00,89.88,3907.0,262.93,-600.0
2024-08-10 05:00:00+00:00,76.6,3948.1,802.13,-319.6
2024-08-10 06:00:00+00:00,31.9,3959.58,1526.85,-200.0
2024-08-10 07:00:00+00:00,0.34,3929.58,2211.65,450.0
2024-08-10 08:00:00+00:00,-2.89,3903.38,2725.38,450.0
2024-08-10 09:00:00+00:00,-11.86,3841.23,3279.53,450.0
2024-08-10 10:00:00+00:00,-22.12,3838.73,2945.78,450.0
2024-08-10 11:00:00+00:00,-22.14,3781.13,2890.68,450.0
2024-08-10 12:00:00+00:00,-7.47,3755.45,1961.7,-121.9
2024-08-10 13:00:00+00:00,-2.68,3955.55,1753.68,-200.0
2024-08-10 14:00:00+00:00,76.41,4314.93,1454.45,-200.0
2024-08-10 15:00:00+00:00,97.35,4669.25,1170.7,-200.0
2024-08-10 16:00:00+00:00,151.0,4709.2,465.2,-600.0
2024-08-10 17:00:00+00:00,147.1,4919.3,130.55,-600.0
2024-08-10 18:00:00+00:00,181.76,4958.65,0.13,-600.0
2024-08-10 19:00:00+00:00,172.04,4857.2,0.0,-600.0
2024-08-10 20:00:00+00:00,123.08,4690.53,0.0,-600.0
2024-08-10 21:00:00+00:00,107.19,4564.63,0.0,-600.0
2024-08-10 22:00:00+00:00,109.65,4181.78,0.0,-600.0
2024-08-10 23:00:00+00:00,107.7,3909.63,0.0,-600.0
2024-08-11 00:00:00+00:00,106.44,3764.9,0.0,-600.0
2024-08-11 01:00:00+00:00,102.81,3707.8,0.0,-600.0
2024-08-11 02:00:00+00:00,100.29,3713.98,0.0,-600.0
2024-08-11 03:00:00+00:00,97.47,3737.78,10.48,-600.0
2024-08-11 04:00:00+00:00,98.26,3585.38,266.18,-600.0
2024-08-11 05:00:00+00:00,70.85,3532.2,753.6,-200.0
2024-08-11 06:00:00+00:00,27.43,3556.1,1555.13,242.3
2024-08-11 07:00:00+00:00,0.0,3494.43,2226.7,450.0
2024-08-11 08:00:00+00:00,-6.05,3411.98,2728.58,450.0
2024-08-11 09:00:00+00:00,-18.38,3804.53,3258.85,450.0
2024-08-11 10:00:00+00:00,-39.19,3522.83,2964.85,450.0
2024-08-11 11:00:00+00:00,-72.68,3495.28,2916.65,450.0
2024-08-11 12:00:00+00:00,-45.25,3629.98,2445.5,450.0
2024-08-11 13:00:00+00:00,-18.76,3781.05,2255.53,450.0
2024-08-11 14:00:00+00:00,1.78,4111.45,1791.93,-80.4
2024-08-11 15:00:00+00:00,65.77,4818.18,1345.33,-200.0
2024-08-11 16:00:00+00:00,100.86,4674.7,517.15,-600.0
2024-08-11 17:00:00+00:00,157.99,4885.0,144.8,-600.0
2024-08-11 18:00:00+00:00,157.77,5034.13,0.03,-600.0
2024-08-11 19:00:00+00:00,133.37,4921.38,0.0,-600.0
2024-08-11 20:00:00+00:00,107.14,4584.28,0.0,-600.0
2024-08-11 21:00:00+00:00,96.5,4384.53,0.0,-600.0
2024-08-11 22:00:00+00:00,108.99,3909.7,0.0,-450.0
2024-08-11 23:00:00+00:00,93.78,3671.75,0.0,-450.0
2024-08-12 00:00:00+00:00,87.75,3689.13,0.0,-450.0
2024-08-12 01:00:00+00:00,93.4,3684.8,0.0,-450.0
2024-08-12 02:00:00+00:00,95.14,3818.7,0.0,-450.0
2024-08-12 03:00:00+00:00,114.54,3973.33,8.85,-450.0
2024-08-12 04:00:00+00:00,146.39,4364.33,217.45,-450.0
2024-08-12 05:00:00+00:00,142.23,4508.53,630.63,-450.0
2024-08-12 06:00:00+00:00,110.96,4446.43,1510.73,-80.7
2024-08-12 07:00:00+00:00,70.14,4304.4,2135.25,427.2
2024-08-12 08:00:00+00:00,40.12,4181.18,2598.23,450.0
2024-08-12 09:00:00+00:00,16.04,4348.18,3183.7,450.0
2024-08-12 10:00:00+00:00,19.67,4400.25,2771.68,450.0
2024-08-12 11:00:00+00:00,21.97,4300.7,2884.38,450.0
2024-08-12 12:00:00+00:00,48.4,4342.45,2626.45,450.0
2024-08-12 13:00:00+00:00,65.47,4525.15,2207.78,450.0
2024-08-12 14:00:00+00:00,109.62,4796.23,1737.13,-50.0
2024-08-12 15:00:00+00:00,125.81,5113.68,1224.03,-450.0
2024-08-12 16:00:00+00:00,162.72,5449.13,484.03,-450.0
2024-08-12 17:00:00+00:00,226.1,5658.83,120.0,-450.0
2024-08-12 18:00:00+00:00,246.6,5649.15,0.0,-450.0
2024-08-12 19:00:00+00:00,179.94,5478.4,0.0,-450.0
2024-08-12 20:00:00+00:00,134.64,5162.25,0.0,-450.0
2024-08-12 21:00:00+00:00,101.44,4930.13,0.0,-450.0
2024-08-12 22:00:00+00:00,106.23,4409.78,0.0,-450.0
2024-08-12 23:00:00+00:00,92.68,4095.48,0.0,-450.0
2024-08-13 00:00:00+00:00,86.72,4038.7,0.0,-450.0
2024-08-13 01:00:00+00:00,84.11,4029.35,0.0,-450.0
2024-08-13 02:00:00+00:00,86.0,4131.98,0.0,-450.0
2024-08-13 03:00:00+00:00,106.12,4302.9,10.33,-450.0
2024-08-13 04:00:00+00:00,128.56,4568.58,247.43,-200.0
2024-08-13 05:00:00+00:00,134.23,4689.45,718.75,-200.0
2024-08-13 06:00:00+00:00,117.89,4604.88,1334.73,-200.0
2024-08-13 07:00:00+00:00,103.61,4433.93,1993.95,200.0
2024-08-13 08:00:00+00:00,96.71,4348.33,2554.75,200.0
2024-08-13 09:00:00+00:00,91.33,4539.78,3163.65,200.0
2024-08-13 10:00:00+00:00,92.47,4737.2,2924.05,200.0
2024-08-13 11:00:00+00:00,90.64,4659.8,3005.65,200.0
2024-08-13 12:00:00+00:00,94.28,4464.75,2524.13,200.0
2024-08-13 13:00:00+00:00,108.28,4614.95,1971.45,200.0
2024-08-13 14:00:00+00:00,140.09,5005.43,1514.28,112.4
2024-08-13 15:00:00+00:00,171.39,5360.85,1098.9,-200.0
2024-08-13 16:00:00+00:00,248.48,6070.33,401.8,-200.0
2024-08-13 17:00:00+00:00,309.77,6129.43,103.0,-200.0
2024-08-13 18:00:00+00:00,320.9,5777.68,0.0,-200.0
2024-08-13 19:00:00+00:00,222.34,5555.05,0.0,-200.0
2024-08-13 20:00:00+00:00,165.81,5308.8,0.0,-200.0
2024-08-13 21:00:00+00:00,126.53,5058.55,0.0,-200.0
2024-08-13 22:00:00+00:00,117.62,4567.45,0.0,-200.0
2024-08-13 23:00:00+00:00,108.09,4212.15,0.0,-200.0
2024-08-14 00:00:00+00:00,103.83,4180.55,0.0,-200.0
2024-08-14 01:00:00+00:00,99.52,4124.03,0.0,-200.0
2024-08-14 02:00:00+00:00,93.76,4191.95,0.0,-200.0
2024-08-14 03:00:00+00:00,103.84,4345.6,6.3,-200.0
2024-08-14 04:00:00+00:00,125.36,4538.48,237.5,-200.0
2024-08-14 05:00:00+00:00,132.29,4697.03,756.68,-200.0
2024-08-14 06:00:00+00:00,119.98,4628.43,1569.95,-200.0
2024-08-14 07:00:00+00:00,107.2,4532.68,2265.3,200.0
2024-08-14 08:00:00+00:00,82.54,4502.73,2837.6,200.0
2024-08-14 09:00:00+00:00,77.59,4677.6,3223.5,200.0
2024-08-14 10:00:00+00:00,77.14,4827.4,2748.65,200.0
2024-08-14 11:00:00+00:00,84.51,4820.05,2832.63,200.0
2024-08-14 12:00:00+00:00,90.19,5003.28,2716.65,200.0
2024-08-14 13:00:00+00:00,99.89,5106.2,2182.35,200.0
2024-08-14 14:00:00+00:00,119.82,5396.3,1585.0,-200.0
2024-08-14 15:00:00+00:00,130.45,5785.8,1059.6,-200.0
2024-08-14 16:00:00+00:00,239.13,6331.35,308.5,-200.0
2024-08-14 17:00:00+00:00,377.91,6380.7,69.35,-200.0
2024-08-14 18:00:00+00:00,350.07,6231.78,0.0,-200.0
2024-08-14 19:00:00+00:00,190.06,5926.03,0.0,-200.0
2024-08-14 20:00:00+00:00,128.73,5578.28,0.0,-200.0
2024-08-14 21:00:00+00:00,113.85,5307.63,0.0,-200.0
2024-08-14 22:00:00+00:00,111.33,4741.1,0.0,-200.0
2024-08-14 23:00:00+00:00,111.68,4448.08,0.0,-200.0
2024-08-15 00:00:00+00:00,111.81,4331.25,0.0,-200.0
2024-08-15 01:00:00+00:00,97.5,4264.23,0.0,-200.0
2024-08-15 02:00:00+00:00,98.08,4315.63,0.0,-200.0
2024-08-15 03:00:00+00:00,108.08,4529.68,4.8,-200.0
2024-08-15 04:00:00+00:00,124.29,4706.75,206.68,-200.0
2024-08-15 05:00:00+00:00,120.44,4851.63,618.0,-200.0
2024-08-15 06:00:00+00:00,113.58,4789.18,1254.55,-200.0
2024-08-15 07:00:00+00:00,85.84,4738.3,1924.3,-140.0
2024-08-15 08:00:00+00:00,69.63,4684.13,2418.98,200.0
2024-08-15 09:00:00+00:00,21.57,4888.23,2675.73,200.0
2024-08-15 10:00:00+00:00,14.11,4983.35,2547.03,200.0
2024-08-15 11:00:00+00:00,11.82,5002.13,2494.38,200.0
2024-08-15 12:00:00+00:00,12.73,5095.75,2642.18,200.0
2024-08-15 13:00:00+00:00,81.01,5337.58,2170.63,82.0
2024-08-15 14:00:00+00:00,135.56,5713.75,1677.55,-200.0
2024-08-15 15:00:00+00:00,166.17,6038.95,1123.68,-200.0
2024-08-15 16:00:00+00:00,201.05,6401.95,354.35,-200.0
2024-08-15 17:00:00+00:00,236.69,6467.75,79.55,-200.0
2024-08-15 18:00:00+00:00,330.46,6419.35,0.0,-200.0
2024-08-15 19:00:00+00:00,218.0,6090.8,0.0,-200.0
2024-08-15 20:00:00+00:00,202.06,5672.3,0.0,-200.0
2024-08-15 21:00:00+00:00,138.73,5410.43,0.0,-200.0
2024-08-15 22:00:00+00:00,124.12,4893.53,0.0,-200.0
2024-08-15 23:00:00+00:00,117.12,4561.88,0.0,-200.0
2024-08-16 00:00:00+00:00,113.55,4350.55,0.0,-200.0
2024-08-16 01:00:00+00:00,112.66,4277.15,0.0,-200.0
2024-08-16 02:00:00+00:00,109.5,4339.05,0.0,-200.0
2024-08-16 03:00:00+00:00,126.0,4541.78,4.08,-200.0
2024-08-16 04:00:00+00:00,122.58,4826.55,195.2,-200.0
2024-08-16 05:00:00+00:00,129.65,4944.25,593.15,-200.0
2024-08-16 06:00:00+00:00,121.64,4917.23,1419.1,-200.0
2024-08-16 07:00:00+00:00,98.24,4810.45,1902.05,-1.5
2024-08-16 08:00:00+00:00,75.12,4798.88,2448.73,200.0
2024-08-16 09:00:00+00:00,63.53,4957.5,2942.7,200.0
2024-08-16 10:00:00+00:00,72.7,5073.25,2430.3,200.0
2024-08-16 11:00:00+00:00,88.54,4981.33,2298.03,200.0
2024-08-16 12:00:00+00:00,98.3,5067.38,2317.5,200.0
2024-08-16 13:00:00+00:00,123.56,5307.0,1864.88,-15.1
2024-08-16 14:00:00+00:00,176.86,5704.5,1450.78,-200.0
2024-08-16 15:00:00+00:00,251.97,6015.05,926.15,-200.0
2024-08-16 16:00:00+00:00,328.0,6306.8,301.83,-200.0
2024-08-16 17:00:00+00:00,388.17,6368.55,68.98,-200.0
2024-08-16 18:00:00+00:00,477.88,6320.23,0.0,-200.0
2024-08-16 19:00:00+00:00,303.5,6021.55,0.0,-200.0
2024-08-16 20:00:00+00:00,193.23,5602.23,0.0,-200.0
2024-08-16 21:00:00+00:00,127.71,5251.4,0.0,-200.0
2024-08-16 22:00:00+00:00,124.39,4614.7,0.0,-200.0
2024-08-16 23:00:00+00:00,111.25,4281.63,0.0,-200.0
2024-08-17 00:00:00+00:00,102.13,4120.03,0.0,-200.0
2024-08-17 01:00:00+00:00,113.02,4072.53,0.0,-200.0
2024-08-17 02:00:00+00:00,113.86,4120.6,0.0,-200.0
2024-08-17 03:00:00+00:00,108.11,4107.15,2.75,-200.0
2024-08-17 04:00:00+00:00,104.04,4037.65,145.78,-200.0
2024-08-17 05:00:00+00:00,101.32,3962.53,430.2,-200.0
2024-08-17 06:00:00+00:00,101.72,3996.75,1124.1,200.0
2024-08-17 07:00:00+00:00,83.04,3837.15,1604.2,200.0
2024-08-17 08:00:00+00:00,69.49,3759.6,1926.9,200.0
2024-08-17 09:00:00+00:00,58.68,3667.7,1686.23,200.0
2024-08-17 10:00:00+00:00,48.46,3753.2,1973.6,200.0
2024-08-17 11:00:00+00:00,46.61,3680.03,1934.15,200.0
2024-08-17 12:00:00+00:00,64.48,3777.78,1971.4,200.0
2024-08-17 13:00:00+00:00,77.19,4007.88,1661.73,200.0
2024-08-17 14:00:00+00:00,94.08,4343.08,1281.35,200.0
2024-08-17 15:00:00+00:00,161.76,4575.53,949.23,-200.0
2024-08-17 16:00:00+00:00,250.0,4924.75,255.45,-200.0
2024-08-17 17:00:00+00:00,189.8,5153.25,52.85,-200.0
2024-08-17 18:00:00+00:00,250.09,5273.85,0.0,-200.0
2024-08-17 19:00:00+00:00,186.36,5110.5,0.0,-200.0
2024-08-17 20:00:00+00:00,132.74,4849.45,0.0,-200.0
2024-08-17 21:00:00+00:00,120.12,4440.08,0.0,-200.0
2024-08-17 22:00:00+00:00,125.96,4067.68,0.0,-200.0
2024-08-17 23:00:00+00:00,110.08,3835.33,0.0,-200.0
2024-08-18 00:00:00+00:00,103.59,3882.08,0.0,-200.0
2024-08-18 01:00:00+00:00,103.04,3806.33,0.0,-200.0
2024-08-18 02:00:00+00:00,101.38,3810.85,0.0,-200.0
2024-08-18 03:00:00+00:00,101.29,3724.75,2.7,-200.0
2024-08-18 04:00:00+00:00,96.32,3546.25,174.13,-200.0
2024-08-18 05:00:00+00:00,91.93,3567.2,597.78,-200.0
2024-08-18 06:00:00+00:00,85.9,3676.43,1328.6,200.0
2024-08-18 07:00:00+00:00,78.58,3671.38,1911.45,200.0
2024-08-18 08:00:00+00:00,65.27,3671.83,2468.48,200.0
2024-08-18 09:00:00+00:00,63.48,3894.38,2904.33,200.0
2024-08-18 10:00:00+00:00,59.28,3757.25,2567.63,200.0
2024-08-18 11:00:00+00:00,30.29,3697.38,2594.63,200.0
2024-08-18 12:00:00+00:00,15.53,3754.6,2186.08,200.0
2024-08-18 13:00:00+00:00,46.87,3937.63,1850.73,200.0
2024-08-18 14:00:00+00:00,116.9,4374.35,1390.63,-90.5
2024-08-18 15:00:00+00:00,143.87,4818.75,882.68,-200.0
2024-08-18 16:00:00+00:00,136.72,5070.13,263.83,-200.0
2024-08-18 17:00:00+00:00,175.4,5321.18,53.35,-200.0
2024-08-18 18:00:00+00:00,221.4,5414.28,0.0,-200.0
2024-08-18 19:00:00+00:00,154.0,5192.38,0.0,-200.0
2024-08-18 20:00:00+00:00,134.32,4825.45,0.0,-200.0
2024-08-18 21:00:00+00:00,122.75,4495.25,0.0,-200.0
2024-08-18 22:00:00+00:00,126.56,3964.6,0.0,-200.0
2024-08-18 23:00:00+00:00,111.33,3755.98,0.0,-200.0
2024-08-19 00:00:00+00:00,94.9,3749.08,0.0,-200.0
2024-08-19 01:00:00+00:00,85.0,3765.38,0.0,-200.0
2024-08-19 02:00:00+00:00,88.92,3768.53,0.0,-200.0
2024-08-19 03:00:00+00:00,103.03,3738.8,2.03,-200.0
2024-08-19 04:00:00+00:00,133.38,3624.8,162.53,-200.0
2024-08-19 05:00:00+00:00,152.21,3722.8,572.1,-200.0
2024-08-19 06:00:00+00:00,128.64,3952.75,1351.45,200.0
2024-08-19 07:00:00+00:00,112.58,3999.68,1849.38,200.0
2024-08-19 08:00:00+00:00,95.77,4051.43,2293.28,200.0
2024-08-19 09:00:00+00:00,89.13,4210.48,2632.03,200.0
2024-08-19 10:00:00+00:00,91.4,4219.5,2446.68,200.0
2024-08-19 11:00:00+00:00,81.22,4177.55,2359.35,200.0
2024-08-19 12:00:00+00:00,81.75,4376.38,2317.83,200.0
2024-08-19 13:00:00+00:00,115.3,4623.23,1939.9,200.0
2024-08-19 14:00:00+00:00,216.37,4978.55,1465.2,128.9
2024-08-19 15:00:00+00:00,272.75,5273.08,922.6,-200.0
2024-08-19 16:00:00+00:00,504.85,5594.55,292.08,-200.0
2024-08-19 17:00:00+00:00,551.56,5675.1,54.55,-200.0
2024-08-19 18:00:00+00:00,599.73,5740.6,0.0,-200.0
2024-08-19 19:00:00+00:00,315.22,5458.35,0.0,-200.0
2024-08-19 20:00:00+00:00,188.55,5150.7,0.0,-200.0
2024-08-19 21:00:00+00:00,136.03,4809.98,0.0,-200.0
2024-08-19 22:00:00+00:00,124.34,4387.0,0.0,-200.0
2024-08-19 23:00:00+00:00,110.27,4083.28,0.0,-200.0
2024-08-20 00:00:00+00:00,103.56,4077.33,0.0,-200.0
2024-08-20 01:00:00+00:00,101.95,4037.88,0.0,-200.0
2024-08-20 02:00:00+00:00,97.72,3993.8,0.0,-200.0
2024-08-20 03:00:00+00:00,104.61,3879.35,1.6,-200.0
2024-08-20 04:00:00+00:00,127.37,3612.4,147.23,-200.0
2024-08-20 05:00:00+00:00,129.22,3527.7,464.05,-107.6
2024-08-20 06:00:00+00:00,120.86,3613.95,1172.53,200.0
2024-08-20 07:00:00+00:00,102.02,3682.2,1832.68,200.0
2024-08-20 08:00:00+00:00,95.29,3749.08,2305.55,200.0
2024-08-20 09:00:00+00:00,86.81,3880.15,2759.15,200.0
2024-08-20 10:00:00+00:00,78.25,3824.7,2164.2,200.0
2024-08-20 11:00:00+00:00,83.32,3786.4,2064.63,200.0
2024-08-20 12:00:00+00:00,88.05,4043.43,2291.35,200.0
2024-08-20 13:00:00+00:00,112.9,4265.4,1868.83,200.0
2024-08-20 14:00:00+00:00,107.46,4572.03,1378.93,200.0
2024-08-20 15:00:00+00:00,179.2,4854.88,893.13,-200.0
2024-08-20 16:00:00+00:00,233.67,4983.2,217.1,-200.0
2024-08-20 17:00:00+00:00,350.65,5156.98,42.75,-200.0
2024-08-20 18:00:00+00:00,467.82,5416.68,0.0,-200.0
2024-08-20 19:00:00+00:00,181.5,5128.33,0.0,-200.0
2024-08-20 20:00:00+00:00,135.42,4869.0,0.0,-200.0
2024-08-20 21:00:00+00:00,125.33,4495.05,0.0,-200.0
2024-08-20 22:00:00+00:00,139.29,4258.68,0.0,-200.0
2024-08-20 23:00:00+00:00,127.38,4000.63,0.0,-200.0
2024-08-21 00:00:00+00:00,123.9,3949.8,0.0,-200.0
2024-08-21 01:00:00+00:00,122.13,3864.98,0.0,-200.0
2024-08-21 02:00:00+00:00,122.38,4308.48,0.0,-200.0
2024-08-21 03:00:00+00:00,126.6,4498.25,1.3,-200.0
2024-08-21 04:00:00+00:00,142.03,4814.33,182.28,-200.0
2024-08-21 05:00:00+00:00,113.1,5015.28,592.45,-200.0
2024-08-21 06:00:00+00:00,107.8,5027.85,1382.15,-200.0
2024-08-21 07:00:00+00:00,113.41,5004.68,1962.15,-18.8
2024-08-21 08:00:00+00:00,119.48,4982.88,2413.48,200.0
2024-08-21 09:00:00+00:00,118.36,5063.4,2624.13,200.0
2024-08-21 10:00:00+00:00,121.13,5145.15,2170.98,200.0
2024-08-21 11:00:00+00:00,132.66,5010.58,1993.98,200.0
2024-08-21 12:00:00+00:00,140.84,4998.75,1885.6,200.0
2024-08-21 13:00:00+00:00,173.82,5154.28,1591.15,-200.0
2024-08-21 14:00:00+00:00,186.03,5406.78,1166.9,-200.0
2024-08-21 15:00:00+00:00,198.92,5711.23,829.43,-200.0
2024-08-21 16:00:00+00:00,202.12,5968.08,268.35,-200.0
2024-08-21 17:00:00+00:00,334.46,6048.45,45.33,-200.0
2024-08-21 18:00:00+00:00,255.25,6022.05,0.0,-200.0
2024-08-21 19:00:00+00:00,153.85,5670.3,0.0,-200.0
2024-08-21 20:00:00+00:00,122.3,5225.85,0.0,-200.0
2024-08-21 21:00:00+00:00,114.25,4922.9,0.0,-200.0
2024-08-21 22:00:00+00:00,121.72,4403.15,0.0,-200.0
2024-08-21 23:00:00+00:00,103.76,4111.75,0.0,-200.0
2024-08-22 00:00:00+00:00,85.34,4043.83,0.0,-200.0
2024-08-22 01:00:00+00:00,89.17,3984.4,0.0,-200.0
2024-08-22 02:00:00+00:00,87.78,4063.78,0.0,-200.0
2024-08-22 03:00:00+00:00,114.51,4114.93,1.1,-200.0
2024-08-22 04:00:00+00:00,123.35,4314.6,156.78,-200.0
2024-08-22 05:00:00+00:00,128.29,4582.55,510.75,-200.0
2024-08-22 06:00:00+00:00,114.29,4790.53,1200.4,-200.0
2024-08-22 07:00:00+00:00,88.79,4768.83,1811.38,-40.3
2024-08-22 08:00:00+00:00,60.82,4728.48,2299.4,200.0
2024-08-22 09:00:00+00:00,70.47,4903.0,2574.88,200.0
2024-08-22 10:00:00+00:00,79.64,4689.88,2344.83,200.0
2024-08-22 11:00:00+00:00,84.27,4725.73,2353.78,200.0
2024-08-22 12:00:00+00:00,103.01,5070.8,2355.43,200.0
2024-08-22 13:00:00+00:00,100.51,5292.78,1922.48,-200.0
2024-08-22 14:00:00+00:00,115.16,5496.35,1419.48,-200.0
2024-08-22 15:00:00+00:00,144.93,5683.95,837.9,-200.0
2024-08-22 16:00:00+00:00,160.43,5578.63,296.65,-200.0
2024-08-22 17:00:00+00:00,216.54,5717.08,46.35,-200.0
2024-08-22 18:00:00+00:00,206.72,5925.95,0.0,-200.0
2024-08-22 19:00:00+00:00,145.94,5523.13,0.0,-200.0
2024-08-22 20:00:00+00:00,124.0,5050.18,0.0,-200.0
2024-08-22 21:00:00+00:00,124.06,4786.53,0.0,-200.0
2024-08-22 22:00:00+00:00,127.67,4360.63,0.0,-200.0
2024-08-22 23:00:00+00:00,118.34,4061.3,0.0,-200.0
2024-08-23 00:00:00+00:00,117.43,3901.93,0.0,-200.0
2024-08-23 01:00:00+00:00,121.57,3887.65,0.0,-200.0
2024-08-23 02:00:00+00:00,124.82,3722.68,0.0,-200.0
2024-08-23 03:00:00+00:00,121.8,3933.68,0.75,-200.0
2024-08-23 04:00:00+00:00,139.83,4432.53,191.55,-200.0
2024-08-23 05:00:00+00:00,133.93,4586.58,713.6,-200.0
2024-08-23 06:00:00+00:00,114.03,4600.08,1505.78,-200.0
2024-08-23 07:00:00+00:00,95.64,4572.18,2192.38,200.0
2024-08-23 08:00:00+00:00,74.36,4565.15,2816.85,200.0
2024-08-23 09:00:00+00:00,64.43,4769.2,3321.98,200.0
2024-08-23 10:00:00+00:00,71.82,4688.9,2811.95,200.0
2024-08-23 11:00:00+00:00,77.34,4741.78,2722.05,200.0
2024-08-23 12:00:00+00:00,97.07,4920.9,2474.6,200.0
2024-08-23 13:00:00+00:00,105.74,5178.63,2032.88,-200.0
2024-08-23 14:00:00+00:00,147.86,5445.03,1464.65,-200.0
2024-08-23 15:00:00+00:00,180.82,5604.38,841.65,-200.0
2024-08-23 16:00:00+00:00,191.3,5720.33,354.18,-200.0
2024-08-23 17:00:00+00:00,217.09,5764.0,61.6,-200.0
2024-08-23 18:00:00+00:00,230.01,5735.65,0.0,-200.0
2024-08-23 19:00:00+00:00,163.6,5418.25,0.0,-200.0
2024-08-23 20:00:00+00:00,136.11,5121.3,0.0,-200.0
2024-08-23 21:00:00+00:00,145.35,4897.03,0.0,-200.0
2024-08-23 22:00:00+00:00,129.6,4578.15,0.0,-200.0
2024-08-23 23:00:00+00:00,117.5,4261.65,0.0,-200.0
2024-08-24 00:00:00+00:00,112.33,4127.68,0.0,-200.0
2024-08-24 01:00:00+00:00,113.85,4035.88,0.0,-200.0
2024-08-24 02:00:00+00:00,109.88,3996.05,0.0,-200.0
2024-08-24 03:00:00+00:00,106.78,3989.05,0.6,-200.0
2024-08-24 04:00:00+00:00,113.36,4017.33,165.28,-200.0
2024-08-24 05:00:00+00:00,99.75,4111.48,632.4,-200.0
2024-08-24 06:00:00+00:00,74.59,4242.03,1392.35,-200.0
2024-08-24 07:00:00+00:00,15.0,4386.0,2000.23,-200.0
2024-08-24 08:00:00+00:00,-0.11,4438.4,2595.38,-119.8
2024-08-24 09:00:00+00:00,-7.2,4605.23,3135.58,-2.6
2024-08-24 10:00:00+00:00,-18.79,4809.3,2555.03,-20.6
2024-08-24 11:00:00+00:00,-16.8,4769.53,2669.98,7.1
2024-08-24 12:00:00+00:00,-5.38,4658.38,2553.48,-71.9
2024-08-24 13:00:00+00:00,68.61,4643.13,2209.63,-200.0
2024-08-24 14:00:00+00:00,107.7,4734.93,1688.48,-200.0
2024-08-24 15:00:00+00:00,144.41,4987.75,984.33,-200.0
2024-08-24 16:00:00+00:00,178.07,5248.55,299.05,-200.0
2024-08-24 17:00:00+00:00,196.45,5435.48,43.45,-200.0
2024-08-24 18:00:00+00:00,187.38,5417.95,0.0,-200.0
2024-08-24 19:00:00+00:00,141.26,5136.08,0.0,-200.0
2024-08-24 20:00:00+00:00,130.96,4813.73,0.0,-200.0
2024-08-24 21:00:00+00:00,124.29,4553.98,0.0,-200.0
2024-08-24 22:00:00+00:00,120.86,4162.2,0.0,-200.0
2024-08-24 23:00:00+00:00,85.77,3902.33,0.0,-200.0
2024-08-25 00:00:00+00:00,69.89,3888.48,0.0,-200.0
2024-08-25 01:00:00+00:00,54.23,3848.0,0.0,-200.0
2024-08-25 02:00:00+00:00,39.51,3760.03,0.0,-200.0
2024-08-25 03:00:00+00:00,39.16,3639.75,0.4,-200.0
2024-08-25 04:00:00+00:00,37.95,3751.55,149.53,-200.0
2024-08-25 05:00:00+00:00,1.12,3832.45,585.25,-200.0
2024-08-25 06:00:00+00:00,4.81,3955.75,1300.93,-200.0
2024-08-25 07:00:00+00:00,0.06,3962.83,1918.05,200.0
2024-08-25 08:00:00+00:00,0.6,3901.65,2575.3,200.0
2024-08-25 09:00:00+00:00,4.97,4082.88,3178.45,200.0
2024-08-25 10:00:00+00:00,3.62,4050.78,2622.65,200.0
2024-08-25 11:00:00+00:00,0.07,3907.75,2575.45,200.0
2024-08-25 12:00:00+00:00,0.0,4054.68,2912.0,200.0
2024-08-25 13:00:00+00:00,-0.01,4202.5,2183.05,100.2
2024-08-25 14:00:00+00:00,57.66,4667.85,1692.98,-200.0
2024-08-25 15:00:00+00:00,113.14,5067.2,1057.78,-200.0
2024-08-25 16:00:00+00:00,128.68,5322.4,296.5,-200.0
2024-08-25 17:00:00+00:00,169.88,5516.6,43.45,-200.0
2024-08-25 18:00:00+00:00,198.77,5521.75,0.0,-200.0
2024-08-25 19:00:00+00:00,166.81,5213.45,0.0,-200.0
2024-08-25 20:00:00+00:00,144.55,4842.9,0.0,-200.0
2024-08-25 21:00:00+00:00,120.6,4570.53,0.0,-200.0
2024-08-25 22:00:00+00:00,107.62,4078.3,0.0,-200.0
2024-08-25 23:00:00+00:00,96.43,3876.5,0.0,-200.0
2024-08-26 00:00:00+00:00,86.38,3873.78,0.0,-200.0
2024-08-26 01:00:00+00:00,85.12,3884.75,0.0,-200.0
2024-08-26 02:00:00+00:00,87.2,3966.98,0.0,-200.0
2024-08-26 03:00:00+00:00,90.17,4207.58,0.23,-200.0
2024-08-26 04:00:00+00:00,126.19,4491.9,150.6,-200.0
2024-08-26 05:00:00+00:00,147.27,4568.13,540.35,-200.0
2024-08-26 06:00:00+00:00,126.31,4662.33,1402.85,-200.0
2024-08-26 07:00:00+00:00,108.92,4429.25,1935.25,169.7
2024-08-26 08:00:00+00:00,83.07,4314.68,2474.48,200.0
2024-08-26 09:00:00+00:00,86.81,4480.75,2918.38,200.0
2024-08-26 10:00:00+00:00,95.14,4518.03,2510.95,200.0
2024-08-26 11:00:00+00:00,97.78,4565.58,2614.78,200.0
2024-08-26 12:00:00+00:00,100.42,4714.13,2457.08,200.0
2024-08-26 13:00:00+00:00,123.97,4967.43,2003.25,-200.0
2024-08-26 14:00:00+00:00,133.0,5263.13,1418.65,-200.0
2024-08-26 15:00:00+00:00,192.89,5620.08,917.28,-200.0
2024-08-26 16:00:00+00:00,387.99,5847.8,233.78,-200.0
2024-08-26 17:00:00+00:00,469.91,5989.78,28.03,-200.0
2024-08-26 18:00:00+00:00,529.66,6051.25,0.0,-200.0
2024-08-26 19:00:00+00:00,224.37,5680.0,0.0,-200.0
2024-08-26 20:00:00+00:00,140.01,5305.0,0.0,-200.0
2024-08-26 21:00:00+00:00,115.3,5050.98,0.0,-200.0
2024-08-26 22:00:00+00:00,115.15,4497.08,0.0,-200.0
2024-08-26 23:00:00+00:00,109.23,4231.03,0.0,-200.0
2024-08-27 00:00:00+00:00,107.6,4215.08,0.0,-200.0
2024-08-27 01:00:00+00:00,103.84,4196.68,0.0,-200.0
2024-08-27 02:00:00+00:00,100.98,4255.78,0.0,-200.0
2024-08-27 03:00:00+00:00,113.7,4442.93,0.13,-200.0
2024-08-27 04:00:00+00:00,132.89,4801.73,105.33,-200.0
2024-08-27 05:00:00+00:00,144.92,4852.75,391.88,-200.0
2024-08-27 06:00:00+00:00,114.49,4637.23,1133.78,-200.0
2024-08-27 07:00:00+00:00,89.23,4450.83,1685.38,-8.1
2024-08-27 08:00:00+00:00,73.14,4421.88,2271.83,200.0
2024-08-27 09:00:00+00:00,72.53,4594.45,2767.25,200.0
2024-08-27 10:00:00+00:00,86.87,4920.15,2238.93,200.0
2024-08-27 11:00:00+00:00,97.71,4855.53,2174.95,200.0
2024-08-27 12:00:00+00:00,112.62,4645.8,1895.05,-6.7
2024-08-27 13:00:00+00:00,121.11,4876.43,1538.58,-200.0
2024-08-27 14:00:00+00:00,175.06,5298.8,1118.7,-200.0
2024-08-27 15:00:00+00:00,183.21,5652.1,739.95,-200.0
2024-08-27 16:00:00+00:00,393.89,6269.65,234.4,-200.0
2024-08-27 17:00:00+00:00,517.31,6255.63,29.05,-200.0
2024-08-27 18:00:00+00:00,518.86,5864.38,0.0,-200.0
2024-08-27 19:00:00+00:00,187.62,5565.7,0.0,-200.0
2024-08-27 20:00:00+00:00,137.21,5291.4,0.0,-200.0
2024-08-27 21:00:00+00:00,129.14,5089.85,0.0,-200.0
2024-08-27 22:00:00+00:00,133.78,4642.5,0.0,-200.0
2024-08-27 23:00:00+00:00,119.34,4341.98,0.0,-200.0
2024-08-28 00:00:00+00:00,116.81,4284.48,0.0,-200.0
2024-08-28 01:00:00+00:00,112.7,4261.35,0.0,-200.0
2024-08-28 02:00:00+00:00,115.3,4351.88,0.0,-200.0
2024-08-28 03:00:00+00:00,112.86,4514.63,0.1,-200.0
2024-08-28 04:00:00+00:00,124.57,4920.5,142.38,-200.0
2024-08-28 05:00:00+00:00,131.32,5049.28,603.2,-200.0
2024-08-28 06:00:00+00:00,127.36,4908.2,1427.05,-200.0
2024-08-28 07:00:00+00:00,112.05,4792.13,2091.58,-37.4
2024-08-28 08:00:00+00:00,116.26,4790.43,2683.85,200.0
2024-08-28 09:00:00+00:00,113.34,4961.75,3054.85,200.0
2024-08-28 10:00:00+00:00,115.58,5234.98,2523.93,200.0
2024-08-28 11:00:00+00:00,111.36,5190.25,2421.88,200.0
2024-08-28 12:00:00+00:00,124.4,5181.3,2636.55,127.4
2024-08-28 13:00:00+00:00,129.55,5483.58,2206.03,-200.0
2024-08-28 14:00:00+00:00,145.56,5850.2,1586.63,-200.0
2024-08-28 15:00:00+00:00,211.07,6129.8,903.18,-200.0
2024-08-28 16:00:00+00:00,452.2,6193.1,239.3,-200.0
2024-08-28 17:00:00+00:00,610.51,6298.45,29.98,-200.0
2024-08-28 18:00:00+00:00,554.66,6396.93,0.0,-200.0
2024-08-28 19:00:00+00:00,190.7,5957.68,0.0,-200.0
2024-08-28 20:00:00+00:00,155.24,5541.38,0.0,-200.0
2024-08-28 21:00:00+00:00,153.05,5366.88,0.0,-200.0
2024-08-28 22:00:00+00:00,127.24,4898.33,0.0,-200.0
2024-08-28 23:00:00+00:00,114.34,4601.4,0.0,-200.0
2024-08-29 00:00:00+00:00,116.81,4489.65,0.0,-200.0
2024-08-29 01:00:00+00:00,114.62,4433.65,0.0,-200.0
2024-08-29 02:00:00+00:00,115.01,4488.43,0.0,-200.0
2024-08-29 03:00:00+00:00,103.44,4657.45,0.05,-200.0
2024-08-29 04:00:00+00:00,126.76,5108.33,160.0,-200.0
2024-08-29 05:00:00+00:00,134.37,5250.28,630.0,-200.0
2024-08-29 06:00:00+00:00,126.24,5037.9,1452.8,-200.0
2024-08-29 07:00:00+00:00,109.59,4958.63,2155.25,0.8
2024-08-29 08:00:00+00:00,92.29,5038.35,2748.7,200.0
2024-08-29 09:00:00+00:00,86.3,5192.68,3148.75,200.0
2024-08-29 10:00:00+00:00,86.41,5334.35,2828.78,200.0
2024-08-29 11:00:00+00:00,106.73,5302.4,2807.75,200.0
2024-08-29 12:00:00+00:00,105.9,5358.7,2671.1,-15.3
2024-08-29 13:00:00+00:00,95.88,5664.33,2185.68,-200.0
2024-08-29 14:00:00+00:00,136.23,6036.63,1610.38,-200.0
2024-08-29 15:00:00+00:00,222.18,6245.48,981.3,-200.0
2024-08-29 16:00:00+00:00,550.25,6372.9,219.43,-200.0
2024-08-29 17:00:00+00:00,736.22,6397.88,24.98,-200.0
2024-08-29 18:00:00+00:00,599.95,6282.1,0.0,-200.0
2024-08-29 19:00:00+00:00,189.73,5888.35,0.0,-200.0
2024-08-29 20:00:00+00:00,134.82,5529.28,0.0,-200.0
2024-08-29 21:00:00+00:00,127.77,5286.4,0.0,-200.0
2024-08-29 22:00:00+00:00,110.15,4879.03,0.0,-200.0
2024-08-29 23:00:00+00:00,102.2,4561.78,0.0,-200.0
2024-08-30 00:00:00+00:00,96.15,4443.63,0.0,-200.0
2024-08-30 01:00:00+00:00,93.53,4405.63,0.0,-200.0
2024-08-30 02:00:00+00:00,99.1,4474.08,0.0,-200.0
2024-08-30 03:00:00+00:00,116.59,4709.18,0.03,-200.0
2024-08-30 04:00:00+00:00,140.35,4986.68,133.9,-200.0
2024-08-30 05:00:00+00:00,153.32,5147.83,557.7,-200.0
2024-08-30 06:00:00+00:00,133.93,5130.65,1435.03,-200.0
2024-08-30 07:00:00+00:00,113.7,5054.4,2110.8,20.9
2024-08-30 08:00:00+00:00,99.76,5032.48,2735.13,200.0
2024-08-30 09:00:00+00:00,91.11,5169.43,3178.6,200.0
2024-08-30 10:00:00+00:00,94.1,5162.18,2606.03,200.0
2024-08-30 11:00:00+00:00,93.62,5177.63,2645.15,200.0
2024-08-30 12:00:00+00:00,98.57,5349.23,2706.0,99.9
2024-08-30 13:00:00+00:00,114.0,5626.78,2229.1,-200.0
2024-08-30 14:00:00+00:00,124.45,5947.23,1605.68,-200.0
2024-08-30 15:00:00+00:00,153.34,6191.88,960.23,-200.0
2024-08-30 16:00:00+00:00,325.51,6235.08,204.15,-200.0
2024-08-30 17:00:00+00:00,476.44,6270.58,22.83,-200.0
2024-08-30 18:00:00+00:00,252.25,6210.9,0.0,-200.0
2024-08-30 19:00:00+00:00,166.6,5816.18,0.0,-200.0
2024-08-30 20:00:00+00:00,128.99,5469.95,0.0,-200.0
2024-08-30 21:00:00+00:00,112.95,5209.05,0.0,-200.0
2024-08-30 22:00:00+00:00,111.12,4698.78,0.0,-200.0
2024-08-30 23:00:00+00:00,107.99,4374.05,0.0,-200.0
2024-08-31 00:00:00+00:00,102.06,4201.18,0.0,-200.0
2024-08-31 01:00:00+00:00,99.01,4167.5,0.0,-200.0
2024-08-31 02:00:00+00:00,96.65,4158.33,0.0,-200.0
2024-08-31 03:00:00+00:00,98.07,4174.15,0.03,-200.0
2024-08-31 04:00:00+00:00,115.99,4153.5,110.03,-200.0
2024-08-31 05:00:00+00:00,115.96,4168.93,438.65,-200.0
2024-08-31 06:00:00+00:00,110.09,4180.7,1399.4,32.3
2024-08-31 07:00:00+00:00,84.92,4191.73,2091.33,200.0
2024-08-31 08:00:00+00:00,60.13,4205.15,2692.98,200.0
2024-08-31 09:00:00+00:00,18.34,4375.88,3165.45,200.0
2024-08-31 10:00:00+00:00,3.87,4390.95,2538.95,200.0
2024-08-31 11:00:00+00:00,1.04,4339.4,2417.33,200.0
2024-08-31 12:00:00+00:00,32.4,4409.2,2549.95,200.0
2024-08-31 13:00:00+00:00,79.24,4623.65,2164.35,200.0
2024-08-31 14:00:00+00:00,113.2,4873.78,1585.4,-200.0
2024-08-31 15:00:00+00:00,120.16,5157.83,887.7,-200.0
2024-08-31 16:00:00+00:00,150.6,5412.1,179.63,-200.0
2024-08-31 17:00:00+00:00,224.19,5591.95,15.93,-200.0
2024-08-31 18:00:00+00:00,198.42,5622.55,0.0,-200.0
2024-08-31 19:00:00+00:00,161.51,5242.4,0.0,-200.0
2024-08-31 20:00:00+00:00,135.0,4917.05,0.0,-200.0
2024-08-31 21:00:00+00:00,116.21,4657.48,0.0,-200.0
2024-08-31 22:00:00+00:00,96.37,4263.95,0.0,-200.0
2024-08-31 23:00:00+00:00,86.03,4023.65,0.0,-200.0
2024-09-01 00:00:00+00:00,80.37,3973.68,0.0,-200.0
2024-09-01 01:00:00+00:00,80.15,3933.4,0.0,-200.0
2024-09-01 02:00:00+00:00,80.6,3917.55,0.0,-200.0
2024-09-01 03:00:00+00:00,82.57,3835.55,0.0,-200.0
2024-09-01 04:00:00+00:00,82.91,3719.55,131.48,-200.0
2024-09-01 05:00:00+00:00,80.63,3760.88,527.88,-200.0
2024-09-01 06:00:00+00:00,63.1,3933.13,1425.83,-23.0
2024-09-01 07:00:00+00:00,41.27,3978.28,2117.3,200.0
2024-09-01 08:00:00+00:00,12.73,4015.78,2752.13,200.0
2024-09-01 09:00:00+00:00,8.54,4199.6,3220.23,200.0
2024-09-01 10:00:00+00:00,8.72,4198.45,2788.28,200.0
2024-09-01 11:00:00+00:00,7.5,4102.05,2784.75,200.0
2024-09-01 12:00:00+00:00,13.58,4180.05,2746.53,200.0
2024-09-01 13:00:00+00:00,68.07,4430.88,2223.18,200.0
2024-09-01 14:00:00+00:00,93.0,4812.98,1571.75,-200.0
2024-09-01 15:00:00+00:00,125.48,5164.0,849.35,-200.0
2024-09-01 16:00:00+00:00,197.41,5503.65,242.35,-200.0
2024-09-01 17:00:00+00:00,218.71,5690.65,22.1,-200.0
2024-09-01 18:00:00+00:00,222.46,5669.15,0.0,-200.0
2024-09-01 19:00:00+00:00,188.33,5304.8,0.0,-200.0
2024-09-01 20:00:00+00:00,146.23,4918.28,0.0,-200.0
2024-09-01 21:00:00+00:00,131.54,4629.28,0.0,-200.0
2024-09-01 22:00:00+00:00,108.77,4208.55,0.0,-200.0
2024-09-01 23:00:00+00:00,98.94,3988.0,0.0,-200.0
2024-09-02 00:00:00+00:00,94.31,3970.2,0.0,-200.0
2024-09-02 01:00:00+00:00,94.03,3955.28,0.0,-200.0
2024-09-02 02:00:00+00:00,97.84,4037.43,0.0,-200.0
2024-09-02 03:00:00+00:00,111.49,4283.1,0.0,-200.0
2024-09-02 04:00:00+00:00,167.05,4665.63,137.43,-200.0
2024-09-02 05:00:00+00:00,198.79,4875.58,604.13,-200.0
2024-09-02 06:00:00+00:00,165.21,4921.45,1381.73,-200.0
2024-09-02 07:00:00+00:00,122.64,4885.68,1992.33,-151.6
2024-09-02 08:00:00+00:00,102.83,4865.48,2596.93,200.0
2024-09-02 09:00:00+00:00,93.14,5051.58,3067.85,200.0
2024-09-02 10:00:00+00:00,93.41,5148.55,2644.95,200.0
2024-09-02 11:00:00+00:00,98.07,5164.65,2530.58,200.0
2024-09-02 12:00:00+00:00,105.68,5271.75,2688.73,144.0
2024-09-02 13:00:00+00:00,157.61,5565.7,2191.5,-200.0
2024-09-02 14:00:00+00:00,202.37,5892.8,1595.25,-200.0
2024-09-02 15:00:00+00:00,342.53,6193.25,895.23,-200.0
2024-09-02 16:00:00+00:00,677.75,6407.08,207.1,-200.0
2024-09-02 17:00:00+00:00,823.8,6453.38,14.93,-200.0
2024-09-02 18:00:00+00:00,760.22,6298.63,0.0,-200.0
2024-09-02 19:00:00+00:00,254.78,5879.9,0.0,-200.0
2024-09-02 20:00:00+00:00,204.6,5501.23,0.0,-200.0
2024-09-02 21:00:00+00:00,147.19,5224.13,0.0,-200.0
2024-09-02 22:00:00+00:00,107.47,4699.45,0.0,-200.0
2024-09-02 23:00:00+00:00,103.21,4408.95,0.0,-200.0
2024-09-03 00:00:00+00:00,96.03,4287.48,0.0,-200.0
2024-09-03 01:00:00+00:00,95.67,4256.33,0.0,-200.0
2024-09-03 02:00:00+00:00,97.69,4331.58,0.0,-200.0
2024-09-03 03:00:00+00:00,107.31,4539.23,0.0,-200.0
2024-09-03 04:00:00+00:00,139.61,5026.15,120.33,-200.0
2024-09-03 05:00:00+00:00,160.32,5087.15,509.4,-200.0
2024-09-03 06:00:00+00:00,133.95,5037.8,1320.08,-200.0
2024-09-03 07:00:00+00:00,115.98,4979.85,2018.1,-146.7
2024-09-03 08:00:00+00:00,98.88,4945.03,2621.88,200.0
2024-09-03 09:00:00+00:00,90.02,5128.0,3062.78,200.0
2024-09-03 10:00:00+00:00,87.07,5098.3,2692.83,200.0
2024-09-03 11:00:00+00:00,87.13,5170.93,2610.55,200.0
2024-09-03 12:00:00+00:00,90.31,5374.6,2595.3,119.5
2024-09-03 13:00:00+00:00,96.68,5667.85,2219.38,-200.0
2024-09-03 14:00:00+00:00,162.29,5972.98,1631.15,-200.0
2024-09-03 15:00:00+00:00,445.37,6269.3,922.08,-200.0
2024-09-03 16:00:00+00:00,867.51,6480.93,208.75,-200.0
2024-09-03 17:00:00+00:00,999.0,6538.58,15.43,-200.0
2024-09-03 18:00:00+00:00,974.8,6426.08,0.0,-200.0
2024-09-03 19:00:00+00:00,340.46,5984.93,0.0,-200.0
2024-09-03 20:00:00+00:00,154.55,5594.45,0.0,-200.0
2024-09-03 21:00:00+00:00,132.74,5327.95,0.0,-200.0
2024-09-03 22:00:00+00:00,114.21,4839.75,0.0,-200.0
2024-09-03 23:00:00+00:00,102.72,4535.35,0.0,-200.0
2024-09-04 00:00:00+00:00,102.54,4416.25,0.0,-200.0
2024-09-04 01:00:00+00:00,100.26,4408.83,0.0,-200.0
2024-09-04 02:00:00+00:00,100.6,4515.65,0.0,-200.0
2024-09-04 03:00:00+00:00,109.69,4774.53,0.0,-200.0
2024-09-04 04:00:00+00:00,148.54,5097.88,97.95,-200.0
2024-09-04 05:00:00+00:00,178.41,5140.85,436.53,-200.0
2024-09-04 06:00:00+00:00,152.28,5070.25,1169.38,-200.0
2024-09-04 07:00:00+00:00,124.84,4964.28,1891.0,-200.0
2024-09-04 08:00:00+00:00,107.21,4921.1,2400.85,200.0
2024-09-04 09:00:00+00:00,91.99,5035.58,2964.68,200.0
2024-09-04 10:00:00+00:00,92.39,5023.48,2381.85,200.0
2024-09-04 11:00:00+00:00,89.91,5072.98,2287.73,200.0
2024-09-04 12:00:00+00:00,100.82,5338.9,2652.8,125.4
2024-09-04 13:00:00+00:00,99.31,5611.78,2080.6,-72.5
2024-09-04 14:00:00+00:00,146.09,5945.05,1514.28,-200.0
2024-09-04 15:00:00+00:00,182.93,6252.53,867.88,-200.0
2024-09-04 16:00:00+00:00,637.96,6487.03,184.53,-200.0
2024-09-04 17:00:00+00:00,903.41,6555.33,12.0,-200.0
2024-09-04 18:00:00+00:00,522.31,6401.05,0.0,-200.0
2024-09-04 19:00:00+00:00,224.84,6011.55,0.0,-200.0
2024-09-04 20:00:00+00:00,160.44,5645.65,0.0,-200.0
2024-09-04 21:00:00+00:00,132.8,5338.78,0.0,-200.0
2024-09-04 22:00:00+00:00,101.27,4847.5,0.0,-200.0
2024-09-04 23:00:00+00:00,94.6,4540.05,0.0,-200.0
2024-09-05 00:00:00+00:00,90.0,4534.98,0.0,-200.0
2024-09-05 01:00:00+00:00,87.11,4510.1,0.0,-200.0
2024-09-05 02:00:00+00:00,88.39,4587.3,0.0,-200.0
2024-09-05 03:00:00+00:00,96.12,4808.68,0.0,-200.0
2024-09-05 04:00:00+00:00,128.69,5022.6,118.18,-200.0
2024-09-05 05:00:00+00:00,135.95,5120.6,581.65,-200.0
2024-09-05 06:00:00+00:00,119.04,4999.55,1436.03,-200.0
2024-09-05 07:00:00+00:00,97.68,4856.0,2173.1,-159.2
2024-09-05 08:00:00+00:00,71.6,4805.7,2728.3,200.0
2024-09-05 09:00:00+00:00,79.79,4955.68,3313.85,200.0
2024-09-05 10:00:00+00:00,78.79,5031.08,2746.75,200.0
2024-09-05 11:00:00+00:00,82.76,5066.68,2905.78,200.0
2024-09-05 12:00:00+00:00,90.53,5212.93,2878.25,200.0
2024-09-05 13:00:00+00:00,94.62,5517.33,2362.98,156.5
2024-09-05 14:00:00+00:00,106.16,5863.83,1712.33,-200.0
2024-09-05 15:00:00+00:00,150.07,6158.7,933.4,-200.0
2024-09-05 16:00:00+00:00,275.02,6328.03,229.78,-200.0
2024-09-05 17:00:00+00:00,565.5,6403.05,15.63,-200.0
2024-09-05 18:00:00+00:00,302.43,6294.78,0.0,-200.0
2024-09-05 19:00:00+00:00,160.88,5822.38,0.0,-200.0
2024-09-05 20:00:00+00:00,140.05,5451.35,0.0,-200.0
2024-09-05 21:00:00+00:00,127.61,5229.7,0.0,-200.0
2024-09-05 22:00:00+00:00,106.97,4775.43,0.0,-200.0
2024-09-05 23:00:00+00:00,91.26,4461.18,0.0,-200.0
2024-09-06 00:00:00+00:00,89.54,4439.45,0.0,-200.0
2024-09-06 01:00:00+00:00,88.57,4414.85,0.0,-200.0
2024-09-06 02:00:00+00:00,94.48,4467.85,0.0,-200.0
2024-09-06 03:00:00+00:00,100.93,4668.9,0.0,-200.0
2024-09-06 04:00:00+00:00,129.97,4963.2,81.18,-200.0
2024-09-06 05:00:00+00:00,134.73,5046.28,382.3,-200.0
2024-09-06 06:00:00+00:00,124.84,5002.5,934.95,-200.0
2024-09-06 07:00:00+00:00,104.71,4865.5,1424.8,-200.0
2024-09-06 08:00:00+00:00,89.77,4732.6,1814.33,-196.7
2024-09-06 09:00:00+00:00,86.83,4785.25,1952.08,-200.0
2024-09-06 10:00:00+00:00,83.0,4771.95,1849.48,-135.8
2024-09-06 11:00:00+00:00,78.87,4802.03,1782.18,71.8
2024-09-06 12:00:00+00:00,94.03,5179.85,1876.05,-52.6
2024-09-06 13:00:00+00:00,111.48,5448.83,1585.98,-200.0
2024-09-06 14:00:00+00:00,125.07,5727.55,1129.63,-200.0
2024-09-06 15:00:00+00:00,164.47,5992.75,637.15,-200.0
2024-09-06 16:00:00+00:00,189.28,6043.15,154.98,-200.0
2024-09-06 17:00:00+00:00,478.09,6134.23,6.48,-200.0
2024-09-06 18:00:00+00:00,195.17,6012.4,0.0,-200.0
2024-09-06 19:00:00+00:00,157.39,5590.53,0.0,-200.0
2024-09-06 20:00:00+00:00,123.32,5252.1,0.0,-200.0
2024-09-06 21:00:00+00:00,93.2,5130.9,0.0,-200.0
2024-09-06 22:00:00+00:00,110.87,4626.55,0.0,-200.0
2024-09-06 23:00:00+00:00,96.62,4363.93,0.0,-200.0
2024-09-07 00:00:00+00:00,95.05,4346.65,0.0,-200.0
2024-09-07 01:00:00+00:00,95.09,4265.45,0.0,-200.0
2024-09-07 02:00:00+00:00,98.64,4262.15,0.0,-200.0
2024-09-07 03:00:00+00:00,100.21,4246.4,0.0,-200.0
2024-09-07 04:00:00+00:00,103.18,3961.58,93.5,-200.0
2024-09-07 05:00:00+00:00,103.99,4066.35,495.1,-200.0
2024-09-07 06:00:00+00:00,95.15,4206.9,1145.05,-200.0
2024-09-07 07:00:00+00:00,84.76,4226.85,1846.78,-85.6
2024-09-07 08:00:00+00:00,51.52,4236.43,2412.5,200.0
2024-09-07 09:00:00+00:00,19.11,4365.05,2795.5,200.0
2024-09-07 10:00:00+00:00,5.48,4354.03,2645.33,200.0
2024-09-07 11:00:00+00:00,1.02,4356.5,2612.55,200.0
2024-09-07 12:00:00+00:00,0.44,4579.15,2460.75,200.0
2024-09-07 13:00:00+00:00,19.43,4764.65,1836.78,-200.0
2024-09-07 14:00:00+00:00,81.45,5040.8,1277.25,-200.0
2024-09-07 15:00:00+00:00,118.29,5314.1,705.85,-200.0
2024-09-07 16:00:00+00:00,157.48,5657.15,145.38,-200.0
2024-09-07 17:00:00+00:00,181.18,5802.43,6.28,-200.0
2024-09-07 18:00:00+00:00,182.26,5769.05,0.0,-200.0
2024-09-07 19:00:00+00:00,151.67,5394.78,0.0,-200.0
2024-09-07 20:00:00+00:00,123.09,5018.05,0.0,-200.0
2024-09-07 21:00:00+00:00,93.36,4694.0,0.0,-200.0
2024-09-07 22:00:00+00:00,93.75,4301.13,0.0,-1500.0
2024-09-07 23:00:00+00:00,85.96,4050.1,0.0,-1500.0
2024-09-08 00:00:00+00:00,82.44,4005.33,0.0,-1500.0
2024-09-08 01:00:00+00:00,79.59,3913.7,0.0,-1500.0
2024-09-08 02:00:00+00:00,80.25,3911.08,0.0,-1500.0
2024-09-08 03:00:00+00:00,80.82,3926.2,0.0,-1500.0
2024-09-08 04:00:00+00:00,80.9,3818.28,84.85,-1500.0
2024-09-08 05:00:00+00:00,80.57,3872.9,411.05,-1316.6
2024-09-08 06:00:00+00:00,74.01,4007.3,1360.88,-480.2
2024-09-08 07:00:00+00:00,39.27,4062.05,2048.45,275.4
2024-09-08 08:00:00+00:00,8.29,4099.63,2531.35,724.8
2024-09-08 09:00:00+00:00,0.44,4241.28,2511.8,779.3
2024-09-08 10:00:00+00:00,0.04,4275.15,2138.23,712.7
2024-09-08 11:00:00+00:00,0.01,4174.88,2226.65,493.3
2024-09-08 12:00:00+00:00,0.92,4349.7,2347.33,223.4
2024-09-08 13:00:00+00:00,7.52,4595.53,1858.7,-501.0
2024-09-08 14:00:00+00:00,62.49,4966.73,1290.55,-1458.4
2024-09-08 15:00:00+00:00,112.19,5286.28,700.68,-1500.0
2024-09-08 16:00:00+00:00,124.5,5632.23,128.13,-1500.0
2024-09-08 17:00:00+00:00,153.29,5878.2,3.0,-1500.0
2024-09-08 18:00:00+00:00,140.64,5838.33,0.0,-1500.0
2024-09-08 19:00:00+00:00,124.81,5401.1,0.0,-1500.0
2024-09-08 20:00:00+00:00,105.26,5021.98,0.0,-1500.0
2024-09-08 21:00:00+00:00,96.42,4718.68,0.0,-1500.0
2024-09-08 22:00:00+00:00,84.31,4225.0,0.0,-1500.0
2024-09-08 23:00:00+00:00,82.8,4046.08,0.0,-1500.0
2024-09-09 00:00:00+00:00,81.65,4020.08,0.0,-1500.0
2024-09-09 01:00:00+00:00,76.47,4017.28,0.0,-1500.0
2024-09-09 02:00:00+00:00,80.54,4137.78,0.0,-1500.0
2024-09-09 03:00:00+00:00,84.07,4468.88,0.0,-1500.0
2024-09-09 04:00:00+00:00,119.99,4929.35,29.4,-1300.0
2024-09-09 05:00:00+00:00,139.27,5038.45,141.13,-1300.0
2024-09-09 06:00:00+00:00,155.33,5003.0,410.35,-1300.0
2024-09-09 07:00:00+00:00,131.55,4812.2,518.63,-1300.0
2024-09-09 08:00:00+00:00,118.03,4588.7,574.6,-1037.0
2024-09-09 09:00:00+00:00,113.93,4573.48,645.13,-832.9
2024-09-09 10:00:00+00:00,111.85,4647.05,798.85,-743.9
2024-09-09 11:00:00+00:00,112.09,4560.1,724.33,-1191.8
2024-09-09 12:00:00+00:00,113.58,4602.28,448.85,-1300.0
2024-09-09 13:00:00+00:00,121.73,4894.1,404.0,-1300.0
2024-09-09 14:00:00+00:00,174.27,5130.25,251.48,-1300.0
2024-09-09 15:00:00+00:00,230.89,5284.68,121.78,-1300.0
2024-09-09 16:00:00+00:00,251.01,5531.05,31.8,-1300.0
2024-09-09 17:00:00+00:00,390.37,5681.65,1.05,-1300.0
2024-09-09 18:00:00+00:00,289.15,5657.38,0.0,-1300.0
2024-09-09 19:00:00+00:00,148.92,5235.25,0.0,-1300.0
2024-09-09 20:00:00+00:00,114.81,4908.9,0.0,-1300.0
2024-09-09 21:00:00+00:00,92.24,4708.93,0.0,-1300.0
2024-09-09 22:00:00+00:00,68.78,4323.6,0.0,-1471.4
2024-09-09 23:00:00+00:00,61.17,4105.15,0.0,-1471.4
2024-09-10 00:00:00+00:00,62.24,4069.45,0.0,-1471.4
2024-09-10 01:00:00+00:00,59.66,4052.18,0.0,-1471.4
2024-09-10 02:00:00+00:00,65.45,4140.35,0.0,-1471.4
2024-09-10 03:00:00+00:00,82.83,4410.88,0.0,-1471.4
2024-09-10 04:00:00+00:00,116.13,4820.53,30.08,-1300.0
2024-09-10 05:00:00+00:00,141.08,5027.78,247.38,-1300.0
2024-09-10 06:00:00+00:00,133.37,4882.73,531.4,-1300.0
2024-09-10 07:00:00+00:00,108.85,4742.13,909.78,-722.2
2024-09-10 08:00:00+00:00,85.73,4611.78,1272.93,-405.2
2024-09-10 09:00:00+00:00,86.24,4808.78,1883.5,-351.0
2024-09-10 10:00:00+00:00,81.45,5202.7,2001.9,-474.3
2024-09-10 11:00:00+00:00,76.72,5001.65,1897.58,-672.6
2024-09-10 12:00:00+00:00,83.41,4764.13,1592.88,-1223.4
2024-09-10 13:00:00+00:00,80.56,4994.38,1337.1,-1300.0
2024-09-10 14:00:00+00:00,134.58,5312.13,936.68,-1300.0
2024-09-10 15:00:00+00:00,150.35,5482.85,462.38,-1300.0
2024-09-10 16:00:00+00:00,180.17,5639.25,122.03,-1300.0
2024-09-10 17:00:00+00:00,499.63,5780.8,3.1,-1300.0
2024-09-10 18:00:00+00:00,182.18,5706.05,0.0,-1300.0
2024-09-10 19:00:00+00:00,161.99,5237.9,0.0,-1300.0
2024-09-10 20:00:00+00:00,108.95,4927.65,0.0,-1300.0
2024-09-10 21:00:00+00:00,77.41,4750.75,0.0,-1300.0
2024-09-10 22:00:00+00:00,42.47,4326.73,0.0,-1442.9
2024-09-10 23:00:00+00:00,40.98,4051.65,0.0,-1341.6
2024-09-11 00:00:00+00:00,33.25,3974.8,0.0,-1322.3
2024-09-11 01:00:00+00:00,34.21,3944.9,0.0,-1268.3
2024-09-11 02:00:00+00:00,40.63,4059.95,0.0,-1441.1
2024-09-11 03:00:00+00:00,65.51,4456.5,0.0,-1442.9
2024-09-11 04:00:00+00:00,141.01,4988.25,68.43,-1300.0
2024-09-11 05:00:00+00:00,174.03,5138.05,410.18,-1300.0
2024-09-11 06:00:00+00:00,118.72,5076.68,1121.9,-1300.0
2024-09-11 07:00:00+00:00,99.33,5183.48,1736.25,-1300.0
2024-09-11 08:00:00+00:00,78.56,5158.3,2274.45,-1300.0
2024-09-11 09:00:00+00:00,70.58,5334.2,2558.05,-1295.2
2024-09-11 10:00:00+00:00,65.7,5067.55,2261.78,-1280.0
2024-09-11 11:00:00+00:00,67.67,5065.23,2238.63,-1300.0
2024-09-11 12:00:00+00:00,78.23,5387.18,2160.18,-1300.0
2024-09-11 13:00:00+00:00,81.51,5502.9,1845.45,-1300.0
2024-09-11 14:00:00+00:00,116.96,5546.65,1338.28,-1300.0
2024-09-11 15:00:00+00:00,179.06,5615.93,638.68,-1300.0
2024-09-11 16:00:00+00:00,232.79,5578.2,169.53,-1300.0
2024-09-11 17:00:00+00:00,593.01,5796.9,3.73,-1300.0
2024-09-11 18:00:00+00:00,264.8,5572.45,0.0,-1300.0
2024-09-11 19:00:00+00:00,180.07,5156.55,0.0,-1300.0
2024-09-11 20:00:00+00:00,116.11,4922.2,0.0,-1300.0
2024-09-11 21:00:00+00:00,106.76,4809.93,0.0,-1300.0
2024-09-11 22:00:00+00:00,96.52,4498.03,0.0,-752.9
2024-09-11 23:00:00+00:00,87.6,4239.7,0.0,-570.4
2024-09-12 00:00:00+00:00,85.38,4107.68,0.0,-402.9
2024-09-12 01:00:00+00:00,82.92,4096.7,0.0,-293.6
2024-09-12 02:00:00+00:00,84.86,4202.23,0.0,-502.5
2024-09-12 03:00:00+00:00,102.93,4524.75,0.0,-905.3
2024-09-12 04:00:00+00:00,159.69,5067.35,67.6,-1300.0
2024-09-12 05:00:00+00:00,144.89,5219.43,388.88,-1300.0
2024-09-12 06:00:00+00:00,139.11,5161.45,1033.43,-811.2
2024-09-12 07:00:00+00:00,104.96,5132.65,1652.95,-95.0
2024-09-12 08:00:00+00:00,87.21,4964.75,2080.73,336.0
2024-09-12 09:00:00+00:00,87.27,5039.7,2196.1,737.0
2024-09-12 10:00:00+00:00,87.78,4732.25,1857.78,741.4
2024-09-12 11:00:00+00:00,87.83,4722.83,1736.4,803.9
2024-09-12 12:00:00+00:00,88.82,5065.48,1778.4,465.8
2024-09-12 13:00:00+00:00,97.04,5180.18,1380.08,11.4
2024-09-12 14:00:00+00:00,206.42,5220.43,870.03,-1300.0
2024-09-12 15:00:00+00:00,175.15,5311.98,379.4,-1300.0
2024-09-12 16:00:00+00:00,238.86,5413.35,69.6,-1300.0
2024-09-12 17:00:00+00:00,667.75,5653.7,0.25,-1300.0
2024-09-12 18:00:00+00:00,237.2,5573.08,0.0,-1300.0
2024-09-12 19:00:00+00:00,123.79,5252.6,0.0,-1300.0
2024-09-12 20:00:00+00:00,105.52,4971.33,0.0,-1300.0
2024-09-12 21:00:00+00:00,96.3,4810.48,0.0,-1289.8
2024-09-12 22:00:00+00:00,98.17,4536.43,0.0,-485.7
2024-09-12 23:00:00+00:00,89.37,4278.08,0.0,-485.7
2024-09-13 00:00:00+00:00,84.11,4137.38,0.0,-485.7
2024-09-13 01:00:00+00:00,80.93,4112.4,0.0,-485.7
2024-09-13 02:00:00+00:00,78.53,4197.93,0.0,-485.7
2024-09-13 03:00:00+00:00,90.01,4509.55,0.0,-485.7
2024-09-13 04:00:00+00:00,129.33,4918.58,31.13,-400.0
2024-09-13 05:00:00+00:00,138.52,5033.93,148.38,-400.0
2024-09-13 06:00:00+00:00,134.64,5083.63,350.48,-400.0
2024-09-13 07:00:00+00:00,116.21,4768.7,554.5,-400.0
2024-09-13 08:00:00+00:00,103.77,4489.95,557.55,-400.0
2024-09-13 09:00:00+00:00,137.22,4521.65,381.03,-400.0
2024-09-13 10:00:00+00:00,90.0,4491.15,392.48,-400.0
2024-09-13 11:00:00+00:00,128.82,4343.78,449.45,-400.0
2024-09-13 12:00:00+00:00,141.53,4250.3,275.9,-400.0
2024-09-13 13:00:00+00:00,135.88,4389.55,247.75,-400.0
2024-09-13 14:00:00+00:00,89.18,4672.23,198.5,-400.0
2024-09-13 15:00:00+00:00,185.03,4925.13,136.1,-400.0
2024-09-13 16:00:00+00:00,102.56,5138.88,44.45,-400.0
2024-09-13 17:00:00+00:00,103.55,5399.13,0.1,-400.0
2024-09-13 18:00:00+00:00,94.96,5351.68,0.0,-400.0
2024-09-13 19:00:00+00:00,85.02,5074.2,0.0,-400.0
2024-09-13 20:00:00+00:00,79.8,4846.95,0.0,-400.0
2024-09-13 21:00:00+00:00,62.03,4739.68,0.0,-400.0
2024-09-13 22:00:00+00:00,58.6,4334.73,0.0,-457.1
2024-09-13 23:00:00+00:00,52.45,4090.38,0.0,-457.1
2024-09-14 00:00:00+00:00,45.28,4053.18,0.0,-457.1
2024-09-14 01:00:00+00:00,47.52,4026.8,0.0,-457.1
2024-09-14 02:00:00+00:00,49.07,4024.08,0.0,-457.1
2024-09-14 03:00:00+00:00,46.18,4060.25,0.0,-457.1
2024-09-14 04:00:00+00:00,56.69,4017.13,26.58,-1300.0
2024-09-14 05:00:00+00:00,68.38,4122.55,155.13,-1300.0
2024-09-14 06:00:00+00:00,77.49,4078.55,374.25,-1184.6
2024-09-14 07:00:00+00:00,67.8,4007.15,562.45,-768.0
2024-09-14 08:00:00+00:00,41.44,3916.58,664.65,-506.2
2024-09-14 09:00:00+00:00,12.63,3947.78,651.08,-486.7
2024-09-14 10:00:00+00:00,12.66,3882.9,718.13,-487.4
2024-09-14 11:00:00+00:00,12.53,3821.5,596.33,-380.6
2024-09-14 12:00:00+00:00,12.4,3911.63,350.15,-347.6
2024-09-14 13:00:00+00:00,24.27,4124.63,239.73,-797.0
2024-09-14 14:00:00+00:00,64.05,4417.83,152.55,-1300.0
2024-09-14 15:00:00+00:00,99.44,4684.73,68.25,-1300.0
2024-09-14 16:00:00+00:00,107.92,4992.4,13.65,-1300.0
2024-09-14 17:00:00+00:00,125.59,5237.88,0.0,-1300.0
2024-09-14 18:00:00+00:00,134.31,5187.4,0.0,-1300.0
2024-09-14 19:00:00+00:00,102.97,4781.5,0.0,-1300.0
2024-09-14 20:00:00+00:00,99.65,4480.48,0.0,-1300.0
2024-09-14 21:00:00+00:00,84.63,4254.08,0.0,-1300.0
2024-09-14 22:00:00+00:00,76.56,3846.68,0.0,-1300.0
2024-09-14 23:00:00+00:00,68.48,3648.6,0.0,-1248.9
2024-09-15 00:00:00+00:00,63.83,3612.48,0.0,-1236.5
2024-09-15 01:00:00+00:00,63.58,3578.55,0.0,-1233.4
2024-09-15 02:00:00+00:00,60.38,3600.5,0.0,-1217.1
2024-09-15 03:00:00+00:00,62.62,3693.33,0.0,-1252.8
2024-09-15 04:00:00+00:00,65.96,3650.48,5.15,-1300.0
2024-09-15 05:00:00+00:00,80.78,3738.53,40.5,-1249.9
2024-09-15 06:00:00+00:00,72.62,3755.13,240.2,-1167.4
2024-09-15 07:00:00+00:00,50.2,3776.15,430.53,-1003.9
2024-09-15 08:00:00+00:00,10.92,3762.58,619.83,-909.9
2024-09-15 09:00:00+00:00,0.07,3844.55,354.63,-923.5
2024-09-15 10:00:00+00:00,0.0,3759.8,408.48,-912.4
2024-09-15 11:00:00+00:00,0.0,3685.23,479.78,-885.9
2024-09-15 12:00:00+00:00,-0.1,3785.38,498.58,-989.3
2024-09-15 13:00:00+00:00,1.75,4024.88,434.0,-1168.1
2024-09-15 14:00:00+00:00,20.84,4403.98,333.5,-1300.0
2024-09-15 15:00:00+00:00,95.65,4762.63,180.33,-1300.0
2024-09-15 16:00:00+00:00,106.77,5104.68,25.93,-1300.0
2024-09-15 17:00:00+00:00,138.68,5421.7,0.0,-1300.0
2024-09-15 18:00:00+00:00,118.1,5219.13,0.0,-1300.0
2024-09-15 19:00:00+00:00,108.46,4822.5,0.0,-1300.0
2024-09-15 20:00:00+00:00,103.59,4519.63,0.0,-1300.0
2024-09-15 21:00:00+00:00,89.51,4314.03,0.0,-1300.0
2024-09-15 22:00:00+00:00,86.76,3946.55,0.0,-874.9
2024-09-15 23:00:00+00:00,81.2,3779.3,0.0,-717.4
2024-09-16 00:00:00+00:00,80.87,3698.83,0.0,-647.3
2024-09-16 01:00:00+00:00,77.92,3724.88,0.0,-667.5
2024-09-16 02:00:00+00:00,77.27,3875.33,0.0,-872.5
2024-09-16 03:00:00+00:00,81.99,4255.55,0.0,-1257.3
2024-09-16 04:00:00+00:00,115.75,4916.33,14.0,-1300.0
2024-09-16 05:00:00+00:00,133.13,5156.8,97.35,-1300.0
2024-09-16 06:00:00+00:00,143.12,5195.48,258.65,-1300.0
2024-09-16 07:00:00+00:00,122.23,5227.95,430.83,-1087.3
2024-09-16 08:00:00+00:00,110.37,5200.03,549.95,-1147.7
2024-09-16 09:00:00+00:00,104.52,5376.0,517.8,-1255.4
2024-09-16 10:00:00+00:00,97.56,5439.78,565.85,-1180.8
2024-09-16 11:00:00+00:00,93.14,5256.33,783.18,-1204.4
2024-09-16 12:00:00+00:00,87.38,5213.58,687.53,-1253.6
2024-09-16 13:00:00+00:00,96.17,5278.75,570.93,-1232.6
2024-09-16 14:00:00+00:00,115.07,5349.65,460.93,-1300.0
2024-09-16 15:00:00+00:00,174.4,5455.63,258.45,-1300.0
2024-09-16 16:00:00+00:00,183.98,5589.43,55.13,-1300.0
2024-09-16 17:00:00+00:00,324.93,5773.25,0.0,-1300.0
2024-09-16 18:00:00+00:00,201.58,5567.98,0.0,-1300.0
2024-09-16 19:00:00+00:00,124.51,5240.63,0.0,-1300.0
2024-09-16 20:00:00+00:00,105.75,4981.88,0.0,-1300.0
2024-09-16 21:00:00+00:00,98.18,4847.65,0.0,-1300.0
2024-09-16 22:00:00+00:00,91.72,4434.0,0.0,-1300.0
2024-09-16 23:00:00+00:00,87.46,4185.63,0.0,-1300.0
2024-09-17 00:00:00+00:00,85.76,4068.95,0.0,-1300.0
2024-09-17 01:00:00+00:00,83.11,4072.88,0.0,-1300.0
2024-09-17 02:00:00+00:00,83.03,4182.93,0.0,-1300.0
2024-09-17 03:00:00+00:00,100.96,4515.03,0.0,-1300.0
2024-09-17 04:00:00+00:00,162.83,5163.28,54.85,-2382.4
2024-09-17 05:00:00+00:00,174.05,5338.2,424.18,-2380.0
2024-09-17 06:00:00+00:00,145.44,5300.2,1039.65,-1637.6
2024-09-17 07:00:00+00:00,113.03,5293.08,1745.18,-477.9
2024-09-17 08:00:00+00:00,103.28,5310.6,2216.03,75.0
2024-09-17 09:00:00+00:00,90.33,5409.63,2422.35,340.3
2024-09-17 10:00:00+00:00,77.75,5568.68,2192.93,535.1
2024-09-17 11:00:00+00:00,73.23,5312.33,2215.9,619.6
2024-09-17 12:00:00+00:00,80.38,5197.23,2400.93,158.6
2024-09-17 13:00:00+00:00,87.31,5260.18,1857.78,-1180.1
2024-09-17 14:00:00+00:00,106.26,5335.1,1291.83,-1791.6
2024-09-17 15:00:00+00:00,161.18,5472.85,582.48,-2423.4
2024-09-17 16:00:00+00:00,222.12,5699.33,98.95,-2119.5
2024-09-17 17:00:00+00:00,400.08,5796.68,0.0,-2341.2
2024-09-17 18:00:00+00:00,187.08,5581.58,0.0,-2141.1
2024-09-17 19:00:00+00:00,156.41,5234.18,0.0,-2333.5
2024-09-17 20:00:00+00:00,104.38,4981.28,0.0,-1957.5
2024-09-17 21:00:00+00:00,101.14,4832.15,0.0,-1793.4
2024-09-17 22:00:00+00:00,93.04,4439.98,0.0,-2116.6
2024-09-17 23:00:00+00:00,82.01,4150.58,0.0,-1844.4
2024-09-18 00:00:00+00:00,85.4,4005.75,0.0,-1658.7
2024-09-18 01:00:00+00:00,86.02,3995.65,0.0,-1602.5
2024-09-18 02:00:00+00:00,85.09,4126.8,0.0,-1721.3
2024-09-18 03:00:00+00:00,101.75,4469.15,0.0,-1988.6
2024-09-18 04:00:00+00:00,120.06,5154.9,49.6,-2667.8
2024-09-18 05:00:00+00:00,145.4,5424.18,409.95,-2397.7
2024-09-18 06:00:00+00:00,129.74,5468.65,887.6,-1437.4
2024-09-18 07:00:00+00:00,103.89,5469.65,1433.45,-487.4
2024-09-18 08:00:00+00:00,79.45,5318.48,1967.1,841.1
2024-09-18 09:00:00+00:00,57.91,5428.9,2295.2,472.2
2024-09-18 10:00:00+00:00,5.49,4805.13,2440.53,378.5
2024-09-18 11:00:00+00:00,0.02,5163.6,2483.35,530.7
2024-09-18 12:00:00+00:00,0.82,5272.95,2261.63,1351.7
2024-09-18 13:00:00+00:00,31.96,5337.63,1665.45,592.9
2024-09-18 14:00:00+00:00,100.43,5375.75,1072.03,-1220.3
2024-09-18 15:00:00+00:00,169.57,5520.9,525.15,-2169.6
2024-09-18 16:00:00+00:00,127.71,5609.25,79.03,-2820.6
2024-09-18 17:00:00+00:00,282.03,5891.15,0.0,-3947.5
2024-09-18 18:00:00+00:00,177.58,5686.4,0.0,-3082.7
2024-09-18 19:00:00+00:00,112.27,5301.68,0.0,-2884.1
2024-09-18 20:00:00+00:00,104.34,5011.45,0.0,-2613.1
2024-09-18 21:00:00+00:00,97.36,4850.95,0.0,-2550.7
2024-09-18 22:00:00+00:00,75.09,4493.1,0.0,-2201.1
2024-09-18 23:00:00+00:00,74.71,4213.75,0.0,-1933.1
2024-09-19 00:00:00+00:00,73.9,4056.88,0.0,-1791.5
2024-09-19 01:00:00+00:00,71.39,4057.68,0.0,-1770.2
2024-09-19 02:00:00+00:00,73.85,4196.93,0.0,-1851.2
2024-09-19 03:00:00+00:00,86.68,4548.33,0.0,-2110.3
2024-09-19 04:00:00+00:00,110.25,5142.65,54.53,-2664.6
2024-09-19 05:00:00+00:00,141.54,5328.85,479.35,-2220.0
2024-09-19 06:00:00+00:00,122.31,5223.03,1283.93,-1067.3
2024-09-19 07:00:00+00:00,96.96,5042.4,2141.7,114.1
2024-09-19 08:00:00+00:00,74.81,4807.15,2874.83,838.7
2024-09-19 09:00:00+00:00,54.02,4809.78,3132.58,989.5
2024-09-19 10:00:00+00:00,4.97,4417.53,2704.2,1166.0
2024-09-19 11:00:00+00:00,1.16,4531.68,2974.65,696.9
2024-09-19 12:00:00+00:00,8.18,4598.35,2958.6,346.1
2024-09-19 13:00:00+00:00,57.97,4820.58,2307.08,-351.7
2024-09-19 14:00:00+00:00,77.61,5035.75,1461.43,-1434.3
2024-09-19 15:00:00+00:00,107.08,5290.15,639.08,-2500.5
2024-09-19 16:00:00+00:00,123.59,5560.2,91.8,-2951.7
2024-09-19 17:00:00+00:00,151.94,5867.43,0.0,-3824.8
2024-09-19 18:00:00+00:00,114.72,5675.58,0.0,-3039.9
2024-09-19 19:00:00+00:00,98.2,5296.05,0.0,-2899.2
2024-09-19 20:00:00+00:00,88.97,4998.48,0.0,-2595.6
2024-09-19 21:00:00+00:00,78.87,4861.05,0.0,-2622.9
2024-09-19 22:00:00+00:00,70.04,4550.95,0.0,-2214.6
2024-09-19 23:00:00+00:00,71.01,4237.1,0.0,-1956.1
2024-09-20 00:00:00+00:00,71.65,4094.3,0.0,-1827.1
2024-09-20 01:00:00+00:00,74.24,4083.58,0.0,-1805.0
2024-09-20 02:00:00+00:00,74.8,4193.55,0.0,-1883.1
2024-09-20 03:00:00+00:00,92.16,4537.45,0.0,-2175.5
2024-09-20 04:00:00+00:00,111.43,5079.95,45.58,-2637.4
2024-09-20 05:00:00+00:00,144.78,5177.88,416.18,-2260.5
2024-09-20 06:00:00+00:00,107.54,4998.33,1147.5,-1305.8
2024-09-20 07:00:00+00:00,88.92,4696.08,1811.83,-130.7
2024-09-20 08:00:00+00:00,62.05,4430.08,2342.73,530.3
2024-09-20 09:00:00+00:00,24.69,4441.3,2676.23,694.6
2024-09-20 10:00:00+00:00,14.65,4128.55,2531.35,999.7
2024-09-20 11:00:00+00:00,0.31,4124.33,2725.85,889.5
2024-09-20 12:00:00+00:00,0.07,4298.75,2863.35,512.9
2024-09-20 13:00:00+00:00,28.97,4553.55,2202.55,-183.9
2024-09-20 14:00:00+00:00,68.88,4899.68,1366.85,-1341.9
2024-09-20 15:00:00+00:00,112.37,5183.83,612.05,-2398.6
2024-09-20 16:00:00+00:00,134.99,5429.43,95.48,-2902.8
2024-09-20 17:00:00+00:00,185.06,5750.3,0.0,-3833.0
2024-09-20 18:00:00+00:00,125.13,5556.73,0.0,-3080.2
2024-09-20 19:00:00+00:00,96.39,5211.23,0.0,-2972.1
2024-09-20 20:00:00+00:00,94.06,4931.6,0.0,-2736.8
2024-09-20 21:00:00+00:00,85.96,4818.4,0.0,-2613.0
2024-09-20 22:00:00+00:00,91.61,4435.58,0.0,-2035.4
2024-09-20 23:00:00+00:00,88.75,4182.55,0.0,-1670.3
2024-09-21 00:00:00+00:00,85.55,4018.48,0.0,-1432.7
2024-09-21 01:00:00+00:00,79.71,3982.0,0.0,-1371.0
2024-09-21 02:00:00+00:00,81.95,4002.5,0.0,-1348.7
2024-09-21 03:00:00+00:00,84.76,4083.53,0.0,-1452.6
2024-09-21 04:00:00+00:00,95.52,4202.4,60.7,-1624.3
2024-09-21 05:00:00+00:00,92.53,4431.8,544.03,-1509.7
2024-09-21 06:00:00+00:00,81.44,4593.0,1368.93,-1277.7
2024-09-21 07:00:00+00:00,59.69,4668.73,2283.63,-770.9
2024-09-21 08:00:00+00:00,22.0,4704.98,3026.88,-335.3
2024-09-21 09:00:00+00:00,3.15,4856.2,3286.53,-128.0
2024-09-21 10:00:00+00:00,0.0,4846.45,2906.8,-180.3
2024-09-21 11:00:00+00:00,-3.36,4673.6,3094.2,-23.0
2024-09-21 12:00:00+00:00,-3.95,4649.43,3092.03,-359.7
2024-09-21 13:00:00+00:00,1.09,4726.0,2418.1,-596.0
2024-09-21 14:00:00+00:00,48.94,4828.65,1542.75,-1182.9
2024-09-21 15:00:00+00:00,101.14,4915.88,662.68,-1891.2
2024-09-21 16:00:00+00:00,165.13,5121.1,99.25,-2242.6
2024-09-21 17:00:00+00:00,235.04,5330.5,0.0,-2480.6
2024-09-21 18:00:00+00:00,130.55,5110.83,0.0,-2433.3
2024-09-21 19:00:00+00:00,99.2,4799.63,0.0,-2247.0
2024-09-21 20:00:00+00:00,91.35,4551.0,0.0,-2104.7
2024-09-21 21:00:00+00:00,91.35,4356.55,0.0,-1962.9
2024-09-21 22:00:00+00:00,95.62,4010.43,0.0,-1600.1
2024-09-21 23:00:00+00:00,90.08,3840.48,0.0,-1325.4
2024-09-22 00:00:00+00:00,87.08,3738.0,0.0,-1164.0
2024-09-22 01:00:00+00:00,84.94,3697.3,0.0,-1099.5
2024-09-22 02:00:00+00:00,85.56,3715.88,0.0,-1089.2
2024-09-22 03:00:00+00:00,85.72,3796.0,0.0,-1198.1
2024-09-22 04:00:00+00:00,89.76,3861.2,58.2,-1340.5
2024-09-22 05:00:00+00:00,91.31,4065.33,520.35,-1126.1
2024-09-22 06:00:00+00:00,78.89,4310.1,1371.75,-614.9
2024-09-22 07:00:00+00:00,55.34,4414.6,2254.85,-94.3
2024-09-22 08:00:00+00:00,0.06,4473.9,2977.6,547.3
2024-09-22 09:00:00+00:00,-0.54,4679.8,3229.25,775.2
2024-09-22 10:00:00+00:00,-0.56,4590.43,2855.7,902.6
2024-09-22 11:00:00+00:00,-0.07,4384.95,3040.63,969.9
2024-09-22 12:00:00+00:00,0.01,4373.4,3043.45,683.9
2024-09-22 13:00:00+00:00,9.66,4470.43,2388.23,153.1
2024-09-22 14:00:00+00:00,63.18,4681.6,1521.0,-650.9
2024-09-22 15:00:00+00:00,104.78,4910.6,642.18,-1695.5
2024-09-22 16:00:00+00:00,133.27,5176.5,91.78,-2364.8
2024-09-22 17:00:00+00:00,185.08,5449.8,0.0,-2820.0
2024-09-22 18:00:00+00:00,162.05,5155.75,0.0,-2494.6
2024-09-22 19:00:00+00:00,119.43,4761.45,0.0,-2081.0
2024-09-22 20:00:00+00:00,103.97,4448.18,0.0,-1813.6
2024-09-22 21:00:00+00:00,92.0,4230.08,0.0,-1664.2
2024-09-22 22:00:00+00:00,86.54,3974.18,0.0,-1105.2
2024-09-22 23:00:00+00:00,80.2,3786.35,0.0,-929.2
2024-09-23 00:00:00+00:00,80.97,3708.4,0.0,-835.4
2024-09-23 01:00:00+00:00,82.16,3700.35,0.0,-809.9
2024-09-23 02:00:00+00:00,81.36,3844.13,0.0,-915.8
2024-09-23 03:00:00+00:00,96.62,4225.75,0.0,-1241.8
2024-09-23 04:00:00+00:00,133.0,4889.35,46.78,-1858.5
2024-09-23 05:00:00+00:00,193.09,5042.85,481.03,-1357.8
2024-09-23 06:00:00+00:00,122.96,4776.93,1304.38,-151.2
2024-09-23 07:00:00+00:00,99.95,4422.0,2198.6,885.5
2024-09-23 08:00:00+00:00,66.58,4124.85,2909.8,1682.6
2024-09-23 09:00:00+00:00,59.67,4127.75,3105.25,2067.3
2024-09-23 10:00:00+00:00,52.49,4082.23,2609.63,2251.2
2024-09-23 11:00:00+00:00,63.85,3987.45,2884.25,2300.7
2024-09-23 12:00:00+00:00,72.04,4134.78,2981.43,2057.3
2024-09-23 13:00:00+00:00,74.79,4440.65,2298.35,1792.3
2024-09-23 14:00:00+00:00,100.48,4858.33,1421.48,-18.5
2024-09-23 15:00:00+00:00,160.38,5268.85,577.25,-1512.3
2024-09-23 16:00:00+00:00,233.26,5698.88,73.7,-2122.7
2024-09-23 17:00:00+00:00,327.16,5856.7,0.0,-3374.9
2024-09-23 18:00:00+00:00,179.99,5582.28,0.0,-2573.2
2024-09-23 19:00:00+00:00,121.13,5218.13,0.0,-2128.0
2024-09-23 20:00:00+00:00,103.25,4902.05,0.0,-1782.6
2024-09-23 21:00:00+00:00,87.52,4761.55,0.0,-1722.2
2024-09-23 22:00:00+00:00,85.72,4417.6,0.0,-1306.3
2024-09-23 23:00:00+00:00,79.48,4138.48,0.0,-1151.4
2024-09-24 00:00:00+00:00,79.49,4015.33,0.0,-1061.7
2024-09-24 01:00:00+00:00,79.73,3970.5,0.0,-1027.8
2024-09-24 02:00:00+00:00,77.35,4049.45,0.0,-1109.8
2024-09-24 03:00:00+00:00,83.67,4426.48,0.0,-1366.8
2024-09-24 04:00:00+00:00,109.23,4949.8,30.18,-1889.4
2024-09-24 05:00:00+00:00,136.58,5039.8,340.48,-1616.8
2024-09-24 06:00:00+00:00,123.91,4844.9,1011.33,-595.4
2024-09-24 07:00:00+00:00,99.28,4514.8,1628.83,407.4
2024-09-24 08:00:00+00:00,83.67,4187.63,1910.03,1023.9
2024-09-24 09:00:00+00:00,70.6,4258.65,1828.68,1275.7
2024-09-24 10:00:00+00:00,74.11,3964.63,1655.13,1211.0
2024-09-24 11:00:00+00:00,71.28,4191.58,1642.05,1071.5
2024-09-24 12:00:00+00:00,64.74,4456.83,1182.75,719.0
2024-09-24 13:00:00+00:00,74.97,4695.85,712.95,-131.5
2024-09-24 14:00:00+00:00,87.83,4992.38,453.33,-1183.7
2024-09-24 15:00:00+00:00,110.11,5301.35,209.43,-2419.2
2024-09-24 16:00:00+00:00,125.9,5416.08,26.48,-2881.3
2024-09-24 17:00:00+00:00,152.86,5856.28,0.0,-3573.6
2024-09-24 18:00:00+00:00,126.71,5659.73,0.0,-3061.7
2024-09-24 19:00:00+00:00,100.61,5274.88,0.0,-2705.5
2024-09-24 20:00:00+00:00,92.47,4927.75,0.0,-2339.8
2024-09-24 21:00:00+00:00,61.17,4766.73,0.0,-2288.3
2024-09-24 22:00:00+00:00,65.5,4373.63,0.0,-1685.0
2024-09-24 23:00:00+00:00,45.75,4032.6,0.0,-1527.4
2024-09-25 00:00:00+00:00,42.78,3874.98,0.0,-1519.4
2024-09-25 01:00:00+00:00,44.02,3862.05,0.0,-1551.2
2024-09-25 02:00:00+00:00,68.66,3984.93,0.0,-1642.7
2024-09-25 03:00:00+00:00,91.82,4331.18,0.0,-1793.7
2024-09-25 04:00:00+00:00,128.9,4935.35,21.45,-2101.9
2024-09-25 05:00:00+00:00,101.43,4973.4,216.38,-2157.1
2024-09-25 06:00:00+00:00,88.21,4664.0,548.35,-1257.3
2024-09-25 07:00:00+00:00,71.05,4360.4,950.9,-421.7
2024-09-25 08:00:00+00:00,50.99,4082.18,1434.63,57.6
2024-09-25 09:00:00+00:00,33.71,4074.73,1416.4,215.8
2024-09-25 10:00:00+00:00,28.0,4202.95,1503.55,562.3
2024-09-25 11:00:00+00:00,21.43,4046.03,1750.88,823.9
2024-09-25 12:00:00+00:00,54.0,4134.85,1631.15,1091.1
2024-09-25 13:00:00+00:00,71.61,4468.0,1368.75,575.7
2024-09-25 14:00:00+00:00,83.04,4914.05,920.58,-454.3
2024-09-25 15:00:00+00:00,107.53,5286.6,404.95,-1834.9
2024-09-25 16:00:00+00:00,185.56,5572.38,53.5,-2373.8
2024-09-25 17:00:00+00:00,184.48,5777.4,0.0,-2745.0
2024-09-25 18:00:00+00:00,135.41,5517.43,0.0,-2304.0
2024-09-25 19:00:00+00:00,92.17,5145.63,0.0,-1594.3
2024-09-25 20:00:00+00:00,86.96,4857.78,0.0,-1354.0
2024-09-25 21:00:00+00:00,77.36,4731.43,0.0,-1321.1
2024-09-25 22:00:00+00:00,69.14,4393.18,0.0,-1455.6
2024-09-25 23:00:00+00:00,62.34,4084.15,0.0,-1194.5
2024-09-26 00:00:00+00:00,55.24,3916.4,0.0,-1070.7
2024-09-26 01:00:00+00:00,52.9,3899.78,0.0,-1151.9
2024-09-26 02:00:00+00:00,48.36,4034.4,0.0,-1316.9
2024-09-26 03:00:00+00:00,83.38,4384.98,0.0,-1525.5
2024-09-26 04:00:00+00:00,126.05,5014.75,24.05,-2137.7
2024-09-26 05:00:00+00:00,127.42,5098.63,316.85,-1858.0
2024-09-26 06:00:00+00:00,84.69,4724.73,1067.7,-1040.9
2024-09-26 07:00:00+00:00,68.4,4443.03,1775.95,-39.0
2024-09-26 08:00:00+00:00,50.78,4441.05,2310.18,528.9
2024-09-26 09:00:00+00:00,31.62,4463.7,2510.0,853.1
2024-09-26 10:00:00+00:00,17.0,4876.68,2140.9,718.0
2024-09-26 11:00:00+00:00,12.79,4520.03,2196.68,609.4
2024-09-26 12:00:00+00:00,24.52,4541.48,2086.25,33.0
2024-09-26 13:00:00+00:00,50.94,4896.63,1558.03,-532.2
2024-09-26 14:00:00+00:00,90.65,5163.9,929.0,-1431.1
2024-09-26 15:00:00+00:00,150.62,5458.5,366.03,-2278.1
2024-09-26 16:00:00+00:00,181.4,5688.7,45.13,-2718.1
2024-09-26 17:00:00+00:00,200.54,5980.43,0.0,-3065.0
2024-09-26 18:00:00+00:00,124.41,5747.08,0.0,-2361.7
2024-09-26 19:00:00+00:00,103.14,5396.38,0.0,-2164.4
2024-09-26 20:00:00+00:00,70.33,5088.0,0.0,-2027.1
2024-09-26 21:00:00+00:00,36.3,4926.55,0.0,-2055.8
2024-09-26 22:00:00+00:00,6.7,4585.53,0.0,-2030.2
2024-09-26 23:00:00+00:00,2.74,4298.93,0.0,-1854.7
2024-09-27 00:00:00+00:00,8.95,4117.38,0.0,-1728.7
2024-09-27 01:00:00+00:00,15.08,4108.38,0.0,-1722.1
2024-09-27 02:00:00+00:00,59.58,4209.78,0.0,-1842.8
2024-09-27 03:00:00+00:00,80.81,4496.28,0.0,-2102.3
2024-09-27 04:00:00+00:00,142.27,5064.75,15.68,-2387.2
2024-09-27 05:00:00+00:00,123.69,5226.9,217.45,-2296.8
2024-09-27 06:00:00+00:00,71.12,5071.93,182.75,-1557.3
2024-09-27 07:00:00+00:00,44.12,4878.45,298.73,-764.7
2024-09-27 08:00:00+00:00,29.99,4698.2,466.28,-273.4
2024-09-27 09:00:00+00:00,22.14,4795.1,904.08,-9.6
2024-09-27 10:00:00+00:00,14.32,4466.88,1206.83,199.7
2024-09-27 11:00:00+00:00,12.09,4522.15,1698.45,372.6
2024-09-27 12:00:00+00:00,16.87,4507.73,1048.95,124.0
2024-09-27 13:00:00+00:00,45.56,4700.98,782.45,-556.3
2024-09-27 14:00:00+00:00,66.93,4973.53,483.1,-1598.7
2024-09-27 15:00:00+00:00,92.91,5274.45,250.95,-2567.3
2024-09-27 16:00:00+00:00,118.26,5556.68,33.65,-3052.3
2024-09-27 17:00:00+00:00,132.48,5848.53,0.0,-3105.3
2024-09-27 18:00:00+00:00,97.7,5552.93,0.0,-2702.8
2024-09-27 19:00:00+00:00,83.84,5262.18,0.0,-2471.8
2024-09-27 20:00:00+00:00,56.6,4974.33,0.0,-2308.4
2024-09-27 21:00:00+00:00,55.1,4809.13,0.0,-2232.3
2024-09-27 22:00:00+00:00,1.77,4534.1,0.0,-2042.4
2024-09-27 23:00:00+00:00,3.03,4272.55,0.0,-1880.5
2024-09-28 00:00:00+00:00,3.29,4038.48,0.0,-1773.8
2024-09-28 01:00:00+00:00,3.16,3932.35,0.0,-1677.6
2024-09-28 02:00:00+00:00,3.27,3902.23,0.0,-1666.2
2024-09-28 03:00:00+00:00,4.15,3967.33,0.0,-1854.9
2024-09-28 04:00:00+00:00,11.96,4111.43,15.7,-1700.7
2024-09-28 05:00:00+00:00,23.53,4174.73,186.33,-1230.2
2024-09-28 06:00:00+00:00,27.1,4126.63,327.58,-207.8
2024-09-28 07:00:00+00:00,23.88,4036.43,475.75,356.7
2024-09-28 08:00:00+00:00,12.14,3920.75,608.7,1081.7
2024-09-28 09:00:00+00:00,7.36,3986.2,775.88,1220.9
2024-09-28 10:00:00+00:00,1.07,3967.85,1110.03,1023.6
2024-09-28 11:00:00+00:00,0.0,3760.93,958.15,923.8
2024-09-28 12:00:00+00:00,0.0,3807.78,650.8,799.9
2024-09-28 13:00:00+00:00,0.06,4048.45,458.7,479.5
2024-09-28 14:00:00+00:00,10.63,4344.65,285.15,-510.3
2024-09-28 15:00:00+00:00,69.53,4670.7,93.8,-1477.3
2024-09-28 16:00:00+00:00,118.41,5025.2,6.9,-2053.8
2024-09-28 17:00:00+00:00,134.62,5262.7,0.0,-2255.5
2024-09-28 18:00:00+00:00,106.57,5043.6,0.0,-1975.8
2024-09-28 19:00:00+00:00,83.38,4722.55,0.0,-1452.6
2024-09-28 20:00:00+00:00,81.93,4428.58,0.0,-1146.5
2024-09-28 21:00:00+00:00,75.57,4232.63,0.0,-953.4
2024-09-28 22:00:00+00:00,63.04,3947.15,0.0,-789.0
2024-09-28 23:00:00+00:00,48.77,3669.7,0.0,-553.3
2024-09-29 00:00:00+00:00,45.57,3529.53,0.0,-418.8
2024-09-29 01:00:00+00:00,45.26,3476.28,0.0,-369.2
2024-09-29 02:00:00+00:00,53.26,3512.45,0.0,-418.0
2024-09-29 03:00:00+00:00,60.81,3611.38,0.0,-511.6
2024-09-29 04:00:00+00:00,58.47,3765.4,2.6,-556.5
2024-09-29 05:00:00+00:00,60.35,3806.23,84.83,-521.5
2024-09-29 06:00:00+00:00,59.75,3821.4,364.98,-113.0
2024-09-29 07:00:00+00:00,21.99,3822.25,879.83,292.6
2024-09-29 08:00:00+00:00,1.33,3744.33,1420.03,850.7
2024-09-29 09:00:00+00:00,0.0,3813.53,1612.25,1224.8
2024-09-29 10:00:00+00:00,-0.01,3711.2,1510.73,1491.1
2024-09-29 11:00:00+00:00,-0.55,3551.1,1809.55,1481.4
2024-09-29 12:00:00+00:00,-0.5,3613.28,2024.88,1442.4
2024-09-29 13:00:00+00:00,0.0,3806.7,1509.88,1044.3
2024-09-29 14:00:00+00:00,30.15,4183.43,874.63,99.2
2024-09-29 15:00:00+00:00,85.06,4616.9,330.58,-1118.9
2024-09-29 16:00:00+00:00,128.95,5003.2,27.58,-1927.3
2024-09-29 17:00:00+00:00,151.03,5305.58,0.0,-2291.9
2024-09-29 18:00:00+00:00,101.97,5051.2,0.0,-2188.7
2024-09-29 19:00:00+00:00,79.21,4693.85,0.0,-1692.2
2024-09-29 20:00:00+00:00,68.47,4355.1,0.0,-1455.6
2024-09-29 21:00:00+00:00,39.14,4135.9,0.0,-1387.1
2024-09-29 22:00:00+00:00,17.98,3714.53,0.0,-1034.2
2024-09-29 23:00:00+00:00,10.44,3557.8,0.0,-934.7
2024-09-30 00:00:00+00:00,7.69,3496.35,0.0,-840.2
2024-09-30 01:00:00+00:00,5.06,3494.88,0.0,-941.9
2024-09-30 02:00:00+00:00,20.17,3639.58,0.0,-1183.5
2024-09-30 03:00:00+00:00,54.31,4028.85,0.0,-1509.1
2024-09-30 04:00:00+00:00,112.9,4699.5,27.05,-2275.4
2024-09-30 05:00:00+00:00,138.23,5019.03,431.5,-2001.4
2024-09-30 06:00:00+00:00,102.69,5041.23,1231.68,-721.5
2024-09-30 07:00:00+00:00,65.87,4957.1,2130.23,486.3
2024-09-30 08:00:00+00:00,42.41,4833.18,2847.23,1370.0
2024-09-30 09:00:00+00:00,19.63,4877.05,3115.2,1343.4
2024-09-30 10:00:00+00:00,8.54,4727.23,2801.7,1290.6
2024-09-30 11:00:00+00:00,1.9,4459.58,2579.03,1107.0
2024-09-30 12:00:00+00:00,7.34,4471.9,2406.75,769.4
2024-09-30 13:00:00+00:00,20.67,4646.8,1824.48,-149.2
2024-09-30 14:00:00+00:00,83.46,4847.1,1128.45,-1085.6
2024-09-30 15:00:00+00:00,116.92,5049.7,341.73,-2188.9
2024-09-30 16:00:00+00:00,141.32,5291.3,33.85,-2785.1
2024-09-30 17:00:00+00:00,171.19,5546.58,0.0,-2977.8
2024-09-30 18:00:00+00:00,113.24,5303.9,0.0,-2589.7
2024-09-30 19:00:00+00:00,59.95,4945.65,0.0,-2226.8
2024-09-30 20:00:00+00:00,50.81,4742.68,0.0,-1974.9
2024-09-30 21:00:00+00:00,9.84,4658.73,0.0,-1999.9
2024-09-30 22:00:00+00:00,3.21,4279.23,0.0,-1896.9
2024-09-30 23:00:00+00:00,0.07,4054.98,0.0,-1608.7
2024-10-01 00:00:00+00:00,0.05,3936.98,0.0,-1422.2
2024-10-01 01:00:00+00:00,0.02,3920.18,0.0,-1466.3
2024-10-01 02:00:00+00:00,0.09,4075.28,0.0,-1627.4
2024-10-01 03:00:00+00:00,6.31,4417.95,0.0,-1949.2
2024-10-01 04:00:00+00:00,100.49,5121.03,22.4,-2683.0
2024-10-01 05:00:00+00:00,131.42,5311.3,379.75,-2224.8
2024-10-01 06:00:00+00:00,119.07,5290.95,1116.75,-817.8
2024-10-01 07:00:00+00:00,106.59,5183.3,1960.23,390.5
2024-10-01 08:00:00+00:00,81.16,5058.6,2618.75,1266.2
2024-10-01 09:00:00+00:00,58.98,4911.18,2792.3,1407.2
2024-10-01 10:00:00+00:00,56.2,4319.65,2505.75,1553.3
2024-10-01 11:00:00+00:00,59.27,4370.2,2614.5,1497.5
2024-10-01 12:00:00+00:00,60.18,4601.75,2515.73,1154.9
2024-10-01 13:00:00+00:00,62.18,4773.88,1855.03,515.8
2024-10-01 14:00:00+00:00,96.39,4974.85,1034.93,-591.5
2024-10-01 15:00:00+00:00,144.95,5208.88,345.48,-1977.7
2024-10-01 16:00:00+00:00,191.27,5652.53,18.23,-2777.1
2024-10-01 17:00:00+00:00,214.65,5697.43,0.0,-2920.8
2024-10-01 18:00:00+00:00,141.84,5389.88,0.0,-2399.7
2024-10-01 19:00:00+00:00,100.07,5025.75,0.0,-1613.0
2024-10-01 20:00:00+00:00,95.02,4862.13,0.0,-1224.6
2024-10-01 21:00:00+00:00,79.96,4794.25,0.0,-1203.4
2024-10-01 22:00:00+00:00,89.64,4502.4,0.0,-648.9
2024-10-01 23:00:00+00:00,83.38,4221.23,0.0,-392.8
2024-10-02 00:00:00+00:00,79.55,4102.0,0.0,-241.0
2024-10-02 01:00:00+00:00,76.12,4082.65,0.0,-227.5
2024-10-02 02:00:00+00:00,75.59,4223.5,0.0,-417.0
2024-10-02 03:00:00+00:00,80.98,4580.35,0.0,-626.1
2024-10-02 04:00:00+00:00,126.25,5306.35,6.33,-2081.3
2024-10-02 05:00:00+00:00,147.17,5357.2,105.8,-2115.3
2024-10-02 06:00:00+00:00,137.34,5076.63,307.05,-1255.3
2024-10-02 07:00:00+00:00,120.83,4781.95,550.78,-184.0
2024-10-02 08:00:00+00:00,107.48,4482.28,690.48,674.1
2024-10-02 09:00:00+00:00,101.99,4479.1,586.05,763.7
2024-10-02 10:00:00+00:00,103.74,4218.28,457.9,869.1
2024-10-02 11:00:00+00:00,100.89,4253.28,503.48,897.3
2024-10-02 12:00:00+00:00,98.25,4406.58,379.83,741.0
2024-10-02 13:00:00+00:00,108.14,4696.38,294.38,129.6
2024-10-02 14:00:00+00:00,125.34,5025.8,173.4,-1473.0
2024-10-02 15:00:00+00:00,157.32,5379.18,52.53,-2552.2
2024-10-02 16:00:00+00:00,202.89,5864.5,1.68,-3065.7
2024-10-02 17:00:00+00:00,207.76,5961.38,0.0,-3229.5
2024-10-02 18:00:00+00:00,141.4,5716.98,0.0,-2821.3
2024-10-02 19:00:00+00:00,110.86,5322.88,0.0,-1996.3
2024-10-02 20:00:00+00:00,96.42,5029.8,0.0,-1686.5
2024-10-02 21:00:00+00:00,85.0,4911.33,0.0,-1212.8
2024-10-02 22:00:00+00:00,66.68,4671.6,0.0,-54.6
2024-10-02 23:00:00+00:00,63.86,4279.95,0.0,59.0
2024-10-03 00:00:00+00:00,63.99,4097.35,0.0,125.8
2024-10-03 01:00:00+00:00,61.54,4091.9,0.0,133.9
2024-10-03 02:00:00+00:00,60.66,4215.38,0.0,-173.4
2024-10-03 03:00:00+00:00,63.09,4583.48,0.0,-682.8
2024-10-03 04:00:00+00:00,103.71,5320.33,2.18,-2302.7
2024-10-03 05:00:00+00:00,133.97,5354.1,93.18,-2515.2
2024-10-03 06:00:00+00:00,127.12,4942.35,512.6,-2269.3
2024-10-03 07:00:00+00:00,104.5,4571.75,936.9,-1567.3
2024-10-03 08:00:00+00:00,99.06,4515.13,984.28,-928.5
2024-10-03 09:00:00+00:00,91.66,4506.25,816.63,-870.2
2024-10-03 10:00:00+00:00,85.62,5331.4,603.48,-1168.5
2024-10-03 11:00:00+00:00,81.26,4373.08,465.78,-1036.8
2024-10-03 12:00:00+00:00,89.18,4169.9,395.4,-1203.9
2024-10-03 13:00:00+00:00,102.06,4511.83,220.6,-1445.7
2024-10-03 14:00:00+00:00,123.24,5109.38,113.9,-2258.8
2024-10-03 15:00:00+00:00,138.0,5515.43,41.88,-3088.0
2024-10-03 16:00:00+00:00,152.26,6092.83,1.25,-3888.5
2024-10-03 17:00:00+00:00,162.99,6041.55,0.0,-3428.0
2024-10-03 18:00:00+00:00,129.76,5701.4,0.0,-2833.0
2024-10-03 19:00:00+00:00,103.62,5314.05,0.0,-1893.7
2024-10-03 20:00:00+00:00,91.3,5017.85,0.0,-1467.5
2024-10-03 21:00:00+00:00,81.68,4878.83,0.0,-859.4
2024-10-03 22:00:00+00:00,73.95,4623.98,0.0,-1076.2
2024-10-03 23:00:00+00:00,72.58,4267.63,0.0,-768.5
2024-10-04 00:00:00+00:00,72.32,4078.03,0.0,-616.7
2024-10-04 01:00:00+00:00,72.39,4049.4,0.0,-590.4
2024-10-04 02:00:00+00:00,72.33,4174.13,0.0,-699.8
2024-10-04 03:00:00+00:00,77.1,4538.48,0.0,-1077.0
2024-10-04 04:00:00+00:00,103.0,5296.28,0.33,-2236.1
2024-10-04 05:00:00+00:00,138.45,5422.73,28.45,-2508.8
2024-10-04 06:00:00+00:00,144.4,5313.78,58.0,-1937.0
2024-10-04 07:00:00+00:00,125.11,5238.98,103.48,-1434.6
2024-10-04 08:00:00+00:00,107.73,5132.6,147.9,-1055.5
2024-10-04 09:00:00+00:00,96.92,5306.18,160.73,-1004.6
2024-10-04 10:00:00+00:00,81.18,5629.93,509.88,-938.8
2024-10-04 11:00:00+00:00,75.4,5251.48,595.03,-848.8
2024-10-04 12:00:00+00:00,77.83,5106.1,245.15,-1090.8
2024-10-04 13:00:00+00:00,90.28,5255.43,164.75,-1494.1
2024-10-04 14:00:00+00:00,106.94,5526.0,97.08,-2331.6
2024-10-04 15:00:00+00:00,119.86,5744.88,39.2,-3001.0
2024-10-04 16:00:00+00:00,139.93,5980.58,3.03,-3136.6
2024-10-04 17:00:00+00:00,153.28,5960.13,0.0,-2924.7
2024-10-04 18:00:00+00:00,123.7,5640.05,0.0,-2561.0
2024-10-04 19:00:00+00:00,99.9,5277.7,0.0,-1924.1
2024-10-04 20:00:00+00:00,99.9,5024.25,0.0,-1656.1
2024-10-04 21:00:00+00:00,90.0,4866.58,0.0,-1591.7
2024-10-04 22:00:00+00:00,93.1,4376.08,0.0,-1096.5
2024-10-04 23:00:00+00:00,84.64,4077.35,0.0,-812.5
2024-10-05 00:00:00+00:00,81.4,3958.2,0.0,-918.7
2024-10-05 01:00:00+00:00,75.54,3944.18,0.0,-934.6
2024-10-05 02:00:00+00:00,75.72,3974.88,0.0,-972.6
2024-10-05 03:00:00+00:00,79.82,4090.58,0.0,-1040.5
2024-10-05 04:00:00+00:00,86.2,4291.48,3.38,-1106.5
2024-10-05 05:00:00+00:00,100.4,4424.9,137.78,-1299.3
2024-10-05 06:00:00+00:00,110.51,4493.13,491.9,-1338.8
2024-10-05 07:00:00+00:00,101.99,4588.93,835.13,-1175.2
2024-10-05 08:00:00+00:00,80.55,4716.68,1098.8,-1059.7
2024-10-05 09:00:00+00:00,66.15,4892.5,1144.2,-1357.8
2024-10-05 10:00:00+00:00,49.73,4868.95,1369.08,-1349.2
2024-10-05 11:00:00+00:00,37.37,4688.3,1099.38,-1358.8
2024-10-05 12:00:00+00:00,40.14,4601.28,1035.5,-1437.9
2024-10-05 13:00:00+00:00,60.72,4667.2,915.98,-1313.1
2024-10-05 14:00:00+00:00,92.23,4837.3,577.63,-1437.6
2024-10-05 15:00:00+00:00,111.82,4997.15,182.73,-1834.4
2024-10-05 16:00:00+00:00,142.91,5165.73,6.45,-2135.0
2024-10-05 17:00:00+00:00,153.28,5361.28,0.0,-2363.6
2024-10-05 18:00:00+00:00,107.99,5161.13,0.0,-2283.8
2024-10-05 19:00:00+00:00,94.92,4863.83,0.0,-1939.8
2024-10-05 20:00:00+00:00,84.45,4593.43,0.0,-1737.3
2024-10-05 21:00:00+00:00,67.0,4389.35,0.0,-1561.8
2024-10-05 22:00:00+00:00,65.64,4078.75,0.0,-1097.6
2024-10-05 23:00:00+00:00,61.59,3845.98,0.0,-893.0
2024-10-06 00:00:00+00:00,60.12,3713.25,0.0,-836.7
2024-10-06 01:00:00+00:00,59.56,3676.15,0.0,-823.2
2024-10-06 02:00:00+00:00,58.58,3710.03,0.0,-878.0
2024-10-06 03:00:00+00:00,59.73,3802.33,0.0,-1027.9
2024-10-06 04:00:00+00:00,59.35,3972.58,3.03,-1226.3
2024-10-06 05:00:00+00:00,67.88,4168.95,157.1,-1388.6
2024-10-06 06:00:00+00:00,73.07,4337.6,534.78,-1376.0
2024-10-06 07:00:00+00:00,62.62,4401.9,943.83,-1064.4
2024-10-06 08:00:00+00:00,35.12,4239.78,1149.73,-553.6
2024-10-06 09:00:00+00:00,16.68,4148.55,1397.1,-385.3
2024-10-06 10:00:00+00:00,5.25,4054.65,1825.78,-429.7
2024-10-06 11:00:00+00:00,-0.01,3891.03,1320.5,-394.9
2024-10-06 12:00:00+00:00,-0.01,3917.6,1157.13,-358.6
2024-10-06 13:00:00+00:00,0.2,3994.0,865.43,-501.0
2024-10-06 14:00:00+00:00,62.14,4331.75,557.65,-1024.6
2024-10-06 15:00:00+00:00,100.57,4759.08,196.73,-1671.4
2024-10-06 16:00:00+00:00,131.58,5151.08,8.75,-2272.1
2024-10-06 17:00:00+00:00,150.86,5411.43,0.0,-2477.6
2024-10-06 18:00:00+00:00,111.28,5190.15,0.0,-2353.0
2024-10-06 19:00:00+00:00,93.03,4857.45,0.0,-2101.0
2024-10-06 20:00:00+00:00,78.74,4541.2,0.0,-1831.9
2024-10-06 21:00:00+00:00,67.6,4328.43,0.0,-1641.3
2024-10-06 22:00:00+00:00,34.58,4110.65,0.0,-1503.8
2024-10-06 23:00:00+00:00,35.34,3927.98,0.0,-1241.1
2024-10-07 00:00:00+00:00,33.25,3831.95,0.0,-1135.8
2024-10-07 01:00:00+00:00,30.06,3834.3,0.0,-1122.3
2024-10-07 02:00:00+00:00,37.2,3980.58,0.0,-1208.1
2024-10-07 03:00:00+00:00,70.33,4385.15,0.0,-1554.6
2024-10-07 04:00:00+00:00,121.88,5164.9,8.05,-2027.3
2024-10-07 05:00:00+00:00,160.39,5583.05,326.58,-2201.6
2024-10-07 06:00:00+00:00,108.32,5761.53,1075.28,-1826.0
2024-10-07 07:00:00+00:00,93.43,5831.85,1915.28,-1083.7
2024-10-07 08:00:00+00:00,66.41,5777.08,2455.95,-289.4
2024-10-07 09:00:00+00:00,60.49,5858.58,2461.3,24.6
2024-10-07 10:00:00+00:00,55.24,5809.18,2568.73,-123.4
2024-10-07 11:00:00+00:00,43.29,5625.63,2337.18,-192.6
2024-10-07 12:00:00+00:00,55.0,5558.95,1926.6,-367.1
2024-10-07 13:00:00+00:00,69.58,5603.05,1446.68,-719.6
2024-10-07 14:00:00+00:00,102.51,5672.1,893.78,-1556.5
2024-10-07 15:00:00+00:00,144.54,5760.5,246.35,-2382.1
2024-10-07 16:00:00+00:00,231.47,5906.48,8.4,-2310.4
2024-10-07 17:00:00+00:00,247.35,5973.1,0.0,-2604.1
2024-10-07 18:00:00+00:00,151.51,5735.45,0.0,-2334.8
2024-10-07 19:00:00+00:00,96.85,5371.28,0.0,-1915.7
2024-10-07 20:00:00+00:00,89.09,5073.43,0.0,-1684.0
2024-10-07 21:00:00+00:00,80.29,4919.63,0.0,-1547.7
2024-10-07 22:00:00+00:00,74.73,4528.2,0.0,-1310.1
2024-10-07 23:00:00+00:00,69.7,4259.85,0.0,-1078.8
2024-10-08 00:00:00+00:00,65.1,4126.0,0.0,-1025.5
2024-10-08 01:00:00+00:00,62.94,4110.13,0.0,-1026.3
2024-10-08 02:00:00+00:00,63.08,4219.75,0.0,-1207.2
2024-10-08 03:00:00+00:00,70.28,4572.48,0.0,-1490.7
2024-10-08 04:00:00+00:00,102.17,5273.68,5.2,-1877.1
2024-10-08 05:00:00+00:00,123.93,5623.15,225.88,-2133.1
2024-10-08 06:00:00+00:00,103.14,5764.28,656.6,-1885.6
2024-10-08 07:00:00+00:00,81.7,5824.23,1241.9,-1171.5
2024-10-08 08:00:00+00:00,53.38,5527.78,1796.98,-454.2
2024-10-08 09:00:00+00:00,25.99,5605.38,2331.68,-172.2
2024-10-08 10:00:00+00:00,9.8,4747.75,2273.58,-147.8
2024-10-08 11:00:00+00:00,7.68,5119.98,2329.53,184.8
2024-10-08 12:00:00+00:00,12.33,5608.3,2472.98,-5.7
2024-10-08 13:00:00+00:00,62.53,5654.55,1780.88,-475.2
2024-10-08 14:00:00+00:00,92.51,5603.38,972.38,-1353.8
2024-10-08 15:00:00+00:00,115.64,5753.15,251.93,-2447.0
2024-10-08 16:00:00+00:00,147.53,5866.58,5.65,-2915.7
2024-10-08 17:00:00+00:00,160.29,5975.58,0.0,-2848.5
2024-10-08 18:00:00+00:00,110.18,5711.28,0.0,-2578.2
2024-10-08 19:00:00+00:00,88.5,5340.3,0.0,-2025.9
2024-10-08 20:00:00+00:00,82.21,5036.9,0.0,-1784.5
2024-10-08 21:00:00+00:00,65.69,4899.7,0.0,-1687.9
2024-10-08 22:00:00+00:00,58.64,4504.28,0.0,-1386.1
2024-10-08 23:00:00+00:00,55.58,4165.18,0.0,-1116.3
2024-10-09 00:00:00+00:00,53.09,4020.7,0.0,-970.1
2024-10-09 01:00:00+00:00,50.07,4007.65,0.0,-1008.7
2024-10-09 02:00:00+00:00,52.83,4134.28,0.0,-1136.2
2024-10-09 03:00:00+00:00,61.61,4499.88,0.0,-1533.4
2024-10-09 04:00:00+00:00,90.17,5231.05,2.4,-2143.6
2024-10-09 05:00:00+00:00,113.07,5439.08,81.4,-2280.9
2024-10-09 06:00:00+00:00,109.1,5304.7,247.18,-1589.8
2024-10-09 07:00:00+00:00,91.76,5072.0,467.9,-932.5
2024-10-09 08:00:00+00:00,76.55,4758.3,759.0,0.4
2024-10-09 09:00:00+00:00,63.92,4734.2,852.4,314.0
2024-10-09 10:00:00+00:00,63.48,4490.05,881.95,702.2
2024-10-09 11:00:00+00:00,63.27,4470.38,1198.33,823.9
2024-10-09 12:00:00+00:00,70.32,4546.0,1227.05,983.1
2024-10-09 13:00:00+00:00,80.39,4781.13,1194.63,238.3
2024-10-09 14:00:00+00:00,89.44,5104.43,771.2,-866.8
2024-10-09 15:00:00+00:00,116.64,5475.98,204.45,-2141.5
2024-10-09 16:00:00+00:00,195.93,5840.75,4.13,-2742.7
2024-10-09 17:00:00+00:00,190.08,5927.03,0.0,-2833.0
2024-10-09 18:00:00+00:00,131.52,5678.85,0.0,-2369.4
2024-10-09 19:00:00+00:00,99.19,5296.95,0.0,-1932.3
2024-10-09 20:00:00+00:00,91.13,4981.65,0.0,-1748.4
2024-10-09 21:00:00+00:00,84.17,4844.63,0.0,-1564.0
2024-10-09 22:00:00+00:00,54.16,4570.98,0.0,-1248.7
2024-10-09 23:00:00+00:00,42.29,4223.35,0.0,-980.6
2024-10-10 00:00:00+00:00,33.82,4075.63,0.0,-838.2
2024-10-10 01:00:00+00:00,28.46,4058.55,0.0,-881.5
2024-10-10 02:00:00+00:00,26.91,4175.15,0.0,-1038.6
2024-10-10 03:00:00+00:00,36.09,4545.9,0.0,-1474.3
2024-10-10 04:00:00+00:00,59.34,5259.83,2.73,-2294.6
2024-10-10 05:00:00+00:00,84.5,5479.43,265.9,-2104.1
2024-10-10 06:00:00+00:00,80.46,5360.88,887.18,-1192.2
2024-10-10 07:00:00+00:00,67.5,5001.6,1470.55,-424.6
2024-10-10 08:00:00+00:00,52.01,4841.88,1949.0,-19.1
2024-10-10 09:00:00+00:00,39.35,4783.05,2209.15,540.3
2024-10-10 10:00:00+00:00,22.03,5132.48,1636.13,261.4
2024-10-10 11:00:00+00:00,16.0,4579.53,1430.18,580.7
2024-10-10 12:00:00+00:00,20.01,4300.95,705.65,64.9
2024-10-10 13:00:00+00:00,38.37,4565.23,393.1,-684.5
2024-10-10 14:00:00+00:00,58.74,5043.38,208.8,-1461.2
2024-10-10 15:00:00+00:00,88.85,5474.85,48.4,-2522.4
2024-10-10 16:00:00+00:00,97.47,5848.98,0.83,-3158.3
2024-10-10 17:00:00+00:00,121.86,5904.3,0.0,-3119.6
2024-10-10 18:00:00+00:00,111.74,5651.33,0.0,-2545.3
2024-10-10 19:00:00+00:00,90.41,5269.95,0.0,-1976.3
2024-10-10 20:00:00+00:00,83.75,4978.73,0.0,-1758.6
2024-10-10 21:00:00+00:00,70.51,4855.83,0.0,-1678.5
2024-10-10 22:00:00+00:00,79.95,4591.55,0.0,-1347.9
2024-10-10 23:00:00+00:00,73.22,4258.1,0.0,-1050.6
2024-10-11 00:00:00+00:00,72.27,4068.58,0.0,-894.1
2024-10-11 01:00:00+00:00,67.91,4046.6,0.0,-836.0
2024-10-11 02:00:00+00:00,69.77,4172.5,0.0,-929.8
2024-10-11 03:00:00+00:00,73.92,4529.3,0.0,-1256.8
2024-10-11 04:00:00+00:00,99.95,5219.9,0.48,-1883.1
2024-10-11 05:00:00+00:00,140.41,5468.38,193.6,-1882.7
2024-10-11 06:00:00+00:00,155.49,5454.28,851.93,-673.7
2024-10-11 07:00:00+00:00,110.01,5339.18,1615.38,261.2
2024-10-11 08:00:00+00:00,90.0,5068.75,2138.58,662.8
2024-10-11 09:00:00+00:00,72.35,5130.15,2493.3,745.0
2024-10-11 10:00:00+00:00,61.65,4742.35,2213.23,930.9
2024-10-11 11:00:00+00:00,57.17,4625.33,2077.48,991.0
2024-10-11 12:00:00+00:00,59.56,4621.23,1939.1,639.8
2024-10-11 13:00:00+00:00,66.6,4727.25,1427.73,-13.9
2024-10-11 14:00:00+00:00,83.5,5080.0,770.58,-921.4
2024-10-11 15:00:00+00:00,113.48,5435.83,181.45,-2000.4
2024-10-11 16:00:00+00:00,159.89,5764.15,2.43,-2513.8
2024-10-11 17:00:00+00:00,172.24,5803.88,0.0,-2546.4
2024-10-11 18:00:00+00:00,120.09,5566.63,0.0,-2071.4
2024-10-11 19:00:00+00:00,98.77,5239.28,0.0,-1637.9
2024-10-11 20:00:00+00:00,96.32,4976.93,0.0,-1527.7
2024-10-11 21:00:00+00:00,86.99,4856.5,0.0,-1475.7
2024-10-11 22:00:00+00:00,89.4,4489.28,0.0,-1690.6
2024-10-11 23:00:00+00:00,77.24,4214.58,0.0,-1453.7
2024-10-12 00:00:00+00:00,72.82,4044.78,0.0,-1231.6
2024-10-12 01:00:00+00:00,71.4,3994.28,0.0,-1182.5
2024-10-12 02:00:00+00:00,68.61,4023.18,0.0,-1216.9
2024-10-12 03:00:00+00:00,70.34,4118.75,0.0,-1354.8
2024-10-12 04:00:00+00:00,72.25,4326.5,2.15,-1570.6
2024-10-12 05:00:00+00:00,90.02,4573.63,213.6,-1706.8
2024-10-12 06:00:00+00:00,70.9,4750.43,840.1,-1432.6
2024-10-12 07:00:00+00:00,47.8,4852.95,1579.05,-979.4
2024-10-12 08:00:00+00:00,35.02,4878.23,2170.2,-430.9
2024-10-12 09:00:00+00:00,34.33,5043.13,2541.33,-196.9
2024-10-12 10:00:00+00:00,26.28,5020.85,2366.98,121.8
2024-10-12 11:00:00+00:00,15.0,4823.73,2388.93,305.2
2024-10-12 12:00:00+00:00,23.34,4720.28,2211.68,107.1
2024-10-12 13:00:00+00:00,46.35,4792.75,1603.0,-578.8
2024-10-12 14:00:00+00:00,65.21,4965.63,867.1,-1288.8
2024-10-12 15:00:00+00:00,102.47,5116.78,197.83,-2036.0
2024-10-12 16:00:00+00:00,117.12,5338.53,1.3,-2380.9
2024-10-12 17:00:00+00:00,109.22,5412.03,0.0,-2459.1
2024-10-12 18:00:00+00:00,66.87,5207.18,0.0,-2363.1
2024-10-12 19:00:00+00:00,45.42,4923.75,0.0,-2172.3
2024-10-12 20:00:00+00:00,34.87,4630.83,0.0,-1906.9
2024-10-12 21:00:00+00:00,25.37,4417.45,0.0,-1780.7
2024-10-12 22:00:00+00:00,0.0,4114.2,0.0,-1665.3
2024-10-12 23:00:00+00:00,-0.01,3879.8,0.0,-1420.2
2024-10-13 00:00:00+00:00,-0.07,3762.6,0.0,-1268.0
2024-10-13 01:00:00+00:00,-0.37,3724.38,0.0,-1227.2
2024-10-13 02:00:00+00:00,-0.51,3753.88,0.0,-1241.6
2024-10-13 03:00:00+00:00,-0.08,3841.95,0.0,-1361.9
2024-10-13 04:00:00+00:00,0.05,4044.6,0.9,-1585.5
2024-10-13 05:00:00+00:00,0.97,4284.48,153.58,-1691.7
2024-10-13 06:00:00+00:00,5.19,4551.65,687.45,-1349.7
2024-10-13 07:00:00+00:00,0.27,4691.58,1354.25,-693.3
2024-10-13 08:00:00+00:00,0.06,4673.25,2083.45,80.3
2024-10-13 09:00:00+00:00,-1.08,4771.75,2150.63,540.1
2024-10-13 10:00:00+00:00,-6.48,4701.58,1657.4,658.6
2024-10-13 11:00:00+00:00,-12.73,4442.05,1604.05,741.2
2024-10-13 12:00:00+00:00,-5.98,4379.15,1288.43,785.4
2024-10-13 13:00:00+00:00,0.08,4447.65,694.38,-481.1
2024-10-13 14:00:00+00:00,13.66,4683.8,339.68,-1453.8
2024-10-13 15:00:00+00:00,82.76,4991.4,84.7,-2141.5
2024-10-13 16:00:00+00:00,112.4,5327.35,0.3,-2253.8
2024-10-13 17:00:00+00:00,121.77,5405.1,0.0,-2313.4
2024-10-13 18:00:00+00:00,100.22,5197.0,0.0,-2141.5
2024-10-13 19:00:00+00:00,75.67,4867.78,0.0,-2078.4
2024-10-13 20:00:00+00:00,56.03,4572.7,0.0,-1754.9
2024-10-13 21:00:00+00:00,54.35,4374.93,0.0,-1585.7
2024-10-13 22:00:00+00:00,51.43,4080.0,0.0,-1264.5
2024-10-13 23:00:00+00:00,36.62,3851.18,0.0,-1043.5
2024-10-14 00:00:00+00:00,36.78,3756.68,0.0,-925.8
2024-10-14 01:00:00+00:00,36.0,3757.03,0.0,-819.3
2024-10-14 02:00:00+00:00,40.74,3927.85,0.0,-909.5
2024-10-14 03:00:00+00:00,62.2,4340.48,0.0,-1163.9
2024-10-14 04:00:00+00:00,98.63,5120.93,0.73,-1688.6
2024-10-14 05:00:00+00:00,131.14,5412.15,187.03,-1677.9
2024-10-14 06:00:00+00:00,152.29,5231.8,858.9,-781.8
2024-10-14 07:00:00+00:00,103.61,4934.05,1572.85,290.9
2024-10-14 08:00:00+00:00,88.97,4681.13,2183.15,798.6
2024-10-14 09:00:00+00:00,70.18,4743.85,2439.48,1076.3
2024-10-14 10:00:00+00:00,64.63,4686.35,2255.75,1311.2
2024-10-14 11:00:00+00:00,73.03,4562.85,2262.6,1363.8
2024-10-14 12:00:00+00:00,74.16,4645.28,2050.03,865.6
2024-10-14 13:00:00+00:00,85.5,4913.83,1297.2,53.7
2024-10-14 14:00:00+00:00,106.79,5240.03,549.23,-861.7
2024-10-14 15:00:00+00:00,153.57,5546.58,96.95,-1483.7
2024-10-14 16:00:00+00:00,247.17,5804.48,0.23,-1535.2
2024-10-14 17:00:00+00:00,262.29,5829.45,0.0,-1539.0
2024-10-14 18:00:00+00:00,158.0,5605.0,0.0,-1581.7
2024-10-14 19:00:00+00:00,115.11,5300.93,0.0,-1496.2
2024-10-14 20:00:00+00:00,99.66,5031.33,0.0,-1393.1
2024-10-14 21:00:00+00:00,94.8,4906.63,0.0,-1416.5
2024-10-14 22:00:00+00:00,89.72,4539.78,0.0,-1059.3
2024-10-14 23:00:00+00:00,85.61,4247.33,0.0,-772.3
2024-10-15 00:00:00+00:00,85.44,4094.38,0.0,-606.3
2024-10-15 01:00:00+00:00,81.69,4070.68,0.0,-537.3
2024-10-15 02:00:00+00:00,77.85,4196.5,0.0,-676.8
2024-10-15 03:00:00+00:00,86.76,4564.0,0.0,-1009.6
2024-10-15 04:00:00+00:00,115.75,5279.23,0.18,-1578.9
2024-10-15 05:00:00+00:00,190.52,5519.5,134.2,-1424.0
2024-10-15 06:00:00+00:00,174.85,5287.85,578.5,-771.1
2024-10-15 07:00:00+00:00,110.53,4974.13,1103.73,-89.8
2024-10-15 08:00:00+00:00,92.81,4670.5,1593.18,624.2
2024-10-15 09:00:00+00:00,83.05,4719.78,1978.8,893.6
2024-10-15 10:00:00+00:00,78.47,4464.23,1799.53,1060.3
2024-10-15 11:00:00+00:00,72.02,4508.55,1878.3,1044.1
2024-10-15 12:00:00+00:00,77.53,4698.65,1810.15,598.4
2024-10-15 13:00:00+00:00,89.91,4972.25,1284.35,-140.8
2024-10-15 14:00:00+00:00,115.97,5303.3,618.48,-996.6
2024-10-15 15:00:00+00:00,159.64,5643.7,125.23,-1931.3
2024-10-15 16:00:00+00:00,189.42,5947.55,0.0,-2384.7
2024-10-15 17:00:00+00:00,187.55,5930.08,0.0,-2374.8
2024-10-15 18:00:00+00:00,133.2,5690.03,0.0,-2061.1
2024-10-15 19:00:00+00:00,104.61,5381.2,0.0,-1886.2
2024-10-15 20:00:00+00:00,87.07,5108.78,0.0,-1748.5
2024-10-15 21:00:00+00:00,71.23,4999.35,0.0,-1842.0
2024-10-15 22:00:00+00:00,64.07,4586.18,0.0,-1985.5
2024-10-15 23:00:00+00:00,12.8,4278.88,0.0,-1377.5
2024-10-16 00:00:00+00:00,5.3,4110.45,0.0,-1332.2
2024-10-16 01:00:00+00:00,3.61,4083.2,0.0,-1342.1
2024-10-16 02:00:00+00:00,3.67,4230.75,0.0,-1406.5
2024-10-16 03:00:00+00:00,53.08,4622.68,0.0,-1649.1
2024-10-16 04:00:00+00:00,110.83,5410.43,1.18,-2048.4
2024-10-16 05:00:00+00:00,162.29,5593.6,202.2,-2422.4
2024-10-16 06:00:00+00:00,115.93,5318.08,828.18,-2126.3
2024-10-16 07:00:00+00:00,54.29,4956.18,1608.7,-1348.0
2024-10-16 08:00:00+00:00,26.68,4633.35,2298.98,-709.0
2024-10-16 09:00:00+00:00,14.19,4718.23,2671.65,-190.7
2024-10-16 10:00:00+00:00,4.09,4929.53,2355.25,299.7
2024-10-16 11:00:00+00:00,2.04,4597.95,2421.9,244.7
2024-10-16 12:00:00+00:00,4.0,4604.2,2454.88,-119.6
2024-10-16 13:00:00+00:00,14.18,5020.23,1527.53,-984.7
2024-10-16 14:00:00+00:00,69.6,5416.13,797.15,-1956.2
2024-10-16 15:00:00+00:00,127.78,5708.55,158.55,-2770.1
2024-10-16 16:00:00+00:00,166.82,6065.5,0.0,-3560.2
2024-10-16 17:00:00+00:00,167.95,6037.43,0.0,-3225.7
2024-10-16 18:00:00+00:00,109.28,5772.55,0.0,-2934.5
2024-10-16 19:00:00+00:00,70.67,5417.13,0.0,-2535.7
2024-10-16 20:00:00+00:00,35.14,5150.78,0.0,-2392.2
2024-10-16 21:00:00+00:00,26.54,5031.88,0.0,-2447.3
2024-10-16 22:00:00+00:00,17.04,4722.33,0.0,-2304.5
2024-10-16 23:00:00+00:00,12.15,4398.15,0.0,-1845.4
2024-10-17 00:00:00+00:00,10.48,4218.48,0.0,-1655.1
2024-10-17 01:00:00+00:00,5.61,4203.55,0.0,-1635.6
2024-10-17 02:00:00+00:00,10.01,4340.15,0.0,-1695.4
2024-10-17 03:00:00+00:00,29.18,4726.9,0.0,-2217.7
2024-10-17 04:00:00+00:00,69.75,5527.08,0.0,-2682.8
2024-10-17 05:00:00+00:00,99.73,5732.58,160.1,-2800.8
2024-10-17 06:00:00+00:00,92.0,5557.95,547.0,-2386.3
2024-10-17 07:00:00+00:00,74.97,5289.4,957.93,-971.8
2024-10-17 08:00:00+00:00,64.52,5029.53,1420.53,-398.2
2024-10-17 09:00:00+00:00,25.43,4998.23,1762.43,-169.7
2024-10-17 10:00:00+00:00,9.49,4763.78,1696.45,85.7
2024-10-17 11:00:00+00:00,13.09,4732.73,1684.93,149.0
2024-10-17 12:00:00+00:00,25.08,4800.03,1410.03,20.0
2024-10-17 13:00:00+00:00,64.55,5010.03,962.48,-570.0
2024-10-17 14:00:00+00:00,91.52,5369.3,492.23,-1625.6
2024-10-17 15:00:00+00:00,119.74,5726.45,86.23,-2812.3
2024-10-17 16:00:00+00:00,173.75,6081.0,0.0,-3246.9
2024-10-17 17:00:00+00:00,163.58,6064.98,0.0,-3099.8
2024-10-17 18:00:00+00:00,113.33,5799.35,0.0,-2946.8
2024-10-17 19:00:00+00:00,94.7,5440.18,0.0,-2251.0
2024-10-17 20:00:00+00:00,87.0,5162.95,0.0,-1783.3
2024-10-17 21:00:00+00:00,80.29,5058.98,0.0,-1753.9
2024-10-17 22:00:00+00:00,77.01,4756.35,0.0,-1546.6
2024-10-17 23:00:00+00:00,53.33,4430.4,0.0,-996.1
2024-10-18 00:00:00+00:00,38.67,4252.05,0.0,-869.3
2024-10-18 01:00:00+00:00,66.43,4233.13,0.0,-874.6
2024-10-18 02:00:00+00:00,60.52,4356.18,0.0,-983.7
2024-10-18 03:00:00+00:00,79.97,4729.35,0.0,-1467.8
2024-10-18 04:00:00+00:00,93.94,5507.93,0.0,-2198.6
2024-10-18 05:00:00+00:00,141.04,5714.4,195.1,-2403.5
2024-10-18 06:00:00+00:00,149.13,5488.03,819.58,-1188.6
2024-10-18 07:00:00+00:00,54.37,5183.05,1628.68,-75.6
2024-10-18 08:00:00+00:00,25.71,4907.1,2304.75,392.9
2024-10-18 09:00:00+00:00,41.9,4906.98,2410.68,812.3
2024-10-18 10:00:00+00:00,30.53,4848.7,2145.63,1108.1
2024-10-18 11:00:00+00:00,28.9,4592.88,2292.25,1140.7
2024-10-18 12:00:00+00:00,36.43,4511.53,2238.1,856.6
2024-10-18 13:00:00+00:00,79.85,4786.9,1531.23,106.0
2024-10-18 14:00:00+00:00,96.9,5274.4,720.65,-1167.3
2024-10-18 15:00:00+00:00,124.89,5682.68,99.6,-2553.2
2024-10-18 16:00:00+00:00,168.9,6040.4,0.0,-3262.2
2024-10-18 17:00:00+00:00,142.82,5960.8,0.0,-3121.9
2024-10-18 18:00:00+00:00,102.34,5702.25,0.0,-2798.9
2024-10-18 19:00:00+00:00,96.41,5372.13,0.0,-2242.6
2024-10-18 20:00:00+00:00,91.52,5112.45,0.0,-1808.1
2024-10-18 21:00:00+00:00,83.71,5019.48,0.0,-1816.3
2024-10-18 22:00:00+00:00,83.67,4631.2,0.0,-1753.5
2024-10-18 23:00:00+00:00,76.21,4318.15,0.0,-1465.3
2024-10-19 00:00:00+00:00,73.9,4124.03,0.0,-1414.8
2024-10-19 01:00:00+00:00,70.91,4052.78,0.0,-1448.6
2024-10-19 02:00:00+00:00,68.73,4089.93,0.0,-1460.5
2024-10-19 03:00:00+00:00,71.42,4196.65,0.0,-1455.6
2024-10-19 04:00:00+00:00,77.04,4459.05,0.0,-1602.0
2024-10-19 05:00:00+00:00,85.38,4685.33,197.4,-1391.5
2024-10-19 06:00:00+00:00,84.07,4753.23,779.18,-320.3
2024-10-19 07:00:00+00:00,78.46,4578.13,1682.93,768.6
2024-10-19 08:00:00+00:00,48.01,4373.18,2414.03,1822.4
2024-10-19 09:00:00+00:00,41.22,4425.45,2476.73,2152.3
2024-10-19 10:00:00+00:00,23.63,4385.18,2226.28,2350.5
2024-10-19 11:00:00+00:00,21.74,4197.45,2361.45,2375.5
2024-10-19 12:00:00+00:00,50.38,4138.38,2371.48,2156.3
2024-10-19 13:00:00+00:00,69.97,4351.9,1654.6,1081.8
2024-10-19 14:00:00+00:00,94.01,4747.25,787.08,-359.3
2024-10-19 15:00:00+00:00,121.22,5100.15,119.0,-1586.8
2024-10-19 16:00:00+00:00,157.49,5427.85,0.0,-2119.6
2024-10-19 17:00:00+00:00,132.44,5419.35,0.0,-2339.6
2024-10-19 18:00:00+00:00,96.21,5227.63,0.0,-2118.6
2024-10-19 19:00:00+00:00,86.7,4944.03,0.0,-1937.5
2024-10-19 20:00:00+00:00,82.67,4689.88,0.0,-1792.4
2024-10-19 21:00:00+00:00,73.33,4497.65,0.0,-1748.5
2024-10-19 22:00:00+00:00,53.67,4155.73,0.0,-1263.5
2024-10-19 23:00:00+00:00,52.15,3910.65,0.0,-1004.8
2024-10-20 00:00:00+00:00,53.92,3763.55,0.0,-1058.4
2024-10-20 01:00:00+00:00,54.94,3730.28,0.0,-1193.0
2024-10-20 02:00:00+00:00,57.54,3776.33,0.0,-1209.4
2024-10-20 03:00:00+00:00,61.07,3870.78,0.0,-1166.6
2024-10-20 04:00:00+00:00,58.02,4112.35,0.0,-1373.3
2024-10-20 05:00:00+00:00,68.14,4339.25,174.18,-1206.4
2024-10-20 06:00:00+00:00,63.1,4481.83,796.85,-203.4
2024-10-20 07:00:00+00:00,41.28,4509.9,1682.1,921.0
2024-10-20 08:00:00+00:00,6.37,4399.9,2487.63,1833.3
2024-10-20 09:00:00+00:00,0.08,4534.2,2824.08,2171.4
2024-10-20 10:00:00+00:00,0.0,4604.6,2534.2,2204.6
2024-10-20 11:00:00+00:00,-0.98,4499.15,2625.03,2143.8
2024-10-20 12:00:00+00:00,-2.01,4451.9,2412.33,1720.2
2024-10-20 13:00:00+00:00,0.0,4553.5,1655.83,684.5
2024-10-20 14:00:00+00:00,38.27,4860.68,781.1,-745.7
2024-10-20 15:00:00+00:00,101.12,5137.18,110.43,-1897.9
2024-10-20 16:00:00+00:00,139.76,5449.78,0.0,-2370.1
2024-10-20 17:00:00+00:00,122.47,5493.8,0.0,-2441.0
2024-10-20 18:00:00+00:00,94.78,5268.83,0.0,-2379.3
2024-10-20 19:00:00+00:00,74.77,4944.9,0.0,-2164.7
2024-10-20 20:00:00+00:00,47.36,4641.18,0.0,-1948.0
2024-10-20 21:00:00+00:00,7.92,4441.55,0.0,-1848.7
2024-10-20 22:00:00+00:00,15.28,4172.83,0.0,-2457.7
2024-10-20 23:00:00+00:00,1.91,3945.88,0.0,-1890.4
2024-10-21 00:00:00+00:00,1.68,3863.63,0.0,-1617.3
2024-10-21 01:00:00+00:00,1.02,3859.03,0.0,-1692.5
2024-10-21 02:00:00+00:00,4.54,4016.33,0.0,-1668.0
2024-10-21 03:00:00+00:00,99.44,4453.63,0.0,-2115.5
2024-10-21 04:00:00+00:00,154.99,5304.85,0.0,-2161.2
2024-10-21 05:00:00+00:00,150.79,5604.43,146.85,-2418.7
2024-10-21 06:00:00+00:00,120.84,5399.18,605.3,-1644.5
2024-10-21 07:00:00+00:00,103.9,5021.88,1422.9,534.4
2024-10-21 08:00:00+00:00,88.63,4651.68,2310.3,1337.1
2024-10-21 09:00:00+00:00,81.47,4565.5,2590.35,2025.2
2024-10-21 10:00:00+00:00,71.89,4449.88,2356.13,2151.0
2024-10-21 11:00:00+00:00,74.03,4309.7,2496.83,2056.3
2024-10-21 12:00:00+00:00,79.79,4432.43,2357.55,1715.2
2024-10-21 13:00:00+00:00,95.12,4773.85,1599.3,1106.6
2024-10-21 14:00:00+00:00,126.7,5323.38,732.48,-594.1
2024-10-21 15:00:00+00:00,172.09,5717.85,94.73,-2216.7
2024-10-21 16:00:00+00:00,244.8,6027.3,0.0,-2530.4
2024-10-21 17:00:00+00:00,216.99,6012.38,0.0,-2834.5
2024-10-21 18:00:00+00:00,158.92,5786.83,0.0,-2306.3
2024-10-21 19:00:00+00:00,107.03,5434.65,0.0,-1599.7
2024-10-21 20:00:00+00:00,97.79,5145.58,0.0,-1181.9
2024-10-21 21:00:00+00:00,92.97,5027.08,0.0,-1218.4
2024-10-21 22:00:00+00:00,90.72,4616.38,0.0,-975.9
2024-10-21 23:00:00+00:00,87.25,4318.28,0.0,-142.0
2024-10-22 00:00:00+00:00,83.16,4200.28,0.0,7.2
2024-10-22 01:00:00+00:00,81.85,4180.63,0.0,-154.2
2024-10-22 02:00:00+00:00,82.6,4329.9,0.0,-303.7
2024-10-22 03:00:00+00:00,96.16,4718.48,0.0,-1179.8
2024-10-22 04:00:00+00:00,131.16,5557.58,0.0,-1952.0
2024-10-22 05:00:00+00:00,179.15,5743.2,142.98,-2181.2
2024-10-22 06:00:00+00:00,171.14,5460.73,668.73,-1224.4
2024-10-22 07:00:00+00:00,113.35,5064.43,1499.7,1032.0
2024-10-22 08:00:00+00:00,97.24,4679.38,2314.98,1727.1
2024-10-22 09:00:00+00:00,78.06,4588.95,2645.1,1935.6
2024-10-22 10:00:00+00:00,70.78,4419.73,2429.23,1984.4
2024-10-22 11:00:00+00:00,70.88,4298.5,2427.1,1894.1
2024-10-22 12:00:00+00:00,71.85,4464.13,2237.13,1549.7
2024-10-22 13:00:00+00:00,83.33,4802.65,1504.98,261.5
2024-10-22 14:00:00+00:00,120.02,5165.9,677.73,-1116.5
2024-10-22 15:00:00+00:00,170.28,5523.2,83.65,-2356.8
2024-10-22 16:00:00+00:00,183.24,5949.93,0.0,-3192.5
2024-10-22 17:00:00+00:00,170.32,5881.33,0.0,-2994.3
2024-10-22 18:00:00+00:00,161.04,5662.78,0.0,-2629.7
2024-10-22 19:00:00+00:00,116.61,5303.78,0.0,-1849.6
2024-10-22 20:00:00+00:00,96.86,5021.88,0.0,-1368.0
2024-10-22 21:00:00+00:00,88.35,4921.68,0.0,-1278.5
2024-10-22 22:00:00+00:00,80.36,4497.75,0.0,-357.1
2024-10-22 23:00:00+00:00,82.71,4163.95,0.0,-131.1
2024-10-23 00:00:00+00:00,80.57,4046.55,0.0,39.8
2024-10-23 01:00:00+00:00,80.73,3995.23,0.0,224.7
2024-10-23 02:00:00+00:00,83.37,3977.88,0.0,301.8
2024-10-23 03:00:00+00:00,90.35,3996.2,0.0,-1582.7
2024-10-23 04:00:00+00:00,113.41,4128.83,0.0,-2077.2
2024-10-23 05:00:00+00:00,164.37,4271.3,127.78,-897.1
2024-10-23 06:00:00+00:00,176.6,4133.25,587.4,234.6
2024-10-23 07:00:00+00:00,126.14,3796.38,1255.6,1535.9
2024-10-23 08:00:00+00:00,102.49,3490.4,1847.33,1540.2
2024-10-23 09:00:00+00:00,97.2,3403.55,2103.3,1595.7
2024-10-23 10:00:00+00:00,90.06,3298.1,2018.53,1707.6
2024-10-23 11:00:00+00:00,84.88,3093.95,1913.18,1700.4
2024-10-23 12:00:00+00:00,81.1,3200.1,1873.05,1623.5
2024-10-23 13:00:00+00:00,91.24,3510.73,1240.33,1361.1
2024-10-23 14:00:00+00:00,117.39,4145.7,534.73,-658.7
2024-10-23 15:00:00+00:00,176.09,4620.9,55.63,-2198.7
2024-10-23 16:00:00+00:00,224.89,5218.3,0.0,-2131.6
2024-10-23 17:00:00+00:00,202.06,5160.75,0.0,-1919.9
2024-10-23 18:00:00+00:00,141.69,4972.38,0.0,-2906.9
2024-10-23 19:00:00+00:00,110.32,4640.5,0.0,-1238.8
2024-10-23 20:00:00+00:00,103.45,4396.1,0.0,-895.0
2024-10-23 21:00:00+00:00,93.16,4296.4,0.0,-1002.3
2024-10-23 22:00:00+00:00,93.25,4107.93,0.0,-601.1
2024-10-23 23:00:00+00:00,83.18,3835.8,0.0,-386.2
2024-10-24 00:00:00+00:00,81.53,3738.48,0.0,-415.4
2024-10-24 01:00:00+00:00,81.81,3753.85,0.0,-438.9
2024-10-24 02:00:00+00:00,81.84,4369.8,0.0,-1038.7
2024-10-24 03:00:00+00:00,93.52,4775.53,0.0,-2305.4
2024-10-24 04:00:00+00:00,131.04,5566.7,0.0,-2689.8
2024-10-24 05:00:00+00:00,176.36,5797.68,62.53,-2477.4
2024-10-24 06:00:00+00:00,171.0,5391.83,490.6,-2286.3
2024-10-24 07:00:00+00:00,115.04,4912.6,1148.0,-1112.9
2024-10-24 08:00:00+00:00,103.01,4641.53,1806.78,-52.2
2024-10-24 09:00:00+00:00,94.18,4578.45,1956.23,384.9
2024-10-24 10:00:00+00:00,85.13,4896.23,1294.65,525.4
2024-10-24 11:00:00+00:00,80.38,4366.0,1796.35,583.8
2024-10-24 12:00:00+00:00,83.25,4360.45,1890.6,389.4
2024-10-24 13:00:00+00:00,98.1,4705.78,1208.55,-412.2
2024-10-24 14:00:00+00:00,121.04,5373.53,538.5,-2073.0
2024-10-24 15:00:00+00:00,177.14,5817.85,52.0,-2871.6
2024-10-24 16:00:00+00:00,194.01,6127.88,0.0,-2828.9
2024-10-24 17:00:00+00:00,176.95,6102.15,0.0,-2871.1
2024-10-24 18:00:00+00:00,153.91,5734.53,0.0,-3106.4
2024-10-24 19:00:00+00:00,111.88,5422.6,0.0,-2591.7
2024-10-24 20:00:00+00:00,100.93,5161.63,0.0,-2125.8
2024-10-24 21:00:00+00:00,86.56,5061.38,0.0,-2080.6
2024-10-24 22:00:00+00:00,79.85,4858.25,0.0,-1514.9
2024-10-24 23:00:00+00:00,77.7,4507.7,0.0,-1242.3
2024-10-25 00:00:00+00:00,77.02,4295.83,0.0,-1083.0
2024-10-25 01:00:00+00:00,78.78,4284.98,0.0,-1088.3
2024-10-25 02:00:00+00:00,78.35,4310.48,0.0,-1043.4
2024-10-25 03:00:00+00:00,93.0,4699.5,0.0,-1790.3
2024-10-25 04:00:00+00:00,132.0,5301.65,0.0,-2110.0
2024-10-25 05:00:00+00:00,167.99,5673.63,94.73,-2119.1
2024-10-25 06:00:00+00:00,142.38,5541.48,528.83,-1869.7
2024-10-25 07:00:00+00:00,117.4,5233.33,1118.3,-868.2
2024-10-25 08:00:00+00:00,103.66,4963.93,1620.98,-42.7
2024-10-25 09:00:00+00:00,86.97,4839.33,2052.13,168.8
2024-10-25 10:00:00+00:00,79.66,4587.3,2030.7,412.7
2024-10-25 11:00:00+00:00,75.35,4433.38,1923.48,421.6
2024-10-25 12:00:00+00:00,78.76,4685.48,1742.05,76.0
2024-10-25 13:00:00+00:00,92.78,4998.58,1243.75,-547.2
2024-10-25 14:00:00+00:00,121.67,5539.0,623.33,-1807.9
2024-10-25 15:00:00+00:00,184.01,5858.28,51.15,-2520.6
2024-10-25 16:00:00+00:00,221.69,5930.15,0.0,-2563.1
2024-10-25 17:00:00+00:00,183.65,5958.05,0.0,-2526.2
2024-10-25 18:00:00+00:00,155.52,5722.0,0.0,-2967.9
2024-10-25 19:00:00+00:00,121.16,5397.98,0.0,-1739.3
2024-10-25 20:00:00+00:00,112.59,5089.2,0.0,-1283.3
2024-10-25 21:00:00+00:00,108.02,4952.5,0.0,-1235.5
2024-10-25 22:00:00+00:00,110.79,4614.03,0.0,-1604.5
2024-10-25 23:00:00+00:00,104.57,4279.73,0.0,-1188.3
2024-10-26 00:00:00+00:00,101.54,4104.68,0.0,-998.2
2024-10-26 01:00:00+00:00,101.58,4058.53,0.0,-966.8
2024-10-26 02:00:00+00:00,99.14,4098.83,0.0,-954.8
2024-10-26 03:00:00+00:00,100.64,4209.23,0.0,-1125.7
2024-10-26 04:00:00+00:00,108.3,4483.0,0.0,-1399.9
2024-10-26 05:00:00+00:00,121.47,4699.83,85.23,-1459.8
2024-10-26 06:00:00+00:00,118.87,4706.08,599.68,-621.0
2024-10-26 07:00:00+00:00,112.04,4421.7,1295.15,555.8
2024-10-26 08:00:00+00:00,96.79,4128.5,1941.48,1310.2
2024-10-26 09:00:00+00:00,77.79,4078.2,2078.18,1773.4
2024-10-26 10:00:00+00:00,68.15,4012.98,1545.88,1929.0
2024-10-26 11:00:00+00:00,62.66,3828.5,1867.83,1991.4
2024-10-26 12:00:00+00:00,64.6,3903.45,1671.55,1587.2
2024-10-26 13:00:00+00:00,83.98,4204.98,1191.95,714.4
2024-10-26 14:00:00+00:00,110.23,4734.48,531.2,-608.6
2024-10-26 15:00:00+00:00,163.74,5104.23,46.05,-1593.0
2024-10-26 16:00:00+00:00,172.57,5375.55,0.0,-2006.1
2024-10-26 17:00:00+00:00,167.18,5322.15,0.0,-1970.2
2024-10-26 18:00:00+00:00,133.06,5153.3,0.0,-1882.4
2024-10-26 19:00:00+00:00,116.57,4874.6,0.0,-1707.1
2024-10-26 20:00:00+00:00,101.89,4608.25,0.0,-1410.4
2024-10-26 21:00:00+00:00,85.76,4454.43,0.0,-1563.2
2024-10-26 22:00:00+00:00,92.52,4154.8,0.0,-1209.5
2024-10-26 23:00:00+00:00,84.04,3887.55,0.0,-959.8
2024-10-27 00:00:00+00:00,82.23,3749.53,0.0,-818.1
2024-10-27 01:00:00+00:00,80.43,3754.55,0.0,-791.1
2024-10-27 02:00:00+00:00,76.1,3716.38,0.0,-756.4
2024-10-27 03:00:00+00:00,77.08,3762.75,0.0,-757.0
2024-10-27 04:00:00+00:00,86.81,3904.6,0.0,-940.4
2024-10-27 05:00:00+00:00,87.3,4122.98,109.2,-1108.6
2024-10-27 06:00:00+00:00,87.86,4305.78,632.85,-774.3
2024-10-27 07:00:00+00:00,84.04,4259.7,1391.9,194.2
2024-10-27 08:00:00+00:00,66.27,4111.9,2062.38,1259.7
2024-10-27 09:00:00+00:00,54.72,3918.43,2285.4,1745.0
2024-10-27 10:00:00+00:00,42.5,3925.88,2013.4,1915.1
2024-10-27 11:00:00+00:00,39.99,3896.58,2125.83,1834.1
2024-10-27 12:00:00+00:00,40.0,3746.53,1940.98,1673.5
2024-10-27 13:00:00+00:00,64.84,3842.15,1245.38,1004.5
2024-10-27 14:00:00+00:00,116.03,4135.15,526.58,-16.3
2024-10-27 15:00:00+00:00,149.05,4663.98,43.05,-1275.5
2024-10-27 16:00:00+00:00,178.46,5050.4,0.0,-1812.6
2024-10-27 17:00:00+00:00,166.42,5393.85,0.0,-2158.8
2024-10-27 18:00:00+00:00,162.47,5389.6,0.0,-2182.8
2024-10-27 19:00:00+00:00,136.15,5196.03,0.0,-1988.2
2024-10-27 20:00:00+00:00,125.1,4893.18,0.0,-1746.3
2024-10-27 21:00:00+00:00,115.23,4606.2,0.0,-1407.0
2024-10-27 22:00:00+00:00,102.99,4430.53,0.0,-1225.2
2024-10-27 23:00:00+00:00,96.16,4047.15,0.0,-1071.4
2024-10-28 00:00:00+00:00,95.86,3815.83,0.0,-988.1
2024-10-28 01:00:00+00:00,90.08,3714.28,0.0,-940.0
2024-10-28 02:00:00+00:00,85.46,3734.78,0.0,-994.3
2024-10-28 03:00:00+00:00,87.84,3807.25,0.0,-934.3
2024-10-28 04:00:00+00:00,102.25,4291.63,0.0,-1623.7
2024-10-28 05:00:00+00:00,130.32,5124.48,81.43,-2403.5
2024-10-28 06:00:00+00:00,152.14,5477.03,571.23,-2064.9
2024-10-28 07:00:00+00:00,124.43,5313.85,1314.03,-1535.7
2024-10-28 08:00:00+00:00,112.74,4967.1,1928.85,-502.8
2024-10-28 09:00:00+00:00,98.41,4657.03,2058.65,385.8
2024-10-28 10:00:00+00:00,99.25,4592.68,1967.3,455.6
2024-10-28 11:00:00+00:00,95.79,4543.03,1705.73,380.0
2024-10-28 12:00:00+00:00,102.33,4431.05,1544.53,287.7
2024-10-28 13:00:00+00:00,115.15,4551.43,1030.95,-78.8
2024-10-28 14:00:00+00:00,126.82,4917.03,449.8,-881.3
2024-10-28 15:00:00+00:00,178.91,5347.3,34.03,-2165.3
2024-10-28 16:00:00+00:00,209.32,5681.63,0.0,-2693.9
2024-10-28 17:00:00+00:00,173.81,5908.73,0.0,-2785.2
2024-10-28 18:00:00+00:00,147.34,5841.75,0.0,-2711.3
2024-10-28 19:00:00+00:00,124.53,5615.55,0.0,-2791.0
2024-10-28 20:00:00+00:00,115.24,5266.6,0.0,-2106.0
2024-10-28 21:00:00+00:00,110.31,5008.88,0.0,-1659.3
2024-10-28 22:00:00+00:00,102.8,4900.23,0.0,-1672.6
2024-10-28 23:00:00+00:00,101.53,4524.03,0.0,-1209.0
2024-10-29 00:00:00+00:00,100.26,4228.23,0.0,-1008.0
2024-10-29 01:00:00+00:00,99.56,4073.93,0.0,-840.6
2024-10-29 02:00:00+00:00,99.44,4082.63,0.0,-881.3
2024-10-29 03:00:00+00:00,101.34,4157.45,0.0,-857.7
2024-10-29 04:00:00+00:00,114.61,4599.73,0.0,-1609.4
2024-10-29 05:00:00+00:00,128.89,5265.53,64.58,-2286.0
2024-10-29 06:00:00+00:00,154.94,5636.08,346.95,-1994.4
2024-10-29 07:00:00+00:00,152.78,5462.48,848.58,-1414.6
2024-10-29 08:00:00+00:00,130.25,5114.93,1492.9,-194.3
2024-10-29 09:00:00+00:00,120.93,4767.28,2054.85,896.1
2024-10-29 10:00:00+00:00,113.38,4685.55,1962.85,1031.1
2024-10-29 11:00:00+00:00,105.69,4671.68,1983.2,1095.1
2024-10-29 12:00:00+00:00,118.58,4502.3,1923.5,999.4
2024-10-29 13:00:00+00:00,136.66,4623.38,1225.18,688.8
2024-10-29 14:00:00+00:00,173.66,5082.88,500.7,-314.1
2024-10-29 15:00:00+00:00,220.09,5478.7,35.0,-1644.5
2024-10-29 16:00:00+00:00,280.07,5927.9,0.0,-2538.0
2024-10-29 17:00:00+00:00,249.92,5987.03,0.0,-2498.3
2024-10-29 18:00:00+00:00,193.98,5906.33,0.0,-2401.8
2024-10-29 19:00:00+00:00,140.27,5684.33,0.0,-2747.0
2024-10-29 20:00:00+00:00,124.94,5346.53,0.0,-1760.5
2024-10-29 21:00:00+00:00,119.0,5086.03,0.0,-1395.0
2024-10-29 22:00:00+00:00,104.05,4950.2,0.0,-1436.6
2024-10-29 23:00:00+00:00,101.55,4586.85,0.0,-870.1
2024-10-30 00:00:00+00:00,101.59,4283.68,0.0,-1003.4
2024-10-30 01:00:00+00:00,99.21,4143.15,0.0,-916.7
2024-10-30 02:00:00+00:00,99.3,4147.08,0.0,-791.7
2024-10-30 03:00:00+00:00,101.97,4264.83,0.0,-910.3
2024-10-30 04:00:00+00:00,108.96,4677.68,0.0,-1111.2
2024-10-30 05:00:00+00:00,124.63,5247.18,45.7,-1750.5
2024-10-30 06:00:00+00:00,138.61,5429.83,364.73,-1768.7
2024-10-30 07:00:00+00:00,140.45,5206.8,890.35,-810.3
2024-10-30 08:00:00+00:00,125.03,4891.8,1500.98,17.6
2024-10-30 09:00:00+00:00,116.04,4646.6,1979.05,935.6
2024-10-30 10:00:00+00:00,110.49,4711.18,2147.68,927.3
2024-10-30 11:00:00+00:00,102.58,4756.93,1814.28,934.8
2024-10-30 12:00:00+00:00,107.29,4757.08,1388.03,331.9
2024-10-30 13:00:00+00:00,112.5,5004.95,902.85,-688.3
2024-10-30 14:00:00+00:00,127.99,5417.05,389.7,-2298.4
2024-10-30 15:00:00+00:00,162.78,5737.38,30.9,-2707.6
2024-10-30 16:00:00+00:00,190.48,6007.5,0.0,-3320.4
2024-10-30 17:00:00+00:00,192.01,6014.88,0.0,-2460.2
2024-10-30 18:00:00+00:00,158.5,5908.85,0.0,-2252.2
2024-10-30 19:00:00+00:00,151.89,5687.63,0.0,-2128.7
2024-10-30 20:00:00+00:00,126.48,5404.63,0.0,-1880.2
2024-10-30 21:00:00+00:00,116.39,5185.4,0.0,-1562.3
2024-10-30 22:00:00+00:00,112.75,5007.15,0.0,-1340.8
2024-10-30 23:00:00+00:00,105.04,4625.18,0.0,-957.4
2024-10-31 00:00:00+00:00,99.01,4310.6,0.0,-961.4
2024-10-31 01:00:00+00:00,97.07,4193.75,0.0,-937.5
2024-10-31 02:00:00+00:00,95.32,4196.2,0.0,-904.0
2024-10-31 03:00:00+00:00,98.65,4343.3,0.0,-1084.5
2024-10-31 04:00:00+00:00,102.92,4707.05,0.0,-1207.9
2024-10-31 05:00:00+00:00,122.03,5251.15,50.93,-1930.9
2024-10-31 06:00:00+00:00,134.33,5405.83,460.0,-1981.5
2024-10-31 07:00:00+00:00,133.82,5123.65,1097.58,-1080.1
2024-10-31 08:00:00+00:00,123.69,4809.45,1735.43,-253.5
2024-10-31 09:00:00+00:00,105.48,4577.53,2073.13,295.8
2024-10-31 10:00:00+00:00,98.44,4703.23,1861.78,127.2
2024-10-31 11:00:00+00:00,88.91,4711.85,1620.1,-6.0
2024-10-31 12:00:00+00:00,92.96,4715.2,1583.83,-546.2
2024-10-31 13:00:00+00:00,100.54,4990.15,1010.58,-1368.4
2024-10-31 14:00:00+00:00,124.33,5430.85,413.45,-2258.0
2024-10-31 15:00:00+00:00,152.59,5691.78,23.48,-2046.6
2024-10-31 16:00:00+00:00,149.93,5954.28,0.0,-2401.7
2024-10-31 17:00:00+00:00,167.53,5757.13,0.0,-2206.8
2024-10-31 18:00:00+00:00,170.09,5614.03,0.0,-2206.8
2024-10-31 19:00:00+00:00,169.48,5482.48,0.0,-2206.8
2024-10-31 20:00:00+00:00,139.29,5324.4,0.0,-2206.8
2024-10-31 21:00:00+00:00,125.27,5119.45,0.0,-2206.8
2024-10-31 22:00:00+00:00,109.59,4881.28,0.0,-1986.3
2024-10-31 23:00:00+00:00,106.19,4320.43,0.0,-1409.0
2024-11-01 00:00:00+00:00,104.12,4014.95,0.0,-1164.3
2024-11-01 01:00:00+00:00,105.63,3894.33,0.0,-1106.2
2024-11-01 02:00:00+00:00,105.85,3858.4,0.0,-1090.6
2024-11-01 03:00:00+00:00,105.71,3883.03,0.0,-1220.3
2024-11-01 04:00:00+00:00,108.02,3867.35,0.0,-1156.5
2024-11-01 05:00:00+00:00,95.02,3696.58,46.7,-1391.7
2024-11-01 06:00:00+00:00,95.46,3822.73,468.85,-1553.8
2024-11-01 07:00:00+00:00,90.84,3780.5,1173.38,-929.7
2024-11-01 08:00:00+00:00,85.45,3607.9,1828.48,-195.4
2024-11-01 09:00:00+00:00,66.01,3360.88,2093.63,426.5
2024-11-01 10:00:00+00:00,45.38,3519.5,1913.15,495.2
2024-11-01 11:00:00+00:00,44.97,3499.3,1875.0,353.7
2024-11-01 12:00:00+00:00,44.17,3307.25,1664.0,41.1
2024-11-01 13:00:00+00:00,67.64,3543.65,1021.98,-539.7
2024-11-01 14:00:00+00:00,88.04,3934.1,393.18,-1666.9
2024-11-01 15:00:00+00:00,124.01,4458.88,21.75,-2221.1
2024-11-01 16:00:00+00:00,120.03,4744.4,0.0,-2210.8
2024-11-01 17:00:00+00:00,115.88,4647.4,0.0,-2210.8
2024-11-01 18:00:00+00:00,129.12,4579.85,0.0,-2210.8
2024-11-01 19:00:00+00:00,140.91,4516.05,0.0,-2210.8
2024-11-01 20:00:00+00:00,118.02,4387.4,0.0,-2099.7
2024-11-01 21:00:00+00:00,108.95,4260.75,0.0,-1754.1
2024-11-01 22:00:00+00:00,103.71,4098.85,0.0,-1346.8
2024-11-01 23:00:00+00:00,99.11,3774.63,0.0,-747.4
2024-11-02 00:00:00+00:00,92.87,3570.15,0.0,-574.0
2024-11-02 01:00:00+00:00,89.21,3455.98,0.0,-389.6
2024-11-02 02:00:00+00:00,86.0,3417.1,0.0,-285.1
2024-11-02 03:00:00+00:00,86.85,4118.35,0.0,-815.1
2024-11-02 04:00:00+00:00,92.32,4246.75,0.0,-892.7
2024-11-02 05:00:00+00:00,97.06,4505.53,32.53,-1219.7
2024-11-02 06:00:00+00:00,100.11,4758.03,353.73,-1236.5
2024-11-02 07:00:00+00:00,101.16,4812.88,982.45,-607.6
2024-11-02 08:00:00+00:00,97.33,4730.93,1590.78,92.6
2024-11-02 09:00:00+00:00,93.51,4634.75,1858.08,483.1
2024-11-02 10:00:00+00:00,86.34,4715.15,1869.4,472.6
2024-11-02 11:00:00+00:00,89.38,4660.5,1444.73,457.9
2024-11-02 12:00:00+00:00,91.98,4419.05,1234.4,361.8
2024-11-02 13:00:00+00:00,101.03,4454.1,775.65,32.5
2024-11-02 14:00:00+00:00,119.53,4675.0,309.35,-740.3
2024-11-02 15:00:00+00:00,127.48,5053.75,14.8,-1624.8
2024-11-02 16:00:00+00:00,156.27,5324.43,0.0,-2369.0
2024-11-02 17:00:00+00:00,150.64,5520.38,0.0,-2231.1
2024-11-02 18:00:00+00:00,135.96,5453.9,0.0,-2262.1
2024-11-02 19:00:00+00:00,122.26,5271.95,0.0,-1778.1
2024-11-02 20:00:00+00:00,111.13,5010.35,0.0,-1438.1
2024-11-02 21:00:00+00:00,106.28,4757.95,0.0,-1030.4
2024-11-02 22:00:00+00:00,100.61,4608.78,0.0,-933.1
2024-11-02 23:00:00+00:00,101.19,4256.33,0.0,-1106.8
2024-11-03 00:00:00+00:00,96.83,4026.2,0.0,-1003.2
2024-11-03 01:00:00+00:00,89.18,3839.03,0.0,-786.3
2024-11-03 02:00:00+00:00,85.09,3840.25,0.0,-824.1
2024-11-03 03:00:00+00:00,87.82,3893.93,0.0,-650.5
2024-11-03 04:00:00+00:00,88.91,4054.03,0.0,-810.5
2024-11-03 05:00:00+00:00,95.99,4292.53,48.4,-1063.6
2024-11-03 06:00:00+00:00,98.52,4419.7,509.98,-955.1
2024-11-03 07:00:00+00:00,88.86,4344.35,1313.13,-218.2
2024-11-03 08:00:00+00:00,85.74,4194.75,2086.13,897.2
2024-11-03 09:00:00+00:00,71.42,4076.78,2419.35,1440.4
2024-11-03 10:00:00+00:00,61.19,4146.05,1830.2,1515.2
2024-11-03 11:00:00+00:00,52.63,4106.75,1933.9,1419.7
2024-11-03 12:00:00+00:00,61.64,4015.58,2037.53,936.8
2024-11-03 13:00:00+00:00,89.51,4218.3,1277.5,160.1
2024-11-03 14:00:00+00:00,106.06,4629.55,457.18,-1030.7
2024-11-03 15:00:00+00:00,116.44,5129.83,18.25,-2056.9
2024-11-03 16:00:00+00:00,130.57,5483.05,0.0,-2500.1
2024-11-03 17:00:00+00:00,130.42,5563.9,0.0,-2366.8
2024-11-03 18:00:00+00:00,124.0,5429.13,0.0,-2250.6
2024-11-03 19:00:00+00:00,114.15,5211.3,0.0,-2036.9
2024-11-03 20:00:00+00:00,113.68,4909.65,0.0,-1627.7
2024-11-03 21:00:00+00:00,105.24,4670.48,0.0,-1244.6
2024-11-03 22:00:00+00:00,98.84,4519.65,0.0,-1078.1
2024-11-03 23:00:00+00:00,92.04,4293.53,0.0,-1262.6
2024-11-04 00:00:00+00:00,89.96,4066.53,0.0,-1145.7
2024-11-04 01:00:00+00:00,90.07,3991.8,0.0,-1127.7
2024-11-04 02:00:00+00:00,89.88,4009.5,0.0,-1126.5
2024-11-04 03:00:00+00:00,90.8,4176.7,0.0,-1242.2
2024-11-04 04:00:00+00:00,99.0,4627.05,0.0,-1366.0
2024-11-04 05:00:00+00:00,125.67,5405.03,46.9,-1731.4
2024-11-04 06:00:00+00:00,143.51,5595.9,528.35,-1454.8
2024-11-04 07:00:00+00:00,137.34,5530.18,1309.68,-598.6
2024-11-04 08:00:00+00:00,121.48,5362.18,2007.53,204.8
2024-11-04 09:00:00+00:00,99.97,5258.1,2367.8,839.4
2024-11-04 10:00:00+00:00,96.21,5246.0,2219.53,941.8
2024-11-04 11:00:00+00:00,94.37,5330.43,2252.18,736.0
2024-11-04 12:00:00+00:00,97.49,5282.8,1857.93,511.8
2024-11-04 13:00:00+00:00,102.9,5484.4,1151.45,-347.8
2024-11-04 14:00:00+00:00,138.62,5870.08,415.5,-1476.7
2024-11-04 15:00:00+00:00,226.78,6203.7,16.08,-2068.1
2024-11-04 16:00:00+00:00,309.45,6301.5,0.0,-2031.6
2024-11-04 17:00:00+00:00,251.75,6329.15,0.0,-1878.2
2024-11-04 18:00:00+00:00,195.32,6218.2,0.0,-2115.8
2024-11-04 19:00:00+00:00,152.97,5961.5,0.0,-2619.1
2024-11-04 20:00:00+00:00,120.21,5654.4,0.0,-2294.2
2024-11-04 21:00:00+00:00,108.26,5370.28,0.0,-1837.6
2024-11-04 22:00:00+00:00,98.08,5229.73,0.0,-1797.5
2024-11-04 23:00:00+00:00,101.7,4764.03,0.0,-1178.4
2024-11-05 00:00:00+00:00,94.0,4467.88,0.0,-1042.8
2024-11-05 01:00:00+00:00,91.34,4339.4,0.0,-978.5
2024-11-05 02:00:00+00:00,93.59,4341.78,0.0,-942.8
2024-11-05 03:00:00+00:00,95.94,4495.65,0.0,-1081.9
2024-11-05 04:00:00+00:00,105.31,4941.43,0.0,-1221.7
2024-11-05 05:00:00+00:00,124.9,5603.83,35.38,-1670.3
2024-11-05 06:00:00+00:00,146.06,5749.43,431.38,-1397.5
2024-11-05 07:00:00+00:00,138.35,5654.1,1239.75,-541.5
2024-11-05 08:00:00+00:00,118.23,5486.5,2035.58,241.9
2024-11-05 09:00:00+00:00,105.84,5293.65,2429.88,953.9
2024-11-05 10:00:00+00:00,95.24,4953.03,2249.8,1132.3
2024-11-05 11:00:00+00:00,94.89,5226.53,2201.35,988.3
2024-11-05 12:00:00+00:00,99.25,5416.58,2001.23,728.8
2024-11-05 13:00:00+00:00,110.14,5620.58,1248.03,-112.9
2024-11-05 14:00:00+00:00,139.36,6014.18,439.75,-1188.7
2024-11-05 15:00:00+00:00,305.38,6325.75,14.3,-1547.1
2024-11-05 16:00:00+00:00,535.93,6370.68,0.0,-1613.2
2024-11-05 17:00:00+00:00,484.13,6420.03,0.0,-1310.6
2024-11-05 18:00:00+00:00,317.88,6322.33,0.0,-1500.1
2024-11-05 19:00:00+00:00,179.23,6064.0,0.0,-2264.2
2024-11-05 20:00:00+00:00,132.54,5747.73,0.0,-2011.5
2024-11-05 21:00:00+00:00,117.77,5463.78,0.0,-1532.8
2024-11-05 22:00:00+00:00,110.03,5313.8,0.0,-1450.2
2024-11-05 23:00:00+00:00,105.95,4822.28,0.0,-1013.9
2024-11-06 00:00:00+00:00,99.05,4492.18,0.0,-597.9
2024-11-06 01:00:00+00:00,95.49,4375.25,0.0,-484.1
2024-11-06 02:00:00+00:00,97.42,4415.1,0.0,-574.7
2024-11-06 03:00:00+00:00,101.05,4585.15,0.0,-696.7
2024-11-06 04:00:00+00:00,109.25,5106.88,0.0,-1107.1
2024-11-06 05:00:00+00:00,156.82,5721.15,27.73,-1653.8
2024-11-06 06:00:00+00:00,277.76,5760.28,356.0,-1143.5
2024-11-06 07:00:00+00:00,223.6,5434.2,1034.93,-177.9
2024-11-06 08:00:00+00:00,134.83,5121.28,1753.4,1058.7
2024-11-06 09:00:00+00:00,122.08,4820.18,1987.58,1678.6
2024-11-06 10:00:00+00:00,117.02,4831.9,1759.78,1567.7
2024-11-06 11:00:00+00:00,113.61,4993.38,1836.58,1432.5
2024-11-06 12:00:00+00:00,124.47,5064.13,1698.23,1134.0
2024-11-06 13:00:00+00:00,140.59,5374.4,994.33,121.0
2024-11-06 14:00:00+00:00,253.81,5867.1,322.33,-907.2
2024-11-06 15:00:00+00:00,480.8,6268.05,8.63,-3230.8
2024-11-06 16:00:00+00:00,775.01,6419.38,0.0,-4639.7
2024-11-06 17:00:00+00:00,741.59,6393.15,0.0,-4087.0
2024-11-06 18:00:00+00:00,421.68,6285.73,0.0,-3225.6
2024-11-06 19:00:00+00:00,200.02,6077.6,0.0,-2133.9
2024-11-06 20:00:00+00:00,132.25,5804.43,0.0,-1744.5
2024-11-06 21:00:00+00:00,118.87,5566.78,0.0,-1385.7
2024-11-06 22:00:00+00:00,111.5,5418.3,0.0,-1173.1
2024-11-06 23:00:00+00:00,109.93,4922.4,0.0,-1140.3
2024-11-07 00:00:00+00:00,103.27,4614.68,0.0,-788.4
2024-11-07 01:00:00+00:00,99.95,4504.73,0.0,-692.9
2024-11-07 02:00:00+00:00,100.28,4540.28,0.0,-762.8
2024-11-07 03:00:00+00:00,103.4,4730.93,0.0,-869.7
2024-11-07 04:00:00+00:00,116.02,5224.9,0.0,-1287.2
2024-11-07 05:00:00+00:00,150.44,5825.63,22.58,-1646.6
2024-11-07 06:00:00+00:00,207.39,5842.18,348.1,-197.0
2024-11-07 07:00:00+00:00,183.78,5440.08,1063.08,-909.5
2024-11-07 08:00:00+00:00,138.58,5074.03,1869.93,1022.8
2024-11-07 09:00:00+00:00,124.97,4800.85,2127.73,1720.0
2024-11-07 10:00:00+00:00,124.93,5014.53,1838.0,1662.5
2024-11-07 11:00:00+00:00,123.79,5015.65,1828.75,1585.1
2024-11-07 12:00:00+00:00,131.94,4941.03,1761.55,1287.2
2024-11-07 13:00:00+00:00,136.39,5300.78,1111.25,139.5
2024-11-07 14:00:00+00:00,197.1,5857.45,378.85,-918.4
2024-11-07 15:00:00+00:00,342.99,6281.48,10.0,-2384.5
2024-11-07 16:00:00+00:00,472.67,6456.85,0.0,-2782.9
2024-11-07 17:00:00+00:00,283.14,6419.3,0.0,-2522.5
2024-11-07 18:00:00+00:00,178.89,6323.1,0.0,-2879.2
2024-11-07 19:00:00+00:00,160.83,6132.8,0.0,-2350.0
2024-11-07 20:00:00+00:00,121.14,5870.33,0.0,-2126.3
2024-11-07 21:00:00+00:00,115.23,5625.43,0.0,-1739.7
2024-11-07 22:00:00+00:00,103.5,5421.8,0.0,-1452.5
2024-11-07 23:00:00+00:00,105.79,5005.93,0.0,-1286.8
2024-11-08 00:00:00+00:00,101.22,4691.0,0.0,-966.4
2024-11-08 01:00:00+00:00,99.03,4590.58,0.0,-928.1
2024-11-08 02:00:00+00:00,98.74,4605.23,0.0,-955.0
2024-11-08 03:00:00+00:00,101.08,4765.13,0.0,-1083.8
2024-11-08 04:00:00+00:00,107.63,5221.7,0.0,-1260.3
2024-11-08 05:00:00+00:00,145.63,5872.7,29.5,-2523.0
2024-11-08 06:00:00+00:00,159.06,5859.78,354.95,-2268.8
2024-11-08 07:00:00+00:00,139.01,5465.8,984.2,-1533.5
2024-11-08 08:00:00+00:00,126.63,5084.85,1669.1,418.6
2024-11-08 09:00:00+00:00,117.34,4836.73,1971.03,1214.3
2024-11-08 10:00:00+00:00,110.94,4965.38,1720.15,1031.4
2024-11-08 11:00:00+00:00,105.59,5111.58,1680.63,674.4
2024-11-08 12:00:00+00:00,106.81,5167.3,1515.48,-28.0
2024-11-08 13:00:00+00:00,116.06,5356.68,920.53,-1234.2
2024-11-08 14:00:00+00:00,171.51,5847.75,305.1,-2298.3
2024-11-08 15:00:00+00:00,231.37,6229.5,6.95,-3034.3
2024-11-08 16:00:00+00:00,193.81,6371.73,0.0,-4572.9
2024-11-08 17:00:00+00:00,194.66,6333.53,0.0,-4186.3
2024-11-08 18:00:00+00:00,190.57,6198.68,0.0,-2966.7
2024-11-08 19:00:00+00:00,135.1,5971.5,0.0,-2596.0
2024-11-08 20:00:00+00:00,119.39,5761.4,0.0,-2323.2
2024-11-08 21:00:00+00:00,113.0,5539.9,0.0,-2154.5
2024-11-08 22:00:00+00:00,104.06,5385.35,0.0,-1912.5
2024-11-08 23:00:00+00:00,105.1,4938.45,0.0,-1641.2
2024-11-09 00:00:00+00:00,99.96,4581.93,0.0,-1412.9
2024-11-09 01:00:00+00:00,98.0,4414.6,0.0,-1477.4
2024-11-09 02:00:00+00:00,96.68,4374.53,0.0,-1443.2
2024-11-09 03:00:00+00:00,98.41,3958.53,0.0,-771.5
2024-11-09 04:00:00+00:00,100.72,4127.98,0.0,-944.2
2024-11-09 05:00:00+00:00,104.31,4451.58,18.33,-1202.8
2024-11-09 06:00:00+00:00,109.87,4672.95,313.2,-825.8
2024-11-09 07:00:00+00:00,114.1,4693.18,960.18,339.1
2024-11-09 08:00:00+00:00,114.6,4598.55,1777.65,1178.5
2024-11-09 09:00:00+00:00,109.97,4478.93,2250.3,1691.2
2024-11-09 10:00:00+00:00,106.4,4591.08,1932.08,1657.4
2024-11-09 11:00:00+00:00,106.88,4609.53,1875.78,1396.3
2024-11-09 12:00:00+00:00,108.0,4552.0,1791.0,835.2
2024-11-09 13:00:00+00:00,110.18,4714.98,1184.6,-375.7
2024-11-09 14:00:00+00:00,122.01,5044.13,474.63,-1764.4
2024-11-09 15:00:00+00:00,138.63,5383.33,7.35,-2689.8
2024-11-09 16:00:00+00:00,151.17,5554.65,0.0,-2679.6
2024-11-09 17:00:00+00:00,151.77,5581.5,0.0,-2687.3
2024-11-09 18:00:00+00:00,140.6,5414.35,0.0,-2436.3
2024-11-09 19:00:00+00:00,128.32,5244.1,0.0,-2147.5
2024-11-09 20:00:00+00:00,117.96,5033.2,0.0,-1926.7
2024-11-09 21:00:00+00:00,114.53,4799.13,0.0,-1535.8
2024-11-09 22:00:00+00:00,110.1,4610.23,0.0,-1315.8
2024-11-09 23:00:00+00:00,104.99,4288.55,0.0,-1021.5
2024-11-10 00:00:00+00:00,102.28,4056.25,0.0,-881.5
2024-11-10 01:00:00+00:00,102.26,3928.9,0.0,-951.8
2024-11-10 02:00:00+00:00,101.34,3913.2,0.0,-894.3
2024-11-10 03:00:00+00:00,101.51,3960.08,0.0,-663.2
2024-11-10 04:00:00+00:00,102.64,4075.43,0.0,-813.0
2024-11-10 05:00:00+00:00,100.65,4320.35,18.08,-984.8
2024-11-10 06:00:00+00:00,102.45,4461.0,304.25,-733.2
2024-11-10 07:00:00+00:00,105.84,4479.03,872.2,198.2
2024-11-10 08:00:00+00:00,111.02,4451.8,1526.5,899.1
2024-11-10 09:00:00+00:00,112.8,4312.28,2176.73,1351.9
2024-11-10 10:00:00+00:00,110.13,4336.45,2114.98,1439.7
2024-11-10 11:00:00+00:00,110.92,4378.93,1783.18,1369.3
2024-11-10 12:00:00+00:00,108.74,4319.13,1803.05,893.0
2024-11-10 13:00:00+00:00,112.94,4575.2,1123.53,-391.7
2024-11-10 14:00:00+00:00,124.92,4982.85,361.7,-1776.2
2024-11-10 15:00:00+00:00,133.88,5495.88,5.05,-2743.7
2024-11-10 16:00:00+00:00,155.03,5718.98,0.0,-2798.3
2024-11-10 17:00:00+00:00,145.98,5735.9,0.0,-2745.2
2024-11-10 18:00:00+00:00,138.44,5662.73,0.0,-2603.4
2024-11-10 19:00:00+00:00,125.31,5450.48,0.0,-2320.1
2024-11-10 20:00:00+00:00,115.28,5163.23,0.0,-2024.7
2024-11-10 21:00:00+00:00,111.1,4906.65,0.0,-1587.5
2024-11-10 22:00:00+00:00,108.02,4685.8,0.0,-1375.9
2024-11-10 23:00:00+00:00,109.7,4535.6,0.0,-1546.1
2024-11-11 00:00:00+00:00,103.81,4346.8,0.0,-1330.8
2024-11-11 01:00:00+00:00,100.04,4296.4,0.0,-1349.3
2024-11-11 02:00:00+00:00,98.73,4326.2,0.0,-1358.4
2024-11-11 03:00:00+00:00,98.68,4524.63,0.0,-1433.5
2024-11-11 04:00:00+00:00,104.73,5013.73,0.0,-1677.1
2024-11-11 05:00:00+00:00,126.35,5805.08,5.3,-3125.6
2024-11-11 06:00:00+00:00,154.72,5969.73,133.58,-3101.7
2024-11-11 07:00:00+00:00,186.55,5638.15,376.1,-2855.1
2024-11-11 08:00:00+00:00,135.86,5293.2,726.85,-1012.6
2024-11-11 09:00:00+00:00,130.05,5044.23,1313.13,-277.3
2024-11-11 10:00:00+00:00,124.27,5047.6,2021.9,-172.8
2024-11-11 11:00:00+00:00,119.7,5272.03,1147.95,-235.9
2024-11-11 12:00:00+00:00,130.74,5341.15,1244.95,-576.7
2024-11-11 13:00:00+00:00,170.06,5640.4,788.13,-1500.1
2024-11-11 14:00:00+00:00,380.96,6083.68,237.43,-3101.7
2024-11-11 15:00:00+00:00,737.39,6426.65,2.45,-3782.8
2024-11-11 16:00:00+00:00,707.63,6485.25,0.0,-4328.8
2024-11-11 17:00:00+00:00,509.91,6464.45,0.0,-3645.2
2024-11-11 18:00:00+00:00,440.76,6392.93,0.0,-3375.5
2024-11-11 19:00:00+00:00,232.21,6192.7,0.0,-3311.5
2024-11-11 20:00:00+00:00,203.03,5943.3,0.0,-2603.0
2024-11-11 21:00:00+00:00,146.32,5686.53,0.0,-2433.7
2024-11-11 22:00:00+00:00,123.38,5483.73,0.0,-2270.3
2024-11-11 23:00:00+00:00,110.05,5005.88,0.0,-1825.6
2024-11-12 00:00:00+00:00,105.07,4707.2,0.0,-1520.8
2024-11-12 01:00:00+00:00,103.23,4602.68,0.0,-1435.3
2024-11-12 02:00:00+00:00,107.78,4617.9,0.0,-1390.3
2024-11-12 03:00:00+00:00,112.71,4780.2,0.0,-1343.1
2024-11-12 04:00:00+00:00,121.21,5249.8,0.0,-1517.9
2024-11-12 05:00:00+00:00,188.99,5953.35,2.85,-2365.3
2024-11-12 06:00:00+00:00,360.6,6032.9,109.83,-2374.0
2024-11-12 07:00:00+00:00,345.71,5657.78,289.95,-1653.4
2024-11-12 08:00:00+00:00,321.98,5537.5,451.3,-327.9
2024-11-12 09:00:00+00:00,280.86,5398.5,781.23,237.0
2024-11-12 10:00:00+00:00,269.1,6334.88,1520.5,228.0
2024-11-12 11:00:00+00:00,280.74,5885.75,769.45,99.9
2024-11-12 12:00:00+00:00,298.4,5439.0,515.8,-348.3
2024-11-12 13:00:00+00:00,307.5,5741.15,296.8,-1142.6
2024-11-12 14:00:00+00:00,613.5,6174.63,86.68,-2857.8
2024-11-12 15:00:00+00:00,750.11,6560.7,0.95,-3917.8
2024-11-12 16:00:00+00:00,895.2,6767.53,0.0,-4328.9
2024-11-12 17:00:00+00:00,464.43,6548.38,0.0,-3834.4
2024-11-12 18:00:00+00:00,616.58,6408.0,0.0,-3689.5
2024-11-12 19:00:00+00:00,250.03,6209.25,0.0,-3026.6
2024-11-12 20:00:00+00:00,195.98,5974.7,0.0,-2020.8
2024-11-12 21:00:00+00:00,132.32,5745.48,0.0,-1658.7
2024-11-12 22:00:00+00:00,119.73,5659.63,0.0,-1499.9
2024-11-12 23:00:00+00:00,118.55,5152.68,0.0,-1143.8
2024-11-13 00:00:00+00:00,112.72,4778.18,0.0,-738.4
2024-11-13 01:00:00+00:00,108.56,4643.4,0.0,-591.1
2024-11-13 02:00:00+00:00,108.44,4651.2,0.0,-601.9
2024-11-13 03:00:00+00:00,112.16,4850.65,0.0,-756.5
2024-11-13 04:00:00+00:00,124.93,5380.78,0.0,-1007.8
2024-11-13 05:00:00+00:00,201.87,6032.68,2.08,-2205.3
2024-11-13 06:00:00+00:00,399.46,6300.63,90.13,-2457.5
2024-11-13 07:00:00+00:00,561.71,6277.0,255.0,-1395.4
2024-11-13 08:00:00+00:00,499.97,6309.65,431.5,-143.1
2024-11-13 09:00:00+00:00,455.2,6303.43,1014.43,58.4
2024-11-13 10:00:00+00:00,444.28,6836.4,1985.18,-179.1
2024-11-13 11:00:00+00:00,493.48,6598.35,839.48,-135.4
2024-11-13 12:00:00+00:00,493.47,6262.98,443.18,-454.4
2024-11-13 13:00:00+00:00,516.91,6358.8,256.33,-1161.6
2024-11-13 14:00:00+00:00,713.8,6592.48,72.55,-2895.8
2024-11-13 15:00:00+00:00,554.47,6790.78,0.65,-3160.8
2024-11-13 16:00:00+00:00,655.31,6881.25,0.0,-4495.4
2024-11-13 17:00:00+00:00,529.96,6715.75,0.0,-3792.4
2024-11-13 18:00:00+00:00,553.68,6595.43,0.0,-3102.8
2024-11-13 19:00:00+00:00,309.5,6353.7,0.0,-3111.8
2024-11-13 20:00:00+00:00,183.37,6081.68,0.0,-2265.2
2024-11-13 21:00:00+00:00,150.64,5851.23,0.0,-2017.4
2024-11-13 22:00:00+00:00,125.19,5748.3,0.0,-1905.1
2024-11-13 23:00:00+00:00,119.81,5257.83,0.0,-1921.6
2024-11-14 00:00:00+00:00,115.01,4893.23,0.0,-1437.8
2024-11-14 01:00:00+00:00,109.72,4768.85,0.0,-1377.9
2024-11-14 02:00:00+00:00,105.84,4781.68,0.0,-1405.8
2024-11-14 03:00:00+00:00,109.77,4954.4,0.0,-1515.2
2024-11-14 04:00:00+00:00,137.93,5454.4,0.0,-1866.1
2024-11-14 05:00:00+00:00,181.43,6139.68,2.23,-2899.8
2024-11-14 06:00:00+00:00,263.85,6451.0,124.9,-4331.6
2024-11-14 07:00:00+00:00,595.36,6554.7,418.0,-4356.4
2024-11-14 08:00:00+00:00,425.8,6603.73,702.3,-3903.8
2024-11-14 09:00:00+00:00,325.03,6648.93,1151.33,-3497.4
2024-11-14 10:00:00+00:00,351.08,7015.8,1834.4,-3643.2
2024-11-14 11:00:00+00:00,316.24,6833.93,1029.5,-3939.3
2024-11-14 12:00:00+00:00,220.73,6612.98,763.93,-3973.0
2024-11-14 13:00:00+00:00,362.24,6607.73,498.13,-4236.7
2024-11-14 14:00:00+00:00,384.13,6694.5,169.2,-5283.9
2024-11-14 15:00:00+00:00,377.58,6859.48,1.8,-5239.1
2024-11-14 16:00:00+00:00,478.72,6912.1,0.0,-5365.3
2024-11-14 17:00:00+00:00,418.99,6763.15,0.0,-4223.2
2024-11-14 18:00:00+00:00,346.23,6618.48,0.0,-4707.2
2024-11-14 19:00:00+00:00,229.82,6392.63,0.0,-3675.5
2024-11-14 20:00:00+00:00,152.07,6121.13,0.0,-2798.2
2024-11-14 21:00:00+00:00,128.31,5894.85,0.0,-2305.6
2024-11-14 22:00:00+00:00,118.99,5696.2,0.0,-1963.9
2024-11-14 23:00:00+00:00,127.7,5317.35,0.0,-1831.1
2024-11-15 00:00:00+00:00,113.72,4956.88,0.0,-1460.5
2024-11-15 01:00:00+00:00,110.91,4810.8,0.0,-1328.2
2024-11-15 02:00:00+00:00,108.87,4815.95,0.0,-1360.2
2024-11-15 03:00:00+00:00,110.14,4975.35,0.0,-1550.4
2024-11-15 04:00:00+00:00,122.67,5317.6,0.0,-2014.6
2024-11-15 05:00:00+00:00,150.95,6097.7,1.85,-2758.7
2024-11-15 06:00:00+00:00,170.03,6458.7,159.63,-3379.6
2024-11-15 07:00:00+00:00,300.68,6620.35,556.3,-4277.9
2024-11-15 08:00:00+00:00,208.97,6655.63,943.18,-3648.0
2024-11-15 09:00:00+00:00,150.88,6646.58,1134.5,-2943.9
2024-11-15 10:00:00+00:00,137.14,6681.28,1433.78,-2981.3
2024-11-15 11:00:00+00:00,146.13,6754.0,1096.58,-3360.3
2024-11-15 12:00:00+00:00,153.35,6608.6,1042.5,-3161.6
2024-11-15 13:00:00+00:00,165.57,6541.85,660.33,-3991.0
2024-11-15 14:00:00+00:00,217.16,6604.55,201.13,-4629.5
2024-11-15 15:00:00+00:00,199.75,6755.93,1.98,-4713.4
2024-11-15 16:00:00+00:00,207.78,6696.5,0.0,-4744.3
2024-11-15 17:00:00+00:00,203.16,6610.03,0.0,-4003.0
2024-11-15 18:00:00+00:00,215.08,6514.0,0.0,-4318.5
2024-11-15 19:00:00+00:00,202.29,6281.5,0.0,-3172.8
2024-11-15 20:00:00+00:00,180.55,6060.83,0.0,-2646.3
2024-11-15 21:00:00+00:00,169.66,5817.8,0.0,-2306.7
2024-11-15 22:00:00+00:00,143.21,5597.38,0.0,-2039.8
2024-11-15 23:00:00+00:00,137.9,5066.7,0.0,-1703.3
2024-11-16 00:00:00+00:00,130.64,4716.23,0.0,-1347.3
2024-11-16 01:00:00+00:00,119.54,4578.1,0.0,-1343.3
2024-11-16 02:00:00+00:00,123.71,4551.88,0.0,-1336.3
2024-11-16 03:00:00+00:00,134.13,4508.0,0.0,-1384.0
2024-11-16 04:00:00+00:00,140.96,4706.33,0.0,-1338.5
2024-11-16 05:00:00+00:00,182.71,4935.58,1.45,-1500.3
2024-11-16 06:00:00+00:00,181.59,5074.55,124.15,-1865.2
2024-11-16 07:00:00+00:00,174.45,4958.45,411.28,-1229.2
2024-11-16 08:00:00+00:00,136.07,4794.6,799.2,-419.2
2024-11-16 09:00:00+00:00,122.99,4686.98,1462.88,413.4
2024-11-16 10:00:00+00:00,106.55,4796.9,2029.98,770.8
2024-11-16 11:00:00+00:00,102.64,4811.73,1877.53,499.5
2024-11-16 12:00:00+00:00,109.31,4796.35,1113.18,172.4
2024-11-16 13:00:00+00:00,147.82,5031.38,684.95,-1027.4
2024-11-16 14:00:00+00:00,170.74,5424.38,203.68,-1984.9
2024-11-16 15:00:00+00:00,195.73,5854.45,1.78,-2172.5
2024-11-16 16:00:00+00:00,208.33,5975.18,0.0,-2310.1
2024-11-16 17:00:00+00:00,231.91,5816.78,0.0,-2310.1
2024-11-16 18:00:00+00:00,175.38,5700.38,0.0,-2172.2
2024-11-16 19:00:00+00:00,187.65,5545.73,0.0,-1949.4
2024-11-16 20:00:00+00:00,200.88,5337.48,0.0,-1929.6
2024-11-16 21:00:00+00:00,178.13,5124.18,0.0,-1898.9
2024-11-16 22:00:00+00:00,132.0,4971.65,0.0,-1844.3
2024-11-16 23:00:00+00:00,121.55,4617.83,0.0,-1914.4
2024-11-17 00:00:00+00:00,117.51,4360.38,0.0,-1660.5
2024-11-17 01:00:00+00:00,117.73,4245.13,0.0,-1383.4
2024-11-17 02:00:00+00:00,115.52,4218.83,0.0,-1359.7
2024-11-17 03:00:00+00:00,116.9,4273.08,0.0,-1536.6
2024-11-17 04:00:00+00:00,128.54,4422.78,0.0,-1706.0
2024-11-17 05:00:00+00:00,129.52,4624.23,1.43,-1978.0
2024-11-17 06:00:00+00:00,129.48,4860.48,126.43,-2108.9
2024-11-17 07:00:00+00:00,127.54,5010.63,448.5,-1802.0
2024-11-17 08:00:00+00:00,124.26,5100.25,880.65,-987.0
2024-11-17 09:00:00+00:00,112.68,5134.38,1510.15,-575.6
2024-11-17 10:00:00+00:00,106.22,5289.4,1963.98,-401.6
2024-11-17 11:00:00+00:00,98.49,5277.85,1891.73,-546.8
2024-11-17 12:00:00+00:00,107.7,5149.3,1264.53,-706.2
2024-11-17 13:00:00+00:00,127.01,5287.93,781.95,-1795.7
2024-11-17 14:00:00+00:00,133.07,5574.23,222.65,-2309.6
2024-11-17 15:00:00+00:00,192.58,5955.45,1.23,-2514.8
2024-11-17 16:00:00+00:00,197.45,6066.43,0.0,-2461.9
2024-11-17 17:00:00+00:00,200.01,6029.0,0.0,-2703.0
2024-11-17 18:00:00+00:00,180.44,5881.83,0.0,-2349.7
2024-11-17 19:00:00+00:00,186.95,5711.63,0.0,-2309.6
2024-11-17 20:00:00+00:00,153.94,5421.48,0.0,-2342.4
2024-11-17 21:00:00+00:00,135.97,5152.6,0.0,-2309.6
2024-11-17 22:00:00+00:00,122.28,4968.38,0.0,-2040.7
2024-11-17 23:00:00+00:00,117.99,4725.73,0.0,-1526.7
2024-11-18 00:00:00+00:00,110.31,4502.15,0.0,-1288.5
2024-11-18 01:00:00+00:00,91.29,4429.43,0.0,-1209.7
2024-11-18 02:00:00+00:00,76.66,4438.53,0.0,-1191.6
2024-11-18 03:00:00+00:00,94.43,4587.5,0.0,-1297.3
2024-11-18 04:00:00+00:00,118.28,4985.73,0.0,-1602.1
2024-11-18 05:00:00+00:00,172.28,5866.48,1.38,-2310.0
2024-11-18 06:00:00+00:00,186.06,6271.2,156.05,-2506.8
2024-11-18 07:00:00+00:00,155.26,6327.0,538.28,-3505.9
2024-11-18 08:00:00+00:00,141.14,6271.3,958.28,-2586.0
2024-11-18 09:00:00+00:00,135.4,6257.98,1327.28,-2310.0
2024-11-18 10:00:00+00:00,133.15,6140.98,1516.08,-2207.5
2024-11-18 11:00:00+00:00,138.28,6228.28,1274.4,-2310.0
2024-11-18 12:00:00+00:00,139.24,6174.68,1028.5,-2310.0
2024-11-18 13:00:00+00:00,194.33,6276.0,551.13,-2538.1
2024-11-18 14:00:00+00:00,710.64,6465.6,149.03,-3828.2
2024-11-18 15:00:00+00:00,800.26,6631.68,0.53,-3271.5
2024-11-18 16:00:00+00:00,706.19,6566.03,0.0,-3445.7
2024-11-18 17:00:00+00:00,578.93,6571.73,0.0,-2819.6
2024-11-18 18:00:00+00:00,499.33,6469.85,0.0,-3049.5
2024-11-18 19:00:00+00:00,160.24,6275.83,0.0,-2619.9
2024-11-18 20:00:00+00:00,127.61,6013.15,0.0,-2310.0
2024-11-18 21:00:00+00:00,122.31,5734.08,0.0,-2131.9
2024-11-18 22:00:00+00:00,116.61,5507.8,0.0,-1894.5
2024-11-18 23:00:00+00:00,113.64,5145.2,0.0,-1717.5
2024-11-19 00:00:00+00:00,106.49,4834.98,0.0,-1349.5
2024-11-19 01:00:00+00:00,102.27,4712.0,0.0,-1238.7
2024-11-19 02:00:00+00:00,98.67,4729.53,0.0,-1248.9
2024-11-19 03:00:00+00:00,102.44,4879.55,0.0,-1336.2
2024-11-19 04:00:00+00:00,108.81,5345.23,0.0,-1759.4
2024-11-19 05:00:00+00:00,205.58,6047.35,0.6,-2457.8
2024-11-19 06:00:00+00:00,391.38,6347.83,108.55,-2820.2
2024-11-19 07:00:00+00:00,357.81,6354.55,342.2,-3740.7
2024-11-19 08:00:00+00:00,162.5,6275.8,653.65,-3363.0
2024-11-19 09:00:00+00:00,160.05,6281.88,810.58,-3014.8
2024-11-19 10:00:00+00:00,157.4,6180.0,622.7,-2904.0
2024-11-19 11:00:00+00:00,151.85,6206.25,713.8,-3101.4
2024-11-19 12:00:00+00:00,207.96,6152.08,669.5,-2953.5
2024-11-19 13:00:00+00:00,348.79,6263.4,375.48,-3410.5
2024-11-19 14:00:00+00:00,600.07,6455.63,95.85,-4094.7
2024-11-19 15:00:00+00:00,453.82,6628.18,0.55,-3995.3
2024-11-19 16:00:00+00:00,325.88,6688.13,0.0,-4095.4
2024-11-19 17:00:00+00:00,162.82,6570.23,0.0,-3596.9
2024-11-19 18:00:00+00:00,184.66,6436.5,0.0,-3913.9
2024-11-19 19:00:00+00:00,121.47,6253.4,0.0,-3139.2
2024-11-19 20:00:00+00:00,115.42,5982.18,0.0,-2594.4
2024-11-19 21:00:00+00:00,111.4,5730.38,0.0,-2166.0
2024-11-19 22:00:00+00:00,92.68,5560.93,0.0,-1918.6
2024-11-19 23:00:00+00:00,111.17,5236.15,0.0,-1585.5
2024-11-20 00:00:00+00:00,104.08,4863.98,0.0,-1224.9
2024-11-20 01:00:00+00:00,95.04,4726.95,0.0,-1020.0
2024-11-20 02:00:00+00:00,83.49,4715.05,0.0,-870.6
2024-11-20 03:00:00+00:00,84.01,4863.25,0.0,-1093.0
2024-11-20 04:00:00+00:00,99.32,5272.65,0.0,-1313.8
2024-11-20 05:00:00+00:00,129.07,6002.0,0.6,-2387.0
2024-11-20 06:00:00+00:00,139.44,6331.8,51.6,-3215.0
2024-11-20 07:00:00+00:00,142.87,6346.38,118.45,-3109.7
2024-11-20 08:00:00+00:00,141.84,6205.45,172.05,-2348.2
2024-11-20 09:00:00+00:00,130.7,6166.3,203.6,-2422.8
2024-11-20 10:00:00+00:00,135.24,6305.0,339.95,-2599.8
2024-11-20 11:00:00+00:00,126.47,6165.25,245.95,-2800.9
2024-11-20 12:00:00+00:00,136.14,5960.88,241.98,-2935.4
2024-11-20 13:00:00+00:00,138.48,6177.1,160.08,-3428.1
2024-11-20 14:00:00+00:00,153.46,6474.83,49.28,-4642.2
2024-11-20 15:00:00+00:00,186.59,6726.48,0.05,-4459.7
2024-11-20 16:00:00+00:00,180.51,6763.18,0.0,-4040.0
2024-11-20 17:00:00+00:00,180.45,6667.75,0.0,-3573.5
2024-11-20 18:00:00+00:00,162.04,6561.45,0.0,-3642.8
2024-11-20 19:00:00+00:00,135.98,6360.13,0.0,-2386.4
2024-11-20 20:00:00+00:00,127.06,6067.6,0.0,-1954.2
2024-11-20 21:00:00+00:00,120.92,5847.78,0.0,-1856.5
2024-11-20 22:00:00+00:00,103.5,5679.6,0.0,-2027.4
2024-11-20 23:00:00+00:00,93.96,5326.25,0.0,-1632.0
2024-11-21 00:00:00+00:00,90.4,4936.33,0.0,-1351.5
2024-11-21 01:00:00+00:00,86.8,4807.13,0.0,-1200.7
2024-11-21 02:00:00+00:00,84.15,4791.65,0.0,-1095.6
2024-11-21 03:00:00+00:00,84.23,4972.43,0.0,-1302.4
2024-11-21 04:00:00+00:00,108.68,5388.08,0.0,-1486.4
2024-11-21 05:00:00+00:00,145.87,6129.1,1.13,-2320.8
2024-11-21 06:00:00+00:00,156.8,6426.45,244.88,-2382.8
2024-11-21 07:00:00+00:00,148.47,6374.3,957.83,-2249.6
2024-11-21 08:00:00+00:00,136.0,6351.75,1661.03,-1214.9
2024-11-21 09:00:00+00:00,128.37,6359.48,2135.75,-1030.3
2024-11-21 10:00:00+00:00,116.29,6846.35,1758.23,-1182.8
2024-11-21 11:00:00+00:00,114.86,6466.2,1835.48,-1319.4
2024-11-21 12:00:00+00:00,130.68,6271.65,1694.85,-1737.1
2024-11-21 13:00:00+00:00,150.52,6360.45,1017.85,-2308.3
2024-11-21 14:00:00+00:00,213.43,6534.73,289.13,-3736.8
2024-11-21 15:00:00+00:00,451.57,6780.08,0.13,-3355.6
2024-11-21 16:00:00+00:00,487.53,6842.45,0.0,-3303.2
2024-11-21 17:00:00+00:00,270.01,6684.58,0.0,-3059.5
2024-11-21 18:00:00+00:00,190.9,6560.15,0.0,-3066.2
2024-11-21 19:00:00+00:00,182.1,6325.58,0.0,-1970.3
2024-11-21 20:00:00+00:00,145.06,6060.45,0.0,-1633.7
2024-11-21 21:00:00+00:00,124.25,5816.83,0.0,-1640.8
2024-11-21 22:00:00+00:00,107.83,5631.7,0.0,-1732.8
2024-11-21 23:00:00+00:00,117.22,5292.08,0.0,-1386.5
2024-11-22 00:00:00+00:00,107.43,4939.78,0.0,-1154.6
2024-11-22 01:00:00+00:00,99.05,4810.88,0.0,-1097.6
2024-11-22 02:00:00+00:00,92.96,4797.35,0.0,-1098.2
2024-11-22 03:00:00+00:00,91.23,4955.38,0.0,-1336.7
2024-11-22 04:00:00+00:00,97.76,5397.98,0.0,-1599.0
2024-11-22 05:00:00+00:00,140.68,6062.73,0.05,-2401.9
2024-11-22 06:00:00+00:00,152.93,6416.65,27.23,-2894.5
2024-11-22 07:00:00+00:00,159.7,6582.5,124.83,-3021.0
2024-11-22 08:00:00+00:00,152.49,6468.75,240.5,-2334.7
2024-11-22 09:00:00+00:00,139.63,6537.63,392.4,-2496.5
2024-11-22 10:00:00+00:00,128.52,6005.73,759.75,-2544.4
2024-11-22 11:00:00+00:00,124.62,6629.98,608.48,-2592.4
2024-11-22 12:00:00+00:00,121.66,6627.75,538.23,-2615.3
2024-11-22 13:00:00+00:00,136.87,6584.15,342.05,-2987.0
2024-11-22 14:00:00+00:00,155.61,6674.73,92.95,-3734.2
2024-11-22 15:00:00+00:00,165.57,6867.05,0.13,-3481.6
2024-11-22 16:00:00+00:00,158.02,6886.93,0.0,-3652.4
2024-11-22 17:00:00+00:00,150.49,6721.48,0.0,-3116.1
2024-11-22 18:00:00+00:00,146.45,6545.78,0.0,-3084.5
2024-11-22 19:00:00+00:00,127.1,6283.28,0.0,-2295.1
2024-11-22 20:00:00+00:00,108.12,6056.48,0.0,-1864.5
2024-11-22 21:00:00+00:00,99.08,5836.85,0.0,-1859.5
2024-11-22 22:00:00+00:00,79.88,5754.8,0.0,-2097.9
2024-11-22 23:00:00+00:00,94.53,5315.18,0.0,-2723.9
2024-11-23 00:00:00+00:00,86.22,4951.5,0.0,-2470.6
2024-11-23 01:00:00+00:00,80.26,4824.13,0.0,-2366.8
2024-11-23 02:00:00+00:00,83.26,4795.13,0.0,-2329.9
2024-11-23 03:00:00+00:00,80.5,4850.6,0.0,-2268.0
2024-11-23 04:00:00+00:00,88.47,5054.9,0.0,-2277.3
2024-11-23 05:00:00+00:00,105.44,5267.53,0.45,-2613.3
2024-11-23 06:00:00+00:00,112.89,5486.88,185.43,-2668.4
2024-11-23 07:00:00+00:00,108.9,5513.6,731.9,-2460.3
2024-11-23 08:00:00+00:00,85.62,5432.1,1407.1,-2253.9
2024-11-23 09:00:00+00:00,79.85,5440.8,1710.68,-2038.7
2024-11-23 10:00:00+00:00,76.02,5675.23,1719.3,-1532.4
2024-11-23 11:00:00+00:00,73.95,5585.33,1868.1,-1378.1
2024-11-23 12:00:00+00:00,87.24,5414.58,1643.3,-1397.6
2024-11-23 13:00:00+00:00,108.0,5561.63,968.13,-2102.2
2024-11-23 14:00:00+00:00,136.36,5849.0,243.13,-2499.5
2024-11-23 15:00:00+00:00,162.35,6257.35,0.15,-2558.3
2024-11-23 16:00:00+00:00,168.15,6337.0,0.0,-2496.8
2024-11-23 17:00:00+00:00,178.89,6110.25,0.0,-2900.9
2024-11-23 18:00:00+00:00,163.25,5968.1,0.0,-2660.7
2024-11-23 19:00:00+00:00,159.84,5807.85,0.0,-3041.8
2024-11-23 20:00:00+00:00,132.05,5592.08,0.0,-3080.2
2024-11-23 21:00:00+00:00,113.25,5390.35,0.0,-2699.6
2024-11-23 22:00:00+00:00,102.64,5268.03,0.0,-2474.4
2024-11-23 23:00:00+00:00,94.59,4861.65,0.0,-1980.6
2024-11-24 00:00:00+00:00,70.18,4559.08,0.0,-1685.1
2024-11-24 01:00:00+00:00,58.82,4444.03,0.0,-1547.4
2024-11-24 02:00:00+00:00,55.1,4403.8,0.0,-1568.5
2024-11-24 03:00:00+00:00,58.98,4446.73,0.0,-1621.9
2024-11-24 04:00:00+00:00,76.9,4599.28,0.0,-1685.0
2024-11-24 05:00:00+00:00,90.01,4806.33,0.38,-1938.9
2024-11-24 06:00:00+00:00,99.53,5079.13,134.33,-2150.5
2024-11-24 07:00:00+00:00,90.03,5332.5,486.85,-2489.1
2024-11-24 08:00:00+00:00,83.31,5515.8,781.93,-2173.2
2024-11-24 09:00:00+00:00,83.66,5682.5,1005.4,-1989.3
2024-11-24 10:00:00+00:00,83.68,5831.3,1268.95,-1647.7
2024-11-24 11:00:00+00:00,90.17,5694.1,1010.15,-1727.5
2024-11-24 12:00:00+00:00,90.45,5498.95,646.48,-1981.2
2024-11-24 13:00:00+00:00,118.12,5578.2,338.18,-2139.3
2024-11-24 14:00:00+00:00,143.9,5815.98,79.1,-2423.9
2024-11-24 15:00:00+00:00,190.03,6154.18,0.28,-2592.9
2024-11-24 16:00:00+00:00,191.05,6205.75,0.0,-2464.6
2024-11-24 17:00:00+00:00,215.35,6113.75,0.0,-2695.5
2024-11-24 18:00:00+00:00,200.93,6022.55,0.0,-2430.2
2024-11-24 19:00:00+00:00,195.97,5859.15,0.0,-2418.5
2024-11-24 20:00:00+00:00,157.33,5591.28,0.0,-2407.6
2024-11-24 21:00:00+00:00,143.15,5324.53,0.0,-2253.3
2024-11-24 22:00:00+00:00,119.55,5179.3,0.0,-2074.3
2024-11-24 23:00:00+00:00,97.0,4767.83,0.0,-1120.1
2024-11-25 00:00:00+00:00,95.48,4569.23,0.0,-997.3
2024-11-25 01:00:00+00:00,84.98,4525.2,0.0,-1041.9
2024-11-25 02:00:00+00:00,76.96,4572.35,0.0,-1083.0
2024-11-25 03:00:00+00:00,87.21,4717.2,0.0,-1169.4
2024-11-25 04:00:00+00:00,125.31,5118.05,0.0,-1508.8
2024-11-25 05:00:00+00:00,196.02,5899.85,0.23,-2182.4
2024-11-25 06:00:00+00:00,199.12,6344.8,162.68,-2715.8
2024-11-25 07:00:00+00:00,169.93,6545.33,742.28,-2144.6
2024-11-25 08:00:00+00:00,123.64,6578.1,1334.6,-1538.3
2024-11-25 09:00:00+00:00,81.28,6539.0,1609.5,-1292.3
2024-11-25 10:00:00+00:00,83.8,6572.58,1503.93,-1325.3
2024-11-25 11:00:00+00:00,86.31,6596.4,1596.0,-1373.4
2024-11-25 12:00:00+00:00,115.03,6519.08,1253.23,-1584.5
2024-11-25 13:00:00+00:00,137.75,6526.9,695.15,-2445.9
2024-11-25 14:00:00+00:00,186.48,6662.15,150.73,-3343.5
2024-11-25 15:00:00+00:00,259.27,6829.53,0.03,-3513.4
2024-11-25 16:00:00+00:00,268.64,6794.88,0.0,-3234.0
2024-11-25 17:00:00+00:00,226.35,6705.83,0.0,-2715.8
2024-11-25 18:00:00+00:00,193.44,6622.13,0.0,-2715.8
2024-11-25 19:00:00+00:00,178.18,6391.7,0.0,-2209.9
2024-11-25 20:00:00+00:00,159.81,6137.88,0.0,-1944.9
2024-11-25 21:00:00+00:00,139.5,5882.5,0.0,-1866.3
2024-11-25 22:00:00+00:00,118.31,5718.33,0.0,-1792.8
2024-11-25 23:00:00+00:00,104.76,5216.93,0.0,-1294.1
2024-11-26 00:00:00+00:00,104.92,4921.35,0.0,-1086.4
2024-11-26 01:00:00+00:00,102.19,4828.23,0.0,-1102.7
2024-11-26 02:00:00+00:00,103.6,4863.43,0.0,-1107.7
2024-11-26 03:00:00+00:00,100.4,5004.5,0.0,-1177.6
2024-11-26 04:00:00+00:00,116.7,5423.0,0.0,-1424.3
2024-11-26 05:00:00+00:00,153.88,6047.98,0.03,-2162.1
2024-11-26 06:00:00+00:00,177.51,6419.18,116.08,-2715.7
2024-11-26 07:00:00+00:00,170.19,6562.65,471.65,-2575.7
2024-11-26 08:00:00+00:00,140.84,6442.18,686.18,-2171.8
2024-11-26 09:00:00+00:00,134.85,6280.93,599.3,-2115.7
2024-11-26 10:00:00+00:00,148.31,5992.23,642.45,-2027.2
2024-11-26 11:00:00+00:00,150.86,6478.2,805.33,-2147.8
2024-11-26 12:00:00+00:00,146.16,6550.55,631.45,-2462.0
2024-11-26 13:00:00+00:00,171.3,6554.63,362.43,-2715.7
2024-11-26 14:00:00+00:00,195.26,6680.45,94.45,-3592.4
2024-11-26 15:00:00+00:00,213.57,6850.25,0.0,-3434.0
2024-11-26 16:00:00+00:00,197.93,6764.8,0.0,-3246.9
2024-11-26 17:00:00+00:00,179.17,6697.4,0.0,-2747.3
2024-11-26 18:00:00+00:00,179.47,6630.58,0.0,-2715.7
2024-11-26 19:00:00+00:00,170.99,6400.15,0.0,-2348.6
2024-11-26 20:00:00+00:00,151.66,6119.05,0.0,-2018.8
2024-11-26 21:00:00+00:00,139.06,5880.73,0.0,-1942.4
2024-11-26 22:00:00+00:00,122.55,5691.4,0.0,-1869.2
2024-11-26 23:00:00+00:00,118.23,5337.43,0.0,-1576.6
2024-11-27 00:00:00+00:00,115.32,4988.25,0.0,-1177.8
2024-11-27 01:00:00+00:00,112.47,4859.98,0.0,-1106.5
2024-11-27 02:00:00+00:00,114.73,4863.53,0.0,-998.4
2024-11-27 03:00:00+00:00,120.23,5036.35,0.0,-1129.1
2024-11-27 04:00:00+00:00,135.81,5465.08,0.0,-1599.4
2024-11-27 05:00:00+00:00,158.15,6150.33,0.0,-2587.0
2024-11-27 06:00:00+00:00,184.31,6474.53,74.93,-2734.4
2024-11-27 07:00:00+00:00,188.02,6379.28,290.7,-1978.9
2024-11-27 08:00:00+00:00,183.17,6222.8,480.35,-1078.3
2024-11-27 09:00:00+00:00,159.46,6075.78,737.13,-551.7
2024-11-27 10:00:00+00:00,157.3,6250.2,928.65,-750.4
2024-11-27 11:00:00+00:00,155.65,6108.8,854.6,-889.2
2024-11-27 12:00:00+00:00,163.69,6030.6,432.9,-1467.3
2024-11-27 13:00:00+00:00,173.92,6225.68,205.75,-2059.1
2024-11-27 14:00:00+00:00,192.99,6558.78,41.35,-2270.9
2024-11-27 15:00:00+00:00,222.67,6788.78,0.0,-2589.6
2024-11-27 16:00:00+00:00,204.64,6768.95,0.0,-2724.0
2024-11-27 17:00:00+00:00,191.08,6701.65,0.0,-2860.6
2024-11-27 18:00:00+00:00,185.68,6633.98,0.0,-2761.4
2024-11-27 19:00:00+00:00,183.02,6410.18,0.0,-2627.3
2024-11-27 20:00:00+00:00,158.59,6133.0,0.0,-2352.1
2024-11-27 21:00:00+00:00,141.64,5906.6,0.0,-1859.4
2024-11-27 22:00:00+00:00,131.56,5708.5,0.0,-1774.7
2024-11-27 23:00:00+00:00,120.6,5383.7,0.0,-1628.2
2024-11-28 00:00:00+00:00,104.9,5034.55,0.0,-1277.5
2024-11-28 01:00:00+00:00,102.3,4896.5,0.0,-1242.9
2024-11-28 02:00:00+00:00,101.3,4908.78,0.0,-1244.0
2024-11-28 03:00:00+00:00,112.75,5066.18,0.0,-1371.8
2024-11-28 04:00:00+00:00,130.16,5495.55,0.0,-1741.5
2024-11-28 05:00:00+00:00,153.14,6211.25,0.0,-2496.2
2024-11-28 06:00:00+00:00,180.75,6525.55,61.9,-2843.9
2024-11-28 07:00:00+00:00,205.85,6477.55,261.7,-2418.5
2024-11-28 08:00:00+00:00,169.41,6350.15,473.3,-2061.1
2024-11-28 09:00:00+00:00,152.19,6245.63,675.3,-1768.7
2024-11-28 10:00:00+00:00,148.84,6258.3,636.3,-1910.1
2024-11-28 11:00:00+00:00,146.57,6327.63,518.45,-1861.2
2024-11-28 12:00:00+00:00,153.25,6179.83,299.85,-2030.0
2024-11-28 13:00:00+00:00,174.42,6335.08,137.6,-2384.2
2024-11-28 14:00:00+00:00,197.61,6593.83,26.1,-2569.5
2024-11-28 15:00:00+00:00,161.4,6785.38,0.33,-2610.1
2024-11-28 16:00:00+00:00,161.47,6682.7,0.0,-2937.3
2024-11-28 17:00:00+00:00,165.8,6683.1,0.0,-2965.7
2024-11-28 18:00:00+00:00,157.23,6628.58,0.0,-2807.2
2024-11-28 19:00:00+00:00,144.22,6386.43,0.0,-2551.2
2024-11-28 20:00:00+00:00,133.05,6088.13,0.0,-2306.9
2024-11-28 21:00:00+00:00,122.16,5867.95,0.0,-1866.4
2024-11-28 22:00:00+00:00,112.6,5651.98,0.0,-1665.9
2024-11-28 23:00:00+00:00,110.3,5334.88,0.0,-1486.1
2024-11-29 00:00:00+00:00,107.01,5028.4,0.0,-1117.1
2024-11-29 01:00:00+00:00,103.47,4895.1,0.0,-1061.3
2024-11-29 02:00:00+00:00,103.32,4908.25,0.0,-979.1
2024-11-29 03:00:00+00:00,106.27,5033.23,0.0,-1069.8
2024-11-29 04:00:00+00:00,116.27,5376.18,0.0,-1547.8
2024-11-29 05:00:00+00:00,142.66,6134.28,0.0,-2405.9
2024-11-29 06:00:00+00:00,168.88,6508.65,127.0,-2558.3
2024-11-29 07:00:00+00:00,181.36,6437.53,567.05,-2121.3
2024-11-29 08:00:00+00:00,163.21,6293.98,949.8,-1216.4
2024-11-29 09:00:00+00:00,142.98,6271.53,982.03,-827.1
2024-11-29 10:00:00+00:00,134.03,6624.45,795.5,-1063.2
2024-11-29 11:00:00+00:00,128.1,6357.0,759.58,-1461.5
2024-11-29 12:00:00+00:00,132.14,6191.63,689.43,-1688.4
2024-11-29 13:00:00+00:00,142.58,6281.6,330.58,-2031.0
2024-11-29 14:00:00+00:00,160.17,6461.33,68.5,-2258.0
2024-11-29 15:00:00+00:00,181.77,6684.15,0.0,-2587.4
2024-11-29 16:00:00+00:00,180.39,6642.35,0.0,-2652.1
2024-11-29 17:00:00+00:00,181.28,6546.73,0.0,-2627.0
2024-11-29 18:00:00+00:00,181.61,6445.58,0.0,-2515.9
2024-11-29 19:00:00+00:00,143.33,6216.93,0.0,-2445.8
2024-11-29 20:00:00+00:00,123.64,5962.63,0.0,-2097.7
2024-11-29 21:00:00+00:00,117.49,5780.1,0.0,-1686.5
2024-11-29 22:00:00+00:00,108.62,5569.1,0.0,-1603.1
2024-11-29 23:00:00+00:00,109.28,5330.63,0.0,-2083.7
2024-11-30 00:00:00+00:00,102.66,4994.38,0.0,-1691.0
2024-11-30 01:00:00+00:00,103.28,4847.43,0.0,-1526.6
2024-11-30 02:00:00+00:00,102.22,4815.63,0.0,-1535.9
2024-11-30 03:00:00+00:00,103.28,4869.2,0.0,-1607.1
2024-11-30 04:00:00+00:00,104.17,5016.4,0.0,-1816.4
2024-11-30 05:00:00+00:00,113.05,5277.4,0.0,-1983.2
2024-11-30 06:00:00+00:00,131.75,5609.58,135.78,-2092.1
2024-11-30 07:00:00+00:00,142.11,5793.83,673.38,-1646.6
2024-11-30 08:00:00+00:00,127.87,5815.53,1282.1,-1098.7
2024-11-30 09:00:00+00:00,115.84,5707.45,1676.28,-725.8
2024-11-30 10:00:00+00:00,114.15,5639.58,1616.58,-438.4
2024-11-30 11:00:00+00:00,111.92,5431.3,1608.58,-522.2
2024-11-30 12:00:00+00:00,114.31,5204.78,1285.18,-783.6
2024-11-30 13:00:00+00:00,118.52,5381.83,691.33,-1277.3
2024-11-30 14:00:00+00:00,138.66,5752.78,142.23,-1941.3
2024-11-30 15:00:00+00:00,150.41,6198.25,0.0,-2574.7
2024-11-30 16:00:00+00:00,152.47,6222.53,0.0,-2650.7
2024-11-30 17:00:00+00:00,144.17,6106.55,0.0,-2756.3
2024-11-30 18:00:00+00:00,131.96,6070.2,0.0,-2644.3
2024-11-30 19:00:00+00:00,124.51,5923.33,0.0,-2527.5
2024-11-30 20:00:00+00:00,115.08,5690.05,0.0,-2263.2
2024-11-30 21:00:00+00:00,114.78,5485.03,0.0,-2126.5
2024-11-30 22:00:00+00:00,106.67,5313.13,0.0,-1981.8
2024-11-30 23:00:00+00:00,99.66,4984.83,0.0,-1647.1
2024-12-01 00:00:00+00:00,90.01,4666.75,0.0,-1313.8
2024-12-01 01:00:00+00:00,88.14,4562.23,0.0,-1184.9
2024-12-01 02:00:00+00:00,85.7,4512.1,0.0,-1211.8
2024-12-01 03:00:00+00:00,84.98,4539.48,0.0,-1247.7
2024-12-01 04:00:00+00:00,85.82,4663.88,0.0,-1356.6
2024-12-01 05:00:00+00:00,84.88,4877.73,0.0,-1664.3
2024-12-01 06:00:00+00:00,90.14,5117.3,95.35,-1874.0
2024-12-01 07:00:00+00:00,99.8,5345.23,562.6,-1409.4
2024-12-01 08:00:00+00:00,94.6,5496.33,1138.23,-722.7
2024-12-01 09:00:00+00:00,89.3,5552.95,1545.2,-396.6
2024-12-01 10:00:00+00:00,82.38,5657.5,1662.38,-253.5
2024-12-01 11:00:00+00:00,85.25,5604.55,1715.13,-353.1
2024-12-01 12:00:00+00:00,83.08,5404.28,1366.58,-612.3
2024-12-01 13:00:00+00:00,99.33,5483.43,764.75,-1290.9
2024-12-01 14:00:00+00:00,109.83,5725.43,161.23,-2123.1
2024-12-01 15:00:00+00:00,130.67,6076.48,0.0,-2689.8
2024-12-01 16:00:00+00:00,137.39,6127.4,0.0,-2841.2
2024-12-01 17:00:00+00:00,153.44,6054.33,0.0,-3089.8
2024-12-01 18:00:00+00:00,158.71,6016.55,0.0,-2865.4
2024-12-01 19:00:00+00:00,142.55,5882.95,0.0,-2630.5
2024-12-01 20:00:00+00:00,120.35,5621.98,0.0,-2395.0
2024-12-01 21:00:00+00:00,105.69,5388.53,0.0,-2136.5
2024-12-01 22:00:00+00:00,85.0,5221.78,0.0,-2016.0
2024-12-01 23:00:00+00:00,85.5,4723.3,0.0,-1267.8
2024-12-02 00:00:00+00:00,80.62,4469.48,0.0,-1000.1
2024-12-02 01:00:00+00:00,76.4,4406.65,0.0,-1069.4
2024-12-02 02:00:00+00:00,69.22,4404.48,0.0,-1047.6
2024-12-02 03:00:00+00:00,88.15,4601.43,0.0,-1115.7
2024-12-02 04:00:00+00:00,108.89,5042.83,0.0,-1384.3
2024-12-02 05:00:00+00:00,134.36,5869.35,0.0,-2349.0
2024-12-02 06:00:00+00:00,160.66,6231.55,72.18,-2647.2
2024-12-02 07:00:00+00:00,161.08,6298.4,426.38,-2439.2
2024-12-02 08:00:00+00:00,152.01,6284.38,865.03,-1753.1
2024-12-02 09:00:00+00:00,137.01,6253.75,1317.38,-1288.2
2024-12-02 10:00:00+00:00,131.04,6341.63,1740.4,-1182.6
2024-12-02 11:00:00+00:00,124.02,6361.5,1592.65,-981.7
2024-12-02 12:00:00+00:00,129.84,6341.48,1209.35,-1220.8
2024-12-02 13:00:00+00:00,145.83,6434.38,741.43,-1855.8
2024-12-02 14:00:00+00:00,168.13,6620.38,217.85,-2334.1
2024-12-02 15:00:00+00:00,173.26,6739.7,0.0,-2789.0
2024-12-02 16:00:00+00:00,176.18,6657.93,0.0,-2968.5
2024-12-02 17:00:00+00:00,180.03,6562.78,0.0,-2836.2
2024-12-02 18:00:00+00:00,177.53,6492.28,0.0,-2749.3
2024-12-02 19:00:00+00:00,171.23,6279.28,0.0,-2584.3
2024-12-02 20:00:00+00:00,147.5,6027.63,0.0,-2255.2
2024-12-02 21:00:00+00:00,138.81,5792.3,0.0,-1900.9
2024-12-02 22:00:00+00:00,115.75,5607.13,0.0,-1907.9
2024-12-02 23:00:00+00:00,118.58,5210.18,0.0,-1508.1
2024-12-03 00:00:00+00:00,115.13,4879.25,0.0,-1155.0
2024-12-03 01:00:00+00:00,112.09,4757.78,0.0,-1154.4
2024-12-03 02:00:00+00:00,107.97,4757.28,0.0,-1102.4
2024-12-03 03:00:00+00:00,112.19,4946.25,0.0,-1179.7
2024-12-03 04:00:00+00:00,123.69,5399.98,0.0,-1429.5
2024-12-03 05:00:00+00:00,153.44,6093.48,0.0,-2299.4
2024-12-03 06:00:00+00:00,200.12,6391.73,35.0,-2600.7
2024-12-03 07:00:00+00:00,222.31,6412.65,177.85,-2350.5
2024-12-03 08:00:00+00:00,212.7,6381.55,367.65,-1855.4
2024-12-03 09:00:00+00:00,186.68,6339.0,798.25,-1699.3
2024-12-03 10:00:00+00:00,178.23,6367.53,1370.03,-1749.1
2024-12-03 11:00:00+00:00,183.77,6475.38,816.88,-1826.2
2024-12-03 12:00:00+00:00,180.43,6426.58,647.03,-1911.8
2024-12-03 13:00:00+00:00,189.17,6524.65,335.68,-2251.8
2024-12-03 14:00:00+00:00,202.36,6696.95,64.53,-2428.0
2024-12-03 15:00:00+00:00,210.09,6813.03,0.0,-2651.8
2024-12-03 16:00:00+00:00,210.73,6757.08,0.0,-2730.2
2024-12-03 17:00:00+00:00,197.88,6639.2,0.0,-2616.1
2024-12-03 18:00:00+00:00,189.83,6535.45,0.0,-2539.3
2024-12-03 19:00:00+00:00,171.53,6319.7,0.0,-2344.1
2024-12-03 20:00:00+00:00,154.15,6072.4,0.0,-2015.1
2024-12-03 21:00:00+00:00,142.08,5832.03,0.0,-1652.1
2024-12-03 22:00:00+00:00,130.81,5646.18,0.0,-1672.5
2024-12-03 23:00:00+00:00,122.14,5281.9,0.0,-1348.2
2024-12-04 00:00:00+00:00,116.66,4934.95,0.0,-976.3
2024-12-04 01:00:00+00:00,112.79,4800.83,0.0,-835.6
2024-12-04 02:00:00+00:00,110.27,4800.6,0.0,-824.6
2024-12-04 03:00:00+00:00,114.91,4959.53,0.0,-1001.5
2024-12-04 04:00:00+00:00,124.37,5360.68,0.0,-1497.5
2024-12-04 05:00:00+00:00,149.21,6098.33,0.0,-2114.3
2024-12-04 06:00:00+00:00,222.04,6517.48,45.8,-2594.9
2024-12-04 07:00:00+00:00,282.52,6522.3,281.0,-2556.8
2024-12-04 08:00:00+00:00,254.95,6447.75,560.33,-2319.4
2024-12-04 09:00:00+00:00,219.49,6365.85,650.63,-2154.4
2024-12-04 10:00:00+00:00,219.64,6629.53,753.18,-1972.1
2024-12-04 11:00:00+00:00,212.55,6441.88,625.4,-2057.7
2024-12-04 12:00:00+00:00,222.6,6228.75,430.73,-2036.1
2024-12-04 13:00:00+00:00,233.18,6330.95,210.68,-2252.3
2024-12-04 14:00:00+00:00,247.71,6579.88,43.73,-2405.7
2024-12-04 15:00:00+00:00,263.64,6781.38,0.0,-2611.8
2024-12-04 16:00:00+00:00,285.49,6765.93,0.0,-2686.0
2024-12-04 17:00:00+00:00,228.89,6664.8,0.0,-2656.9
2024-12-04 18:00:00+00:00,199.83,6605.98,0.0,-2587.0
2024-12-04 19:00:00+00:00,166.27,6400.85,0.0,-2349.2
2024-12-04 20:00:00+00:00,146.0,6127.65,0.0,-2079.8
2024-12-04 21:00:00+00:00,127.72,5879.58,0.0,-1810.6
2024-12-04 22:00:00+00:00,113.17,5685.83,0.0,-1672.7
2024-12-04 23:00:00+00:00,114.77,5289.28,0.0,-1437.2
2024-12-05 00:00:00+00:00,105.74,4965.83,0.0,-1146.1
2024-12-05 01:00:00+00:00,103.67,4825.05,0.0,-1026.3
2024-12-05 02:00:00+00:00,104.04,4814.3,0.0,-1034.3
2024-12-05 03:00:00+00:00,107.44,4974.9,0.0,-1205.5
2024-12-05 04:00:00+00:00,117.04,5361.6,0.0,-1632.7
2024-12-05 05:00:00+00:00,149.53,6090.3,0.0,-2259.0
2024-12-05 06:00:00+00:00,426.73,6455.53,60.78,-2627.0
2024-12-05 07:00:00+00:00,240.43,6547.63,381.85,-2706.5
2024-12-05 08:00:00+00:00,204.88,6531.0,807.9,-2461.0
2024-12-05 09:00:00+00:00,171.17,6557.4,1107.6,-2217.2
2024-12-05 10:00:00+00:00,171.17,6709.8,1053.28,-1991.0
2024-12-05 11:00:00+00:00,173.13,6613.13,954.8,-1989.1
2024-12-05 12:00:00+00:00,251.16,6491.2,900.45,-1893.0
2024-12-05 13:00:00+00:00,319.9,6503.25,478.9,-2234.8
2024-12-05 14:00:00+00:00,392.92,6665.33,100.38,-2553.4
2024-12-05 15:00:00+00:00,718.41,6781.08,0.0,-2741.2
2024-12-05 16:00:00+00:00,189.52,6740.55,0.0,-2853.3
2024-12-05 17:00:00+00:00,183.89,6634.5,0.0,-2808.0
2024-12-05 18:00:00+00:00,184.53,6566.88,0.0,-2737.7
2024-12-05 19:00:00+00:00,186.18,6354.3,0.0,-2451.5
2024-12-05 20:00:00+00:00,172.32,6076.95,0.0,-2165.5
2024-12-05 21:00:00+00:00,139.51,5824.8,0.0,-1834.7
2024-12-05 22:00:00+00:00,120.04,5650.98,0.0,-1640.9
2024-12-05 23:00:00+00:00,121.5,5287.03,0.0,-1549.4
2024-12-06 00:00:00+00:00,114.45,4960.98,0.0,-1309.1
2024-12-06 01:00:00+00:00,96.68,4812.05,0.0,-1191.8
2024-12-06 02:00:00+00:00,89.47,4798.63,0.0,-1199.7
2024-12-06 03:00:00+00:00,93.3,4943.85,0.0,-1346.6
2024-12-06 04:00:00+00:00,124.17,5364.9,0.0,-1683.7
2024-12-06 05:00:00+00:00,144.5,6079.43,0.0,-2156.3
2024-12-06 06:00:00+00:00,182.11,6429.55,31.35,-2978.1
2024-12-06 07:00:00+00:00,184.09,6563.05,194.18,-2731.1
2024-12-06 08:00:00+00:00,176.98,6560.95,317.95,-2555.4
2024-12-06 09:00:00+00:00,166.57,6581.55,307.2,-2495.1
2024-12-06 10:00:00+00:00,164.83,6496.2,440.98,-2601.8
2024-12-06 11:00:00+00:00,327.25,6627.38,267.05,-2730.5
2024-12-06 12:00:00+00:00,164.87,6545.48,197.78,-2642.7
2024-12-06 13:00:00+00:00,159.44,6521.0,117.23,-2848.0
2024-12-06 14:00:00+00:00,181.36,6628.03,26.28,-3044.9
2024-12-06 15:00:00+00:00,179.87,6767.93,0.0,-3489.0
2024-12-06 16:00:00+00:00,182.27,6649.58,0.0,-2654.7
2024-12-06 17:00:00+00:00,173.73,6547.3,0.0,-2465.7
2024-12-06 18:00:00+00:00,172.63,6459.53,0.0,-2416.1
2024-12-06 19:00:00+00:00,157.96,6238.55,0.0,-2149.8
2024-12-06 20:00:00+00:00,147.03,5999.18,0.0,-1953.5
2024-12-06 21:00:00+00:00,137.85,5776.83,0.0,-1643.4
2024-12-06 22:00:00+00:00,107.16,5670.13,0.0,-1585.4
2024-12-06 23:00:00+00:00,101.42,5323.68,0.0,-1800.3
2024-12-07 00:00:00+00:00,90.86,4977.98,0.0,-1598.1
2024-12-07 01:00:00+00:00,77.42,4833.0,0.0,-1530.9
2024-12-07 02:00:00+00:00,71.54,4787.7,0.0,-1557.0
2024-12-07 03:00:00+00:00,77.35,4826.73,0.0,-1563.2
2024-12-07 04:00:00+00:00,83.27,4943.05,0.0,-1510.6
2024-12-07 05:00:00+00:00,115.01,5209.65,0.0,-1713.7
2024-12-07 06:00:00+00:00,122.04,5516.63,48.7,-1944.0
2024-12-07 07:00:00+00:00,173.82,5555.15,286.45,-1551.6
2024-12-07 08:00:00+00:00,172.48,5418.28,563.63,-856.6
2024-12-07 09:00:00+00:00,158.16,5319.58,610.43,-502.6
2024-12-07 10:00:00+00:00,146.92,5339.63,732.3,-330.6
2024-12-07 11:00:00+00:00,140.01,5335.73,778.75,-205.2
2024-12-07 12:00:00+00:00,136.1,5259.15,730.38,-261.5
2024-12-07 13:00:00+00:00,143.32,5470.48,451.38,-1001.5
2024-12-07 14:00:00+00:00,146.81,5824.53,113.08,-1765.8
2024-12-07 15:00:00+00:00,177.63,6145.0,0.0,-1954.3
2024-12-07 16:00:00+00:00,183.19,6108.68,0.0,-1966.3
2024-12-07 17:00:00+00:00,180.17,5998.55,0.0,-1993.2
2024-12-07 18:00:00+00:00,176.73,5951.65,0.0,-1975.6
2024-12-07 19:00:00+00:00,158.21,5795.8,0.0,-1846.6
2024-12-07 20:00:00+00:00,135.99,5568.98,0.0,-1814.3
2024-12-07 21:00:00+00:00,120.44,5378.0,0.0,-1646.9
2024-12-07 22:00:00+00:00,101.12,5217.03,0.0,-1652.6
2024-12-07 23:00:00+00:00,98.64,4852.33,0.0,-1401.3
2024-12-08 00:00:00+00:00,92.06,4558.53,0.0,-1253.6
2024-12-08 01:00:00+00:00,89.66,4439.98,0.0,-1161.2
2024-12-08 02:00:00+00:00,86.89,4405.68,0.0,-1160.2
2024-12-08 03:00:00+00:00,87.77,4440.83,0.0,-1182.1
2024-12-08 04:00:00+00:00,95.62,4580.65,0.0,-1242.5
2024-12-08 05:00:00+00:00,96.12,4809.98,0.0,-1576.8
2024-12-08 06:00:00+00:00,99.53,5035.5,42.6,-1761.1
2024-12-08 07:00:00+00:00,104.57,5124.55,282.05,-1658.1
2024-12-08 08:00:00+00:00,112.78,5105.1,621.23,-1029.9
2024-12-08 09:00:00+00:00,114.74,5133.0,911.1,-426.7
2024-12-08 10:00:00+00:00,121.63,5224.35,1067.18,-117.2
2024-12-08 11:00:00+00:00,121.8,5178.8,1166.23,-93.6
2024-12-08 12:00:00+00:00,120.02,5085.93,745.78,-461.9
2024-12-08 13:00:00+00:00,117.72,5312.53,384.3,-1313.8
2024-12-08 14:00:00+00:00,129.39,5647.75,75.95,-1906.9
2024-12-08 15:00:00+00:00,142.88,6010.58,0.0,-2321.4
2024-12-08 16:00:00+00:00,148.47,6006.65,0.0,-2249.2
2024-12-08 17:00:00+00:00,150.41,5976.4,0.0,-2238.8
2024-12-08 18:00:00+00:00,137.93,6010.03,0.0,-2236.6
2024-12-08 19:00:00+00:00,129.33,5863.5,0.0,-2104.9
2024-12-08 20:00:00+00:00,112.45,5608.45,0.0,-1953.2
2024-12-08 21:00:00+00:00,101.17,5393.25,0.0,-1989.2
2024-12-08 22:00:00+00:00,87.97,5227.93,0.0,-1949.5
2024-12-08 23:00:00+00:00,72.35,4796.3,0.0,-1259.3
2024-12-09 00:00:00+00:00,56.95,4546.6,0.0,-1090.0
2024-12-09 01:00:00+00:00,35.33,4473.58,0.0,-1004.7
2024-12-09 02:00:00+00:00,35.66,4474.2,0.0,-1000.6
2024-12-09 03:00:00+00:00,42.15,4658.55,0.0,-1111.3
2024-12-09 04:00:00+00:00,80.12,5129.8,0.0,-1474.2
2024-12-09 05:00:00+00:00,122.88,5966.93,0.0,-2206.3
2024-12-09 06:00:00+00:00,149.68,6362.2,24.55,-3292.0
2024-12-09 07:00:00+00:00,149.28,6503.4,168.55,-3036.8
2024-12-09 08:00:00+00:00,148.69,6571.45,327.65,-2940.3
2024-12-09 09:00:00+00:00,144.32,6637.1,431.13,-2912.1
2024-12-09 10:00:00+00:00,144.76,6806.6,398.68,-2886.1
2024-12-09 11:00:00+00:00,142.37,6783.8,389.48,-3136.8
2024-12-09 12:00:00+00:00,148.77,6691.58,372.9,-2857.9
2024-12-09 13:00:00+00:00,160.21,6655.83,197.2,-2960.9
2024-12-09 14:00:00+00:00,181.68,6737.55,40.9,-3082.6
2024-12-09 15:00:00+00:00,189.29,6859.85,0.0,-3228.6
2024-12-09 16:00:00+00:00,189.21,6758.03,0.0,-2888.9
2024-12-09 17:00:00+00:00,188.9,6643.25,0.0,-2773.6
2024-12-09 18:00:00+00:00,183.85,6591.78,0.0,-2667.5
2024-12-09 19:00:00+00:00,180.27,6413.2,0.0,-2368.3
2024-12-09 20:00:00+00:00,164.69,6146.85,0.0,-2152.0
2024-12-09 21:00:00+00:00,139.63,5878.05,0.0,-1720.2
2024-12-09 22:00:00+00:00,118.11,5732.93,0.0,-1601.5
2024-12-09 23:00:00+00:00,97.61,5223.03,0.0,-1390.1
2024-12-10 00:00:00+00:00,94.63,4886.7,0.0,-1138.7
2024-12-10 01:00:00+00:00,92.87,4764.75,0.0,-1014.6
2024-12-10 02:00:00+00:00,92.73,4748.08,0.0,-1009.0
2024-12-10 03:00:00+00:00,99.43,4908.63,0.0,-1096.5
2024-12-10 04:00:00+00:00,119.84,5304.58,0.0,-1473.4
2024-12-10 05:00:00+00:00,146.27,6084.78,0.0,-2209.2
2024-12-10 06:00:00+00:00,177.59,6487.08,31.93,-3004.1
2024-12-10 07:00:00+00:00,179.69,6626.33,233.18,-2797.8
2024-12-10 08:00:00+00:00,178.32,6673.28,477.23,-2783.0
2024-12-10 09:00:00+00:00,181.71,6729.45,300.78,-2772.4
2024-12-10 10:00:00+00:00,184.32,6817.23,406.23,-2698.8
2024-12-10 11:00:00+00:00,181.31,6805.68,472.43,-2865.0
2024-12-10 12:00:00+00:00,186.47,6713.45,512.6,-2683.0
2024-12-10 13:00:00+00:00,185.7,6678.63,252.73,-2735.6
2024-12-10 14:00:00+00:00,193.57,6771.7,50.55,-2839.7
2024-12-10 15:00:00+00:00,195.22,6891.48,0.0,-3232.7
2024-12-10 16:00:00+00:00,196.68,6741.65,0.0,-2715.3
2024-12-10 17:00:00+00:00,181.0,6699.0,0.0,-2589.1
2024-12-10 18:00:00+00:00,179.96,6650.03,0.0,-2529.9
2024-12-10 19:00:00+00:00,165.59,6470.1,0.0,-2287.3
2024-12-10 20:00:00+00:00,150.11,6198.03,0.0,-1998.6
2024-12-10 21:00:00+00:00,137.96,5927.25,0.0,-1664.6
2024-12-10 22:00:00+00:00,121.37,5707.75,0.0,-1543.6
2024-12-10 23:00:00+00:00,114.42,5296.35,0.0,-1302.1
2024-12-11 00:00:00+00:00,107.63,4946.68,0.0,-938.6
2024-12-11 01:00:00+00:00,106.58,4792.45,0.0,-757.2
2024-12-11 02:00:00+00:00,105.37,4807.78,0.0,-722.0
2024-12-11 03:00:00+00:00,107.52,4949.55,0.0,-868.1
2024-12-11 04:00:00+00:00,122.8,5365.45,0.0,-1120.8
2024-12-11 05:00:00+00:00,157.1,6129.8,0.0,-1897.5
2024-12-11 06:00:00+00:00,277.53,6557.0,25.28,-2250.2
2024-12-11 07:00:00+00:00,351.2,6696.08,191.8,-2159.3
2024-12-11 08:00:00+00:00,368.95,6741.23,412.0,-2219.6
2024-12-11 09:00:00+00:00,346.32,6801.1,505.78,-2292.5
2024-12-11 10:00:00+00:00,364.22,6851.53,555.75,-2309.9
2024-12-11 11:00:00+00:00,364.17,6848.4,425.15,-2287.5
2024-12-11 12:00:00+00:00,380.4,6735.48,427.0,-2188.9
2024-12-11 13:00:00+00:00,363.31,6715.73,222.55,-2362.2
2024-12-11 14:00:00+00:00,376.14,6800.65,43.25,-2571.5
2024-12-11 15:00:00+00:00,436.79,6914.65,0.0,-2657.4
2024-12-11 16:00:00+00:00,442.45,6820.68,0.0,-2483.1
2024-12-11 17:00:00+00:00,359.74,6748.7,0.0,-2483.7
2024-12-11 18:00:00+00:00,332.13,6651.93,0.0,-2429.1
2024-12-11 19:00:00+00:00,203.89,6449.1,0.0,-2268.2
2024-12-11 20:00:00+00:00,169.94,6173.9,0.0,-2056.7
2024-12-11 21:00:00+00:00,150.0,5966.2,0.0,-1732.5
2024-12-11 22:00:00+00:00,136.99,5790.53,0.0,-1650.6
2024-12-11 23:00:00+00:00,122.24,5402.48,0.0,-1309.5
2024-12-12 00:00:00+00:00,115.3,5043.9,0.0,-935.1
2024-12-12 01:00:00+00:00,109.96,4902.4,0.0,-775.6
2024-12-12 02:00:00+00:00,107.35,4901.03,0.0,-752.7
2024-12-12 03:00:00+00:00,112.51,5057.23,0.0,-916.2
2024-12-12 04:00:00+00:00,123.77,5535.35,0.0,-1263.2
2024-12-12 05:00:00+00:00,172.49,6214.43,0.0,-2018.8
2024-12-12 06:00:00+00:00,555.68,6563.3,51.13,-2280.2
2024-12-12 07:00:00+00:00,605.93,6684.98,445.03,-1870.6
2024-12-12 08:00:00+00:00,415.0,6752.1,944.28,-1473.4
2024-12-12 09:00:00+00:00,377.82,6836.38,1343.83,-1416.6
2024-12-12 10:00:00+00:00,382.55,6984.43,1585.83,-1638.2
2024-12-12 11:00:00+00:00,376.2,6911.88,1308.48,-1829.6
2024-12-12 12:00:00+00:00,376.67,6735.85,1016.03,-1868.0
2024-12-12 13:00:00+00:00,443.67,6713.6,521.15,-2087.8
2024-12-12 14:00:00+00:00,601.61,6828.35,94.45,-2492.8
2024-12-12 15:00:00+00:00,795.12,6934.18,0.0,-2677.5
2024-12-12 16:00:00+00:00,850.0,6880.78,0.0,-2593.0
2024-12-12 17:00:00+00:00,670.0,6779.13,0.0,-2401.0
2024-12-12 18:00:00+00:00,547.94,6687.13,0.0,-2369.4
2024-12-12 19:00:00+00:00,294.48,6462.23,0.0,-2067.7
2024-12-12 20:00:00+00:00,169.4,6198.8,0.0,-1900.0
2024-12-12 21:00:00+00:00,150.0,5974.08,0.0,-1585.1
2024-12-12 22:00:00+00:00,134.75,5809.93,0.0,-1481.0
2024-12-12 23:00:00+00:00,130.07,5419.08,0.0,-1302.4
2024-12-13 00:00:00+00:00,122.9,5063.35,0.0,-949.2
2024-12-13 01:00:00+00:00,118.97,4923.53,0.0,-785.6
2024-12-13 02:00:00+00:00,114.95,4905.13,0.0,-765.9
2024-12-13 03:00:00+00:00,115.64,5049.35,0.0,-930.0
2024-12-13 04:00:00+00:00,125.47,5459.43,0.0,-1274.6
2024-12-13 05:00:00+00:00,155.28,6205.9,0.0,-2066.1
2024-12-13 06:00:00+00:00,187.73,6578.6,34.53,-2707.4
2024-12-13 07:00:00+00:00,253.0,6729.45,262.85,-2521.0
2024-12-13 08:00:00+00:00,245.74,6637.78,581.73,-2095.8
2024-12-13 09:00:00+00:00,208.42,6678.23,911.45,-1934.3
2024-12-13 10:00:00+00:00,180.82,6244.03,1523.73,-1812.8
2024-12-13 11:00:00+00:00,170.89,6757.05,1054.5,-1851.4
2024-12-13 12:00:00+00:00,165.0,6738.13,638.88,-1837.1
2024-12-13 13:00:00+00:00,184.5,6696.03,380.48,-2228.3
2024-12-13 14:00:00+00:00,220.77,6756.55,72.05,-2747.2
2024-12-13 15:00:00+00:00,251.79,6850.6,0.0,-3061.3
2024-12-13 16:00:00+00:00,284.21,6727.9,0.0,-2971.8
2024-12-13 17:00:00+00:00,260.0,6694.35,0.0,-2891.6
2024-12-13 18:00:00+00:00,225.6,6586.75,0.0,-2829.6
2024-12-13 19:00:00+00:00,175.0,6361.15,0.0,-2174.3
2024-12-13 20:00:00+00:00,146.22,6134.05,0.0,-1851.9
2024-12-13 21:00:00+00:00,135.09,5957.28,0.0,-1562.9
2024-12-13 22:00:00+00:00,116.52,5770.35,0.0,-1430.6
2024-12-13 23:00:00+00:00,116.94,5462.3,0.0,-1873.2
2024-12-14 00:00:00+00:00,111.36,5071.33,0.0,-1412.8
2024-12-14 01:00:00+00:00,108.04,4911.55,0.0,-1188.4
2024-12-14 02:00:00+00:00,99.02,4866.18,0.0,-1250.3
2024-12-14 03:00:00+00:00,93.44,4929.85,0.0,-1433.2
2024-12-14 04:00:00+00:00,91.55,5157.28,0.0,-1745.2
2024-12-14 05:00:00+00:00,121.97,5514.25,0.0,-2027.3
2024-12-14 06:00:00+00:00,137.73,5841.35,18.0,-2178.3
2024-12-14 07:00:00+00:00,129.88,5981.6,135.13,-2522.7
2024-12-14 08:00:00+00:00,129.58,6035.3,283.8,-2937.8
2024-12-14 09:00:00+00:00,127.83,6140.0,358.75,-2962.2
2024-12-14 10:00:00+00:00,127.04,6276.65,223.18,-3024.7
2024-12-14 11:00:00+00:00,126.93,6206.9,315.0,-2761.3
2024-12-14 12:00:00+00:00,126.75,6045.13,271.93,-2499.3
2024-12-14 13:00:00+00:00,137.81,6079.75,163.9,-2398.4
2024-12-14 14:00:00+00:00,142.39,6239.03,37.6,-2461.8
2024-12-14 15:00:00+00:00,144.91,6428.05,0.0,-2633.2
2024-12-14 16:00:00+00:00,145.07,6315.68,0.0,-2511.8
2024-12-14 17:00:00+00:00,145.25,6172.13,0.0,-2272.2
2024-12-14 18:00:00+00:00,142.82,6103.75,0.0,-2253.4
2024-12-14 19:00:00+00:00,131.82,5938.93,0.0,-2087.1
2024-12-14 20:00:00+00:00,125.48,5756.3,0.0,-2043.1
2024-12-14 21:00:00+00:00,117.19,5578.8,0.0,-2268.0
2024-12-14 22:00:00+00:00,96.87,5449.38,0.0,-2096.5
2024-12-14 23:00:00+00:00,95.59,5074.1,0.0,-1894.7
2024-12-15 00:00:00+00:00,88.41,4728.4,0.0,-1591.8
2024-12-15 01:00:00+00:00,86.37,4563.68,0.0,-1389.5
2024-12-15 02:00:00+00:00,75.16,4514.18,0.0,-1339.0
2024-12-15 03:00:00+00:00,68.71,4535.98,0.0,-1374.5
2024-12-15 04:00:00+00:00,73.82,4655.45,0.0,-1453.4
2024-12-15 05:00:00+00:00,78.44,4832.95,0.0,-1680.6
2024-12-15 06:00:00+00:00,111.57,5087.08,47.48,-1830.3
2024-12-15 07:00:00+00:00,94.5,5339.28,339.53,-1829.0
2024-12-15 08:00:00+00:00,93.32,5505.7,694.3,-1797.8
2024-12-15 09:00:00+00:00,100.52,5597.95,1119.9,-1620.2
2024-12-15 10:00:00+00:00,101.85,5680.8,1300.35,-1400.7
2024-12-15 11:00:00+00:00,98.44,5589.85,1246.58,-1304.8
2024-12-15 12:00:00+00:00,97.89,5421.85,1102.08,-1338.7
2024-12-15 13:00:00+00:00,108.21,5552.38,590.83,-1695.3
2024-12-15 14:00:00+00:00,123.81,5775.53,117.3,-2044.5
2024-12-15 15:00:00+00:00,174.06,6083.65,0.0,-2338.4
2024-12-15 16:00:00+00:00,188.19,6063.8,0.0,-2274.3
2024-12-15 17:00:00+00:00,166.66,6038.53,0.0,-2267.8
2024-12-15 18:00:00+00:00,168.33,6051.25,0.0,-2267.1
2024-12-15 19:00:00+00:00,165.67,5875.58,0.0,-2100.7
2024-12-15 20:00:00+00:00,146.25,5630.53,0.0,-1850.3
2024-12-15 21:00:00+00:00,126.53,5401.7,0.0,-2001.6
2024-12-15 22:00:00+00:00,112.78,5222.73,0.0,-1880.1
2024-12-15 23:00:00+00:00,106.9,4749.48,0.0,-1038.4
2024-12-16 00:00:00+00:00,86.62,4523.05,0.0,-873.9
2024-12-16 01:00:00+00:00,53.78,4448.33,0.0,-814.2
2024-12-16 02:00:00+00:00,80.01,4437.88,0.0,-803.3
2024-12-16 03:00:00+00:00,86.05,4602.15,0.0,-947.2
2024-12-16 04:00:00+00:00,129.75,5069.73,0.0,-1171.6
2024-12-16 05:00:00+00:00,192.66,5874.8,0.0,-1848.3
2024-12-16 06:00:00+00:00,206.3,6309.03,14.58,-2669.4
2024-12-16 07:00:00+00:00,175.0,6435.43,122.48,-2657.6
2024-12-16 08:00:00+00:00,137.17,6398.28,286.65,-2281.4
2024-12-16 09:00:00+00:00,116.37,6380.2,424.03,-2044.3
2024-12-16 10:00:00+00:00,97.11,6459.8,567.15,-1941.8
2024-12-16 11:00:00+00:00,99.48,6354.35,683.85,-1804.4
2024-12-16 12:00:00+00:00,111.32,6224.78,714.25,-1665.1
2024-12-16 13:00:00+00:00,128.69,6307.98,427.75,-2066.7
2024-12-16 14:00:00+00:00,151.15,6441.65,85.43,-2568.6
2024-12-16 15:00:00+00:00,185.98,6614.13,0.0,-2884.8
2024-12-16 16:00:00+00:00,173.75,6534.43,0.0,-2847.3
2024-12-16 17:00:00+00:00,180.18,6412.8,0.0,-2770.8
2024-12-16 18:00:00+00:00,179.34,6416.25,0.0,-2777.7
2024-12-16 19:00:00+00:00,171.07,6236.18,0.0,-2179.3
2024-12-16 20:00:00+00:00,146.38,6008.83,0.0,-1883.9
2024-12-16 21:00:00+00:00,134.75,5795.15,0.0,-1664.7
2024-12-16 22:00:00+00:00,99.3,5589.9,0.0,-1609.9
2024-12-16 23:00:00+00:00,83.42,5115.68,0.0,-1267.2
2024-12-17 00:00:00+00:00,80.07,4814.15,0.0,-1013.8
2024-12-17 01:00:00+00:00,66.36,4687.38,0.0,-909.3
2024-12-17 02:00:00+00:00,62.95,4651.03,0.0,-867.3
2024-12-17 03:00:00+00:00,85.83,4776.0,0.0,-1023.3
2024-12-17 04:00:00+00:00,119.96,5146.75,0.0,-1221.3
2024-12-17 05:00:00+00:00,149.43,5941.45,0.0,-1892.1
2024-12-17 06:00:00+00:00,169.59,6331.98,32.65,-2694.5
2024-12-17 07:00:00+00:00,146.81,6401.1,314.1,-2311.4
2024-12-17 08:00:00+00:00,125.96,6328.43,585.28,-1921.3
2024-12-17 09:00:00+00:00,112.5,6260.15,743.88,-1790.7
2024-12-17 10:00:00+00:00,104.38,6112.73,779.33,-1519.8
2024-12-17 11:00:00+00:00,104.12,6217.78,1002.53,-1410.7
2024-12-17 12:00:00+00:00,108.29,6157.78,1012.05,-1246.7
2024-12-17 13:00:00+00:00,120.46,6256.48,577.88,-1913.7
2024-12-17 14:00:00+00:00,147.2,6407.5,118.23,-2509.1
2024-12-17 15:00:00+00:00,191.63,6564.38,0.0,-2908.0
2024-12-17 16:00:00+00:00,205.28,6417.9,0.0,-2825.1
2024-12-17 17:00:00+00:00,199.96,6402.75,0.0,-2736.1
2024-12-17 18:00:00+00:00,198.73,6438.73,0.0,-2785.5
2024-12-17 19:00:00+00:00,174.15,6259.33,0.0,-2240.6
2024-12-17 20:00:00+00:00,145.88,6021.68,0.0,-1882.4
2024-12-17 21:00:00+00:00,128.8,5788.83,0.0,-1549.2
2024-12-17 22:00:00+00:00,119.65,5476.83,0.0,-1415.3
2024-12-17 23:00:00+00:00,92.92,5180.78,0.0,-1703.7
2024-12-18 00:00:00+00:00,86.74,4865.6,0.0,-1317.8
2024-12-18 01:00:00+00:00,86.85,4731.6,0.0,-1200.7
2024-12-18 02:00:00+00:00,85.02,4684.55,0.0,-1253.6
2024-12-18 03:00:00+00:00,89.83,4809.95,0.0,-1173.1
2024-12-18 04:00:00+00:00,127.74,5155.38,0.0,-1414.9
2024-12-18 05:00:00+00:00,202.03,5912.68,0.0,-2037.2
2024-12-18 06:00:00+00:00,286.12,6279.5,29.08,-2297.4
2024-12-18 07:00:00+00:00,190.43,6343.13,299.58,-2019.9
2024-12-18 08:00:00+00:00,155.61,6279.58,684.25,-1491.4
2024-12-18 09:00:00+00:00,110.22,6143.35,991.4,-1045.4
2024-12-18 10:00:00+00:00,113.35,5911.15,1311.9,-656.8
2024-12-18 11:00:00+00:00,110.02,5976.73,1440.3,-531.5
2024-12-18 12:00:00+00:00,113.28,5917.35,928.8,-700.1
2024-12-18 13:00:00+00:00,141.83,6049.53,525.73,-1213.0
2024-12-18 14:00:00+00:00,219.8,6248.55,113.5,-2033.7
2024-12-18 15:00:00+00:00,230.85,6470.15,0.0,-2553.8
2024-12-18 16:00:00+00:00,240.03,6379.53,0.0,-2528.6
2024-12-18 17:00:00+00:00,221.9,6406.35,0.0,-2444.3
2024-12-18 18:00:00+00:00,215.05,6338.9,0.0,-2403.3
2024-12-18 19:00:00+00:00,177.6,6145.38,0.0,-2182.4
2024-12-18 20:00:00+00:00,162.22,5921.43,0.0,-1748.3
2024-12-18 21:00:00+00:00,139.21,5683.53,0.0,-1528.8
2024-12-18 22:00:00+00:00,120.99,5452.73,0.0,-1427.9
2024-12-18 23:00:00+00:00,111.44,5209.18,0.0,-1622.5
2024-12-19 00:00:00+00:00,106.11,4861.25,0.0,-1255.7
2024-12-19 01:00:00+00:00,105.83,4720.7,0.0,-1182.2
2024-12-19 02:00:00+00:00,105.44,4688.8,0.0,-1210.4
2024-12-19 03:00:00+00:00,102.0,4828.73,0.0,-1165.8
2024-12-19 04:00:00+00:00,113.29,5155.65,0.0,-1424.3
2024-12-19 05:00:00+00:00,142.33,5887.95,0.0,-2075.8
2024-12-19 06:00:00+00:00,194.15,6277.83,28.45,-2323.6
2024-12-19 07:00:00+00:00,157.47,6247.9,308.03,-1417.0
2024-12-19 08:00:00+00:00,126.54,5998.73,769.15,-944.3
2024-12-19 09:00:00+00:00,99.05,5835.6,1266.15,-539.1
2024-12-19 10:00:00+00:00,92.36,5617.05,1496.63,-304.7
2024-12-19 11:00:00+00:00,87.58,5775.13,1592.88,-181.8
2024-12-19 12:00:00+00:00,104.23,5678.33,1251.48,-366.3
2024-12-19 13:00:00+00:00,118.52,5825.25,646.85,-834.8
2024-12-19 14:00:00+00:00,139.27,6192.68,112.88,-1776.4
2024-12-19 15:00:00+00:00,190.01,6450.13,0.0,-2218.9
2024-12-19 16:00:00+00:00,176.31,6368.1,0.0,-2218.9
2024-12-19 17:00:00+00:00,154.5,6362.15,0.0,-2155.9
2024-12-19 18:00:00+00:00,155.12,6292.35,0.0,-2173.8
2024-12-19 19:00:00+00:00,140.45,6097.85,0.0,-1917.6
2024-12-19 20:00:00+00:00,113.37,5873.18,0.0,-1562.9
2024-12-19 21:00:00+00:00,91.66,5645.3,0.0,-1302.2
2024-12-19 22:00:00+00:00,67.19,5435.55,0.0,-1218.1
2024-12-19 23:00:00+00:00,73.95,5106.4,0.0,-1509.5
2024-12-20 00:00:00+00:00,54.5,4773.6,0.0,-1193.4
2024-12-20 01:00:00+00:00,36.32,4614.83,0.0,-1025.7
2024-12-20 02:00:00+00:00,36.48,4587.7,0.0,-1037.9
2024-12-20 03:00:00+00:00,44.61,4730.05,0.0,-1068.7
2024-12-20 04:00:00+00:00,73.03,5046.48,0.0,-1332.4
2024-12-20 05:00:00+00:00,117.25,5705.7,0.0,-1833.6
2024-12-20 06:00:00+00:00,131.0,6095.95,14.98,-2195.4
2024-12-20 07:00:00+00:00,136.08,6136.83,154.25,-1617.5
2024-12-20 08:00:00+00:00,124.15,5863.28,341.43,-1497.0
2024-12-20 09:00:00+00:00,111.87,5622.3,450.88,-1348.0
2024-12-20 10:00:00+00:00,118.09,5472.43,408.33,-1314.7
2024-12-20 11:00:00+00:00,114.82,5544.05,291.4,-1382.8
2024-12-20 12:00:00+00:00,118.08,5489.98,289.6,-1390.2
2024-12-20 13:00:00+00:00,124.18,5712.75,144.4,-1542.6
2024-12-20 14:00:00+00:00,126.12,6072.15,35.03,-1896.3
2024-12-20 15:00:00+00:00,130.92,6332.33,0.0,-2121.2
2024-12-20 16:00:00+00:00,136.47,6210.73,0.0,-2086.4
2024-12-20 17:00:00+00:00,129.57,6209.18,0.0,-1936.3
2024-12-20 18:00:00+00:00,123.35,6139.25,0.0,-1866.6
2024-12-20 19:00:00+00:00,116.32,5961.6,0.0,-1611.2
2024-12-20 20:00:00+00:00,96.68,5757.65,0.0,-1343.5
2024-12-20 21:00:00+00:00,74.0,5563.63,0.0,-1257.5
2024-12-20 22:00:00+00:00,60.31,5326.98,0.0,-1202.6
2024-12-20 23:00:00+00:00,57.63,5305.03,0.0,-1602.6
2024-12-21 00:00:00+00:00,41.19,4954.03,0.0,-1555.2
2024-12-21 01:00:00+00:00,35.35,4804.53,0.0,-1484.4
2024-12-21 02:00:00+00:00,19.41,4752.35,0.0,-1377.3
2024-12-21 03:00:00+00:00,18.11,4812.88,0.0,-1504.4
2024-12-21 04:00:00+00:00,38.93,5025.73,0.0,-1623.3
2024-12-21 05:00:00+00:00,67.1,5426.3,0.0,-1852.2
2024-12-21 06:00:00+00:00,80.4,5737.33,39.95,-1872.1
2024-12-21 07:00:00+00:00,80.56,5940.6,491.28,-1635.7
2024-12-21 08:00:00+00:00,75.06,6074.73,1191.53,-1236.4
2024-12-21 09:00:00+00:00,68.13,6259.65,1609.18,-1017.0
2024-12-21 10:00:00+00:00,56.55,6412.6,1545.15,-977.6
2024-12-21 11:00:00+00:00,61.84,6291.43,1751.78,-1033.7
2024-12-21 12:00:00+00:00,78.62,6106.53,1444.63,-1159.4
2024-12-21 13:00:00+00:00,103.55,6095.35,834.63,-1557.7
2024-12-21 14:00:00+00:00,128.87,6186.03,192.4,-2081.2
2024-12-21 15:00:00+00:00,142.63,6340.03,0.0,-2436.7
2024-12-21 16:00:00+00:00,155.91,6188.2,0.0,-2289.2
2024-12-21 17:00:00+00:00,158.49,6088.08,0.0,-1953.6
2024-12-21 18:00:00+00:00,150.86,6047.65,0.0,-1976.4
2024-12-21 19:00:00+00:00,143.82,5884.55,0.0,-2080.2
2024-12-21 20:00:00+00:00,118.97,5726.05,0.0,-2023.2
2024-12-21 21:00:00+00:00,118.11,5638.25,0.0,-2109.7
2024-12-21 22:00:00+00:00,85.63,5468.2,0.0,-2093.2
2024-12-21 23:00:00+00:00,86.52,4877.6,0.0,-1340.9
2024-12-22 00:00:00+00:00,86.55,4520.25,0.0,-1291.9
2024-12-22 01:00:00+00:00,86.68,4391.95,0.0,-1236.2
2024-12-22 02:00:00+00:00,73.44,4323.75,0.0,-1141.9
2024-12-22 03:00:00+00:00,86.49,4325.43,0.0,-1163.7
2024-12-22 04:00:00+00:00,107.16,4422.2,0.0,-1173.9
2024-12-22 05:00:00+00:00,114.44,4704.68,0.0,-1011.9
2024-12-22 06:00:00+00:00,128.09,4992.25,55.48,-1328.7
2024-12-22 07:00:00+00:00,122.51,5236.05,379.95,-1193.9
2024-12-22 08:00:00+00:00,94.38,5343.48,659.6,-751.0
2024-12-22 09:00:00+00:00,80.43,5474.05,936.85,-569.1
2024-12-22 10:00:00+00:00,89.57,5604.23,921.0,-614.6
2024-12-22 11:00:00+00:00,90.71,5553.13,820.53,-728.8
2024-12-22 12:00:00+00:00,98.35,5427.45,621.43,-935.3
2024-12-22 13:00:00+00:00,109.57,5563.53,270.4,-1436.9
2024-12-22 14:00:00+00:00,137.49,5785.2,53.88,-1969.1
2024-12-22 15:00:00+00:00,184.77,6046.5,0.0,-2439.8
2024-12-22 16:00:00+00:00,184.35,6020.28,0.0,-2459.2
2024-12-22 17:00:00+00:00,177.08,5990.85,0.0,-2332.7
2024-12-22 18:00:00+00:00,159.19,5915.2,0.0,-2284.5
2024-12-22 19:00:00+00:00,132.51,5715.83,0.0,-2216.1
2024-12-22 20:00:00+00:00,116.25,5491.0,0.0,-1934.9
2024-12-22 21:00:00+00:00,83.48,5322.7,0.0,-1990.5
2024-12-22 22:00:00+00:00,74.89,5055.7,0.0,-1886.4
2024-12-22 23:00:00+00:00,55.26,4268.2,0.0,-900.7
2024-12-23 00:00:00+00:00,27.86,3977.15,0.0,-659.9
2024-12-23 01:00:00+00:00,16.42,3866.63,0.0,-513.4
2024-12-23 02:00:00+00:00,10.14,3854.43,0.0,-537.4
2024-12-23 03:00:00+00:00,18.67,3928.58,0.0,-496.7
2024-12-23 04:00:00+00:00,60.72,4132.78,0.0,-577.9
2024-12-23 05:00:00+00:00,123.01,4284.63,0.0,-715.4
2024-12-23 06:00:00+00:00,166.68,4627.08,18.15,-1222.5
2024-12-23 07:00:00+00:00,171.98,4957.43,157.5,-1069.7
2024-12-23 08:00:00+00:00,140.8,5068.0,294.03,-1114.2
2024-12-23 09:00:00+00:00,128.19,5156.63,476.5,-1238.5
2024-12-23 10:00:00+00:00,118.04,5380.95,545.43,-1408.5
2024-12-23 11:00:00+00:00,112.73,5483.85,377.88,-1517.3
2024-12-23 12:00:00+00:00,114.2,5455.15,344.63,-1453.8
2024-12-23 13:00:00+00:00,121.81,5572.8,192.85,-1613.0
2024-12-23 14:00:00+00:00,129.81,4899.23,43.8,-1070.1
2024-12-23 15:00:00+00:00,143.17,5739.38,0.25,-1954.9
2024-12-23 16:00:00+00:00,137.31,5599.95,0.0,-1803.2
2024-12-23 17:00:00+00:00,128.04,5504.7,0.0,-1597.8
2024-12-23 18:00:00+00:00,127.68,5270.5,0.0,-1433.5
2024-12-23 19:00:00+00:00,118.9,5121.73,0.0,-1182.5
2024-12-23 20:00:00+00:00,108.7,5011.15,0.0,-1012.9
2024-12-23 21:00:00+00:00,105.82,4932.9,0.0,-998.1
2024-12-23 22:00:00+00:00,102.83,4784.95,0.0,-877.7
2024-12-23 23:00:00+00:00,86.03,4359.93,0.0,-803.4
2024-12-24 00:00:00+00:00,82.84,3944.88,0.0,-517.3
2024-12-24 01:00:00+00:00,81.89,3758.55,0.0,-275.0
2024-12-24 02:00:00+00:00,78.0,3768.43,0.0,-302.8
2024-12-24 03:00:00+00:00,78.78,3814.23,0.0,-324.6
2024-12-24 04:00:00+00:00,80.6,4214.63,0.0,-395.9
2024-12-24 05:00:00+00:00,85.07,4012.33,0.0,-363.5
2024-12-24 06:00:00+00:00,100.83,4206.63,14.05,-887.0
2024-12-24 07:00:00+00:00,115.09,4574.85,130.25,-787.3
2024-12-24 08:00:00+00:00,120.95,4700.65,276.83,-756.2
2024-12-24 09:00:00+00:00,120.0,4902.7,548.1,-746.8
2024-12-24 10:00:00+00:00,118.16,5456.9,672.7,-725.3
2024-12-24 11:00:00+00:00,117.49,5022.0,542.68,-831.1
2024-12-24 12:00:00+00:00,115.38,4761.6,521.88,-868.7
2024-12-24 13:00:00+00:00,117.98,4826.93,319.8,-1003.0
2024-12-24 14:00:00+00:00,119.5,4920.23,71.2,-1184.5
2024-12-24 15:00:00+00:00,120.21,5192.28,0.0,-1427.3
2024-12-24 16:00:00+00:00,118.0,5330.7,0.0,-1277.5
2024-12-24 17:00:00+00:00,110.98,4830.45,0.0,-985.5
2024-12-24 18:00:00+00:00,105.66,4490.48,0.0,-808.7
2024-12-24 19:00:00+00:00,102.56,4433.2,0.0,-622.4
2024-12-24 20:00:00+00:00,94.63,4516.13,0.0,-453.9
2024-12-24 21:00:00+00:00,99.04,4476.7,0.0,-395.0
2024-12-24 22:00:00+00:00,90.0,4566.08,0.0,-248.7
2024-12-24 23:00:00+00:00,91.37,4318.0,0.0,-1256.4
2024-12-25 00:00:00+00:00,86.44,3960.73,0.0,-1060.5
2024-12-25 01:00:00+00:00,85.07,3785.98,0.0,-922.7
2024-12-25 02:00:00+00:00,80.81,3729.15,0.0,-878.5
2024-12-25 03:00:00+00:00,75.99,3743.1,0.0,-942.0
2024-12-25 04:00:00+00:00,80.81,3922.45,0.0,-1089.1
2024-12-25 05:00:00+00:00,83.01,4010.35,0.0,-1330.7
2024-12-25 06:00:00+00:00,84.94,4216.23,31.08,-1480.0
2024-12-25 07:00:00+00:00,90.21,4520.75,400.13,-1355.9
2024-12-25 08:00:00+00:00,99.24,4707.3,1027.55,-926.3
2024-12-25 09:00:00+00:00,93.56,4841.78,1450.8,-530.5
2024-12-25 10:00:00+00:00,92.55,5039.55,1631.1,-373.9
2024-12-25 11:00:00+00:00,94.41,4764.85,1688.75,-232.0
2024-12-25 12:00:00+00:00,91.03,4506.78,1400.93,-224.1
2024-12-25 13:00:00+00:00,99.84,4544.08,815.73,-721.2
2024-12-25 14:00:00+00:00,113.98,5249.28,184.55,-2138.6
2024-12-25 15:00:00+00:00,118.9,4968.13,0.08,-1882.2
2024-12-25 16:00:00+00:00,120.85,5046.45,0.0,-1941.0
2024-12-25 17:00:00+00:00,119.51,5015.4,0.0,-1843.3
2024-12-25 18:00:00+00:00,118.23,4964.05,0.0,-1892.7
2024-12-25 19:00:00+00:00,118.67,4925.25,0.0,-1826.9
2024-12-25 20:00:00+00:00,113.01,4837.9,0.0,-1706.2
2024-12-25 21:00:00+00:00,114.07,4667.5,0.0,-1514.3
2024-12-25 22:00:00+00:00,104.63,4560.18,0.0,-1367.6
2024-12-25 23:00:00+00:00,102.17,4390.93,0.0,-1324.6
2024-12-26 00:00:00+00:00,95.06,4031.25,0.0,-1067.6
2024-12-26 01:00:00+00:00,94.61,3875.6,0.0,-959.0
2024-12-26 02:00:00+00:00,89.64,3838.35,0.0,-921.4
2024-12-26 03:00:00+00:00,90.87,3819.35,0.0,-1003.3
2024-12-26 04:00:00+00:00,95.1,3941.0,0.0,-1116.5
2024-12-26 05:00:00+00:00,99.0,4120.03,0.0,-1484.1
2024-12-26 06:00:00+00:00,112.76,4328.3,46.53,-1582.7
2024-12-26 07:00:00+00:00,120.78,4623.93,536.13,-1139.6
2024-12-26 08:00:00+00:00,118.23,4801.7,1217.1,-489.5
2024-12-26 09:00:00+00:00,113.25,4835.53,1678.23,-41.2
2024-12-26 10:00:00+00:00,106.01,4637.63,1720.3,74.5
2024-12-26 11:00:00+00:00,107.71,4729.13,1804.45,100.4
2024-12-26 12:00:00+00:00,103.9,4659.05,1473.1,-51.7
2024-12-26 13:00:00+00:00,109.64,4713.73,837.35,-789.6
2024-12-26 14:00:00+00:00,120.75,4991.38,188.08,-1781.6
2024-12-26 15:00:00+00:00,130.04,5080.9,0.1,-1938.4
2024-12-26 16:00:00+00:00,137.9,5141.83,0.0,-1911.0
2024-12-26 17:00:00+00:00,138.05,5125.18,0.0,-1791.2
2024-12-26 18:00:00+00:00,135.71,5050.7,0.0,-1817.9
2024-12-26 19:00:00+00:00,129.13,5014.75,0.0,-1793.5
2024-12-26 20:00:00+00:00,120.85,4893.1,0.0,-1665.6
2024-12-26 21:00:00+00:00,123.5,4719.9,0.0,-1531.7
2024-12-26 22:00:00+00:00,116.98,4664.93,0.0,-1472.6
2024-12-26 23:00:00+00:00,106.79,4174.83,0.0,-1040.6
2024-12-27 00:00:00+00:00,101.52,3842.75,0.0,-782.9
2024-12-27 01:00:00+00:00,101.03,3774.15,0.0,-779.8
2024-12-27 02:00:00+00:00,99.74,3802.15,0.0,-752.2
2024-12-27 03:00:00+00:00,99.58,3867.43,0.0,-848.2
2024-12-27 04:00:00+00:00,106.2,4156.53,0.0,-1038.2
2024-12-27 05:00:00+00:00,115.7,4433.33,0.0,-1473.7
2024-12-27 06:00:00+00:00,124.29,4697.55,37.25,-1602.7
2024-12-27 07:00:00+00:00,131.85,4958.5,471.83,-1100.4
2024-12-27 08:00:00+00:00,130.15,4995.23,1110.83,-230.7
2024-12-27 09:00:00+00:00,120.1,4883.48,1566.9,291.7
2024-12-27 10:00:00+00:00,107.94,4558.35,1721.58,467.5
2024-12-27 11:00:00+00:00,107.81,4667.05,1807.75,480.8
2024-12-27 12:00:00+00:00,107.94,4730.78,1402.08,234.8
2024-12-27 13:00:00+00:00,122.39,4925.05,798.3,-621.7
2024-12-27 14:00:00+00:00,137.92,5325.0,182.15,-1630.1
2024-12-27 15:00:00+00:00,147.31,5605.03,0.45,-2086.9
2024-12-27 16:00:00+00:00,151.94,5655.08,0.0,-2065.3
2024-12-27 17:00:00+00:00,158.4,5574.78,0.0,-1858.5
2024-12-27 18:00:00+00:00,146.43,5501.73,0.0,-1952.0
2024-12-27 19:00:00+00:00,133.14,5351.7,0.0,-1895.2
2024-12-27 20:00:00+00:00,125.42,5166.3,0.0,-1756.5
2024-12-27 21:00:00+00:00,126.76,5003.55,0.0,-1667.1
2024-12-27 22:00:00+00:00,114.0,4896.78,0.0,-1636.3
2024-12-27 23:00:00+00:00,126.4,4187.95,0.0,-673.5
2024-12-28 00:00:00+00:00,116.63,3878.3,0.0,-391.7
2024-12-28 01:00:00+00:00,110.15,3781.48,0.0,-382.7
2024-12-28 02:00:00+00:00,105.92,3712.2,0.0,-262.7
2024-12-28 03:00:00+00:00,102.93,3756.2,0.0,-444.3
2024-12-28 04:00:00+00:00,105.58,3881.43,0.0,-547.0
2024-12-28 05:00:00+00:00,109.71,4129.75,0.0,-530.4
2024-12-28 06:00:00+00:00,124.24,4383.25,27.55,-481.2
2024-12-28 07:00:00+00:00,128.0,4512.33,353.83,-1.2
2024-12-28 08:00:00+00:00,128.3,4462.75,821.53,609.7
2024-12-28 09:00:00+00:00,122.83,4361.3,1361.65,1244.4
2024-12-28 10:00:00+00:00,113.4,4285.2,1627.03,1360.8
2024-12-28 11:00:00+00:00,108.97,4343.13,1498.0,1252.3
2024-12-28 12:00:00+00:00,110.01,4457.8,1135.75,879.6
2024-12-28 13:00:00+00:00,118.05,4754.5,640.33,116.1
2024-12-28 14:00:00+00:00,139.23,5100.85,144.8,-955.4
2024-12-28 15:00:00+00:00,194.0,5362.58,0.05,-1652.5
2024-12-28 16:00:00+00:00,209.91,5420.6,0.0,-1723.7
2024-12-28 17:00:00+00:00,184.95,5480.48,0.0,-1636.7
2024-12-28 18:00:00+00:00,185.87,5422.73,0.0,-1516.4
2024-12-28 19:00:00+00:00,165.47,5309.18,0.0,-1339.0
2024-12-28 20:00:00+00:00,125.9,5160.33,0.0,-1409.6
2024-12-28 21:00:00+00:00,121.25,4948.63,0.0,-1225.9
2024-12-28 22:00:00+00:00,116.34,4758.5,0.0,-1101.6
2024-12-28 23:00:00+00:00,127.39,4538.3,0.0,-1258.0
2024-12-29 00:00:00+00:00,114.09,4251.28,0.0,-975.8
2024-12-29 01:00:00+00:00,107.71,4107.28,0.0,-881.9
2024-12-29 02:00:00+00:00,101.7,4072.28,0.0,-858.2
2024-12-29 03:00:00+00:00,97.73,4135.8,0.0,-969.3
2024-12-29 04:00:00+00:00,98.61,4242.73,0.0,-1125.3
2024-12-29 05:00:00+00:00,98.16,4488.53,0.0,-1214.6
2024-12-29 06:00:00+00:00,103.29,4775.28,15.65,-1259.6
2024-12-29 07:00:00+00:00,110.71,4935.83,198.9,-857.3
2024-12-29 08:00:00+00:00,116.33,4980.8,495.55,33.6
2024-12-29 09:00:00+00:00,108.67,4960.3,998.48,761.2
2024-12-29 10:00:00+00:00,104.83,4884.2,1699.4,1065.4
2024-12-29 11:00:00+00:00,104.84,4918.45,1662.83,903.7
2024-12-29 12:00:00+00:00,108.88,4990.28,809.68,580.6
2024-12-29 13:00:00+00:00,122.32,5126.08,485.5,-299.7
2024-12-29 14:00:00+00:00,142.8,5324.63,121.08,-1459.1
2024-12-29 15:00:00+00:00,187.62,5550.3,0.5,-2078.6
2024-12-29 16:00:00+00:00,186.52,5510.15,0.0,-2108.0
2024-12-29 17:00:00+00:00,184.98,5504.85,0.0,-2160.1
2024-12-29 18:00:00+00:00,184.37,5485.63,0.0,-2143.1
2024-12-29 19:00:00+00:00,185.79,5424.85,0.0,-1944.2
2024-12-29 20:00:00+00:00,170.42,5281.75,0.0,-1817.8
2024-12-29 21:00:00+00:00,150.03,5045.8,0.0,-1574.6
2024-12-29 22:00:00+00:00,133.15,4845.7,0.0,-1496.3
2024-12-29 23:00:00+00:00,112.02,4605.43,0.0,-1725.4
2024-12-30 00:00:00+00:00,100.08,4366.45,0.0,-1504.7
2024-12-30 01:00:00+00:00,95.58,4234.78,0.0,-1394.2
2024-12-30 02:00:00+00:00,92.48,4215.83,0.0,-1366.0
2024-12-30 03:00:00+00:00,105.5,4288.83,0.0,-1434.3
2024-12-30 04:00:00+00:00,123.69,4504.18,0.0,-1622.4
2024-12-30 05:00:00+00:00,147.36,4887.53,0.0,-1957.0
2024-12-30 06:00:00+00:00,171.53,5192.8,13.25,-2158.1
2024-12-30 07:00:00+00:00,156.39,5114.95,171.3,-1755.4
2024-12-30 08:00:00+00:00,133.6,4818.23,406.3,-966.0
2024-12-30 09:00:00+00:00,117.01,4569.73,964.38,-409.4
2024-12-30 10:00:00+00:00,105.57,4392.95,1744.55,-29.5
2024-12-30 11:00:00+00:00,103.77,4457.55,1431.28,38.8
2024-12-30 12:00:00+00:00,113.36,4613.75,773.5,-148.2
2024-12-30 13:00:00+00:00,119.19,5020.3,459.73,-1093.7
2024-12-30 14:00:00+00:00,153.79,5497.65,120.55,-2056.9
2024-12-30 15:00:00+00:00,235.14,5851.75,0.13,-2262.1
2024-12-30 16:00:00+00:00,207.74,5834.05,0.0,-2206.5
2024-12-30 17:00:00+00:00,233.17,5804.08,0.0,-2158.1
2024-12-30 18:00:00+00:00,182.55,5725.1,0.0,-2158.1
2024-12-30 19:00:00+00:00,180.87,5609.6,0.0,-2158.1
2024-12-30 20:00:00+00:00,173.15,5523.48,0.0,-2158.1
2024-12-30 21:00:00+00:00,146.51,5381.85,0.0,-2114.1
2024-12-30 22:00:00+00:00,138.09,5212.55,0.0,-2144.6
2024-12-30 23:00:00+00:00,117.42,4826.7,0.0,-1548.7
2024-12-31 00:00:00+00:00,95.5,4489.03,0.0,-1296.4
2024-12-31 01:00:00+00:00,100.14,4315.55,0.0,-1184.9
2024-12-31 02:00:00+00:00,99.26,4267.63,0.0,-1122.8
2024-12-31 03:00:00+00:00,98.32,4326.3,0.0,-1230.0
2024-12-31 04:00:00+00:00,111.16,4554.65,0.0,-1390.0
2024-12-31 05:00:00+00:00,124.86,4770.35,0.0,-1748.6
2024-12-31 06:00:00+00:00,145.73,5031.3,10.88,-1969.3
2024-12-31 07:00:00+00:00,119.02,5062.4,132.0,-1739.1
2024-12-31 08:00:00+00:00,123.21,5082.98,334.93,-1140.7
2024-12-31 09:00:00+00:00,113.7,5028.78,791.03,-820.8
2024-12-31 10:00:00+00:00,103.49,5656.73,1610.43,-691.5
2024-12-31 11:00:00+00:00,101.98,4882.93,1355.5,-619.6
2024-12-31 12:00:00+00:00,104.91,4720.7,573.95,-671.1
2024-12-31 13:00:00+00:00,136.81,5049.25,359.08,-1242.7
2024-12-31 14:00:00+00:00,179.22,5531.73,86.05,-2062.2
2024-12-31 15:00:00+00:00,219.71,5861.48,0.38,-2152.6
2024-12-31 16:00:00+00:00,309.01,5901.78,0.0,-2152.6
2024-12-31 17:00:00+00:00,178.79,5600.88,0.0,-2152.6
2024-12-31 18:00:00+00:00,183.27,5274.63,0.0,-2119.0
2024-12-31 19:00:00+00:00,172.52,5116.4,0.0,-2014.7
2024-12-31 20:00:00+00:00,153.32,5109.5,0.0,-1991.2
2024-12-31 21:00:00+00:00,127.49,5135.9,0.0,-2004.8
2024-12-31 22:00:00+00:00,122.87,5249.8,0.0,-2049.3
2024-12-31 23:00:00+00:00,147.25,4954.38,0.0,-1450.9
2025-01-01 00:00:00+00:00,126.12,4630.0,0.0,-872.7
2025-01-01 01:00:00+00:00,116.5,4389.0,0.0,-784.4
2025-01-01 02:00:00+00:00,71.49,4239.85,0.0,-729.3
2025-01-01 03:00:00+00:00,68.66,4199.33,0.0,-827.5
2025-01-01 04:00:00+00:00,41.58,4275.43,0.0,-1033.6
2025-01-01 05:00:00+00:00,32.45,4260.7,0.0,-1245.4
2025-01-01 06:00:00+00:00,30.46,4342.88,11.45,-1625.4
2025-01-01 07:00:00+00:00,26.83,4444.18,129.68,-1345.2
2025-01-01 08:00:00+00:00,44.72,4612.55,320.73,-1239.5
2025-01-01 09:00:00+00:00,34.48,4803.43,810.83,-956.8
2025-01-01 10:00:00+00:00,36.04,5337.1,1793.6,-836.2
2025-01-01 11:00:00+00:00,40.25,5045.55,1794.05,-579.8
2025-01-01 12:00:00+00:00,55.45,4837.98,654.2,-619.7
2025-01-01 13:00:00+00:00,66.8,4891.73,401.48,-1021.0
2025-01-01 14:00:00+00:00,95.56,5038.7,106.85,-2050.6
2025-01-01 15:00:00+00:00,130.2,5408.05,0.55,-3071.8
2025-01-01 16:00:00+00:00,159.62,5628.65,0.0,-3241.7
2025-01-01 17:00:00+00:00,151.59,5469.68,0.0,-2684.0
2025-01-01 18:00:00+00:00,158.76,5443.7,0.0,-2448.2
2025-01-01 19:00:00+00:00,143.95,5324.98,0.0,-2358.9
2025-01-01 20:00:00+00:00,134.65,5150.28,0.0,-2053.9
2025-01-01 21:00:00+00:00,86.45,4961.03,0.0,-1601.2
2025-01-01 22:00:00+00:00,45.45,4916.93,0.0,-1380.8
2025-01-01 23:00:00+00:00,58.14,4570.93,0.0,-1414.3
2025-01-02 00:00:00+00:00,68.1,4313.4,0.0,-999.5
2025-01-02 01:00:00+00:00,73.04,4202.7,0.0,-944.8
2025-01-02 02:00:00+00:00,47.49,4232.25,0.0,-860.0
2025-01-02 03:00:00+00:00,54.81,4406.73,0.0,-996.6
2025-01-02 04:00:00+00:00,75.45,4842.38,0.0,-1175.2
2025-01-02 05:00:00+00:00,119.02,5299.68,0.0,-1662.2
2025-01-02 06:00:00+00:00,142.73,5616.4,26.25,-1959.3
2025-01-02 07:00:00+00:00,130.0,5871.53,364.13,-1659.6
2025-01-02 08:00:00+00:00,132.71,6060.15,954.25,-1239.1
2025-01-02 09:00:00+00:00,128.67,6205.63,1488.13,-792.5
2025-01-02 10:00:00+00:00,123.61,6477.85,1604.15,-1000.9
2025-01-02 11:00:00+00:00,122.86,6470.08,1614.08,-1138.8
2025-01-02 12:00:00+00:00,116.62,6352.65,1268.9,-1414.8
2025-01-02 13:00:00+00:00,125.05,6322.58,645.75,-1967.0
2025-01-02 14:00:00+00:00,130.11,6426.38,148.75,-2560.2
2025-01-02 15:00:00+00:00,163.22,6546.43,0.25,-3046.2
2025-01-02 16:00:00+00:00,173.64,6555.8,0.0,-3273.7
2025-01-02 17:00:00+00:00,161.06,6399.75,0.0,-2878.9
2025-01-02 18:00:00+00:00,163.56,6304.4,0.0,-2739.8
2025-01-02 19:00:00+00:00,131.22,6121.85,0.0,-2567.3
2025-01-02 20:00:00+00:00,125.06,5148.43,0.0,-1955.9
2025-01-02 21:00:00+00:00,117.56,5587.45,0.0,-2019.4
2025-01-02 22:00:00+00:00,95.24,5677.98,0.0,-1948.6
2025-01-02 23:00:00+00:00,103.66,5162.3,0.0,-1950.7
2025-01-03 00:00:00+00:00,94.54,4849.93,0.0,-1554.7
2025-01-03 01:00:00+00:00,89.52,4685.83,0.0,-1449.9
2025-01-03 02:00:00+00:00,87.39,4688.18,0.0,-1429.0
2025-01-03 03:00:00+00:00,85.24,4815.0,0.0,-1542.0
2025-01-03 04:00:00+00:00,92.1,5054.35,0.0,-1625.4
2025-01-03 05:00:00+00:00,112.39,5639.2,0.0,-2012.2
2025-01-03 06:00:00+00:00,144.66,6036.03,11.25,-2323.9
2025-01-03 07:00:00+00:00,144.59,6277.55,176.18,-2447.1
2025-01-03 08:00:00+00:00,139.68,6411.7,481.23,-2613.2
2025-01-03 09:00:00+00:00,125.74,6597.15,780.88,-2517.6
2025-01-03 10:00:00+00:00,111.72,6494.75,1075.75,-2364.5
2025-01-03 11:00:00+00:00,111.27,6825.58,1336.48,-2306.4
2025-01-03 12:00:00+00:00,109.95,6741.08,1267.95,-2335.9
2025-01-03 13:00:00+00:00,118.63,6691.95,831.78,-2475.1
2025-01-03 14:00:00+00:00,135.51,6726.68,246.18,-3009.2
2025-01-03 15:00:00+00:00,163.0,6794.4,1.03,-3612.6
2025-01-03 16:00:00+00:00,155.69,6572.78,0.0,-3637.8
2025-01-03 17:00:00+00:00,152.83,6551.75,0.0,-3032.9
2025-01-03 18:00:00+00:00,152.58,6470.53,0.0,-2833.3
2025-01-03 19:00:00+00:00,141.29,6289.2,0.0,-2593.2
2025-01-03 20:00:00+00:00,124.23,6156.73,0.0,-2700.3
2025-01-03 21:00:00+00:00,132.03,5976.05,0.0,-2308.2
2025-01-03 22:00:00+00:00,126.65,5689.95,0.0,-2105.0
2025-01-03 23:00:00+00:00,115.38,5202.7,0.0,-2078.9
2025-01-04 00:00:00+00:00,108.42,4812.15,0.0,-1771.8
2025-01-04 01:00:00+00:00,100.91,4668.28,0.0,-1641.5
2025-01-04 02:00:00+00:00,98.85,4621.5,0.0,-1616.7
2025-01-04 03:00:00+00:00,99.99,4664.8,0.0,-1553.8
2025-01-04 04:00:00+00:00,105.21,4822.28,0.0,-1635.0
2025-01-04 05:00:00+00:00,112.07,5049.13,0.0,-1889.9
2025-01-04 06:00:00+00:00,130.8,5333.85,54.85,-2027.5
2025-01-04 07:00:00+00:00,128.39,5408.0,601.0,-1642.8
2025-01-04 08:00:00+00:00,130.75,5400.45,1326.53,-931.2
2025-01-04 09:00:00+00:00,130.34,4864.25,1842.28,-37.2
2025-01-04 10:00:00+00:00,128.29,5383.7,1756.8,-251.4
2025-01-04 11:00:00+00:00,130.03,5289.35,1923.58,-295.9
2025-01-04 12:00:00+00:00,129.85,5242.88,1524.48,-625.3
2025-01-04 13:00:00+00:00,136.4,5430.63,874.35,-1311.2
2025-01-04 14:00:00+00:00,144.99,5737.1,218.45,-2120.0
2025-01-04 15:00:00+00:00,197.51,6047.83,1.08,-2701.2
2025-01-04 16:00:00+00:00,197.83,6096.15,0.0,-2567.4
2025-01-04 17:00:00+00:00,201.06,6055.5,0.0,-2508.7
2025-01-04 18:00:00+00:00,203.88,6010.95,0.0,-2473.2
2025-01-04 19:00:00+00:00,166.0,5903.58,0.0,-2328.6
2025-01-04 20:00:00+00:00,157.79,5717.38,0.0,-2133.7
2025-01-04 21:00:00+00:00,151.0,5510.83,0.0,-1949.0
2025-01-04 22:00:00+00:00,124.32,5336.4,0.0,-2036.9
2025-01-04 23:00:00+00:00,112.75,5078.05,0.0,-1763.6
2025-01-05 00:00:00+00:00,98.78,4787.83,0.0,-1670.4
2025-01-05 01:00:00+00:00,96.35,4652.95,0.0,-1472.9
2025-01-05 02:00:00+00:00,95.49,4598.35,0.0,-1430.5
2025-01-05 03:00:00+00:00,94.4,4622.78,0.0,-1362.3
2025-01-05 04:00:00+00:00,90.9,4794.58,0.0,-1454.8
2025-01-05 05:00:00+00:00,92.22,5007.18,0.0,-1712.9
2025-01-05 06:00:00+00:00,98.89,5252.0,28.2,-1827.4
2025-01-05 07:00:00+00:00,98.6,5524.68,272.85,-1954.3
2025-01-05 08:00:00+00:00,100.21,5713.58,576.13,-1811.0
2025-01-05 09:00:00+00:00,96.11,5880.25,919.05,-2072.8
2025-01-05 10:00:00+00:00,100.91,6023.45,1042.5,-2013.7
2025-01-05 11:00:00+00:00,97.0,5909.05,507.85,-1900.4
2025-01-05 12:00:00+00:00,104.86,5639.1,413.68,-2083.8
2025-01-05 13:00:00+00:00,116.42,5661.15,254.1,-2272.3
2025-01-05 14:00:00+00:00,143.91,5817.55,66.78,-2461.5
2025-01-05 15:00:00+00:00,222.25,6087.9,0.58,-2857.6
2025-01-05 16:00:00+00:00,196.99,6195.43,0.0,-2822.9
2025-01-05 17:00:00+00:00,177.33,6165.93,0.0,-2745.3
2025-01-05 18:00:00+00:00,174.66,6149.9,0.0,-2797.7
2025-01-05 19:00:00+00:00,170.21,5978.05,0.0,-2467.7
2025-01-05 20:00:00+00:00,157.71,5717.68,0.0,-2359.5
2025-01-05 21:00:00+00:00,112.05,5457.48,0.0,-2030.9
2025-01-05 22:00:00+00:00,76.45,5284.85,0.0,-1993.8
2025-01-05 23:00:00+00:00,107.63,4951.23,0.0,-1613.8
2025-01-06 00:00:00+00:00,94.76,4692.18,0.0,-1244.2
2025-01-06 01:00:00+00:00,78.09,4566.73,0.0,-1176.9
2025-01-06 02:00:00+00:00,74.41,4551.0,0.0,-1153.7
2025-01-06 03:00:00+00:00,74.14,4666.78,0.0,-1194.3
2025-01-06 04:00:00+00:00,100.98,5093.85,0.0,-1461.0
2025-01-06 05:00:00+00:00,139.44,5882.43,0.0,-2371.3
2025-01-06 06:00:00+00:00,140.38,6231.4,31.15,-2732.1
2025-01-06 07:00:00+00:00,135.71,6325.65,414.38,-2378.4
2025-01-06 08:00:00+00:00,117.78,6277.4,1009.6,-1930.7
2025-01-06 09:00:00+00:00,98.25,6134.28,1284.73,-1568.9
2025-01-06 10:00:00+00:00,76.73,6010.55,1017.48,-1323.9
2025-01-06 11:00:00+00:00,82.15,5721.0,1255.03,-1084.5
2025-01-06 12:00:00+00:00,104.71,5568.7,1263.68,-1070.1
2025-01-06 13:00:00+00:00,119.08,5774.0,674.95,-1297.1
2025-01-06 14:00:00+00:00,143.57,6108.23,175.2,-2137.3
2025-01-06 15:00:00+00:00,165.59,6421.45,1.13,-3134.6
2025-01-06 16:00:00+00:00,179.08,6525.58,0.0,-3274.0
2025-01-06 17:00:00+00:00,164.05,6386.15,0.0,-3017.3
2025-01-06 18:00:00+00:00,161.34,6339.1,0.0,-2869.9
2025-01-06 19:00:00+00:00,155.22,6163.13,0.0,-2567.5
2025-01-06 20:00:00+00:00,129.04,6083.93,0.0,-2507.0
2025-01-06 21:00:00+00:00,122.49,5653.55,0.0,-1969.2
2025-01-06 22:00:00+00:00,91.93,5498.75,0.0,-1858.9
2025-01-06 23:00:00+00:00,34.01,5298.43,0.0,-1864.7
2025-01-07 00:00:00+00:00,58.58,4948.2,0.0,-1453.3
2025-01-07 01:00:00+00:00,53.33,4773.68,0.0,-1296.3
2025-01-07 02:00:00+00:00,13.57,4745.6,0.0,-1277.5
2025-01-07 03:00:00+00:00,69.8,4809.65,0.0,-1250.8
2025-01-07 04:00:00+00:00,86.73,5141.8,0.0,-1421.1
2025-01-07 05:00:00+00:00,138.34,5901.15,0.0,-2107.1
2025-01-07 06:00:00+00:00,171.73,6191.0,22.93,-2290.0
2025-01-07 07:00:00+00:00,152.33,6220.33,267.45,-2096.1
2025-01-07 08:00:00+00:00,134.47,6104.88,618.18,-1788.8
2025-01-07 09:00:00+00:00,124.11,5986.4,826.63,-1504.7
2025-01-07 10:00:00+00:00,124.6,5914.05,776.75,-1515.6
2025-01-07 11:00:00+00:00,126.12,5681.5,824.1,-1339.5
2025-01-07 12:00:00+00:00,135.98,5447.1,796.1,-1399.3
2025-01-07 13:00:00+00:00,143.12,5645.08,494.5,-1707.0
2025-01-07 14:00:00+00:00,151.25,5980.53,108.45,-2068.7
2025-01-07 15:00:00+00:00,167.75,6331.08,0.68,-2769.0
2025-01-07 16:00:00+00:00,176.73,6424.5,0.0,-2997.3
2025-01-07 17:00:00+00:00,167.25,6362.85,0.0,-2620.5
2025-01-07 18:00:00+00:00,163.04,6308.7,0.0,-2600.0
2025-01-07 19:00:00+00:00,154.62,6143.53,0.0,-2489.5
2025-01-07 20:00:00+00:00,138.21,5994.63,0.0,-2591.7
2025-01-07 21:00:00+00:00,124.54,5641.78,0.0,-2099.1
2025-01-07 22:00:00+00:00,98.79,5416.9,0.0,-1898.1
2025-01-07 23:00:00+00:00,84.48,5222.75,0.0,-1664.5
2025-01-08 00:00:00+00:00,75.07,4831.9,0.0,-1478.5
2025-01-08 01:00:00+00:00,72.94,4657.03,0.0,-1408.7
2025-01-08 02:00:00+00:00,69.99,4643.63,0.0,-1320.2
2025-01-08 03:00:00+00:00,83.14,4746.05,0.0,-1393.7
2025-01-08 04:00:00+00:00,110.43,5085.0,0.0,-1622.2
2025-01-08 05:00:00+00:00,132.36,5812.18,0.0,-2204.8
2025-01-08 06:00:00+00:00,158.96,6171.28,22.0,-2549.8
2025-01-08 07:00:00+00:00,152.95,6140.6,264.5,-2448.8
2025-01-08 08:00:00+00:00,124.37,6055.83,626.83,-1695.7
2025-01-08 09:00:00+00:00,107.36,6047.43,932.3,-1264.6
2025-01-08 10:00:00+00:00,101.94,6239.85,904.38,-796.0
2025-01-08 11:00:00+00:00,103.99,6000.7,1319.0,-1026.3
2025-01-08 12:00:00+00:00,115.55,5801.8,1291.0,-1403.3
2025-01-08 13:00:00+00:00,125.29,5905.83,787.18,-1911.9
2025-01-08 14:00:00+00:00,143.99,6113.38,227.8,-2629.0
2025-01-08 15:00:00+00:00,153.55,6367.23,2.25,-2814.9
2025-01-08 16:00:00+00:00,155.92,6469.83,0.0,-2619.9
2025-01-08 17:00:00+00:00,152.71,6369.3,0.0,-2570.8
2025-01-08 18:00:00+00:00,150.82,6288.4,0.0,-2530.0
2025-01-08 19:00:00+00:00,139.61,6074.63,0.0,-2356.8
2025-01-08 20:00:00+00:00,126.33,5884.6,0.0,-1974.0
2025-01-08 21:00:00+00:00,116.39,5618.3,0.0,-1796.5
2025-01-08 22:00:00+00:00,106.01,5479.73,0.0,-1554.5
2025-01-08 23:00:00+00:00,104.99,5143.9,0.0,-1330.1
2025-01-09 00:00:00+00:00,104.55,4776.13,0.0,-1122.5
2025-01-09 01:00:00+00:00,102.38,4606.38,0.0,-1023.6
2025-01-09 02:00:00+00:00,100.46,4613.23,0.0,-943.0
2025-01-09 03:00:00+00:00,104.58,4733.53,0.0,-1055.5
2025-01-09 04:00:00+00:00,107.92,5110.95,0.0,-1296.1
2025-01-09 05:00:00+00:00,125.51,5772.98,0.0,-1771.3
2025-01-09 06:00:00+00:00,145.15,6141.35,28.38,-2168.2
2025-01-09 07:00:00+00:00,158.43,6165.2,270.68,-1871.9
2025-01-09 08:00:00+00:00,150.76,6111.85,527.75,-1260.6
2025-01-09 09:00:00+00:00,142.62,6085.63,719.33,-1183.4
2025-01-09 10:00:00+00:00,135.25,5858.25,580.55,-1253.7
2025-01-09 11:00:00+00:00,124.85,5937.9,645.55,-1429.3
2025-01-09 12:00:00+00:00,121.29,5795.78,389.0,-1649.3
2025-01-09 13:00:00+00:00,125.76,5919.83,234.0,-2161.9
2025-01-09 14:00:00+00:00,134.2,6166.33,70.43,-2569.7
2025-01-09 15:00:00+00:00,159.53,6386.33,1.05,-2717.9
2025-01-09 16:00:00+00:00,158.61,6456.0,0.0,-2644.3
2025-01-09 17:00:00+00:00,162.22,6374.4,0.0,-2556.9
2025-01-09 18:00:00+00:00,145.92,6275.28,0.0,-2378.8
2025-01-09 19:00:00+00:00,136.4,6041.05,0.0,-2208.8
2025-01-09 20:00:00+00:00,118.58,5828.0,0.0,-1999.5
2025-01-09 21:00:00+00:00,104.06,5583.68,0.0,-1916.6
2025-01-09 22:00:00+00:00,89.36,5401.38,0.0,-1868.4
2025-01-09 23:00:00+00:00,87.35,5047.4,0.0,-1707.6
2025-01-10 00:00:00+00:00,80.4,4705.53,0.0,-1445.5
2025-01-10 01:00:00+00:00,76.88,4563.2,0.0,-1413.9
2025-01-10 02:00:00+00:00,75.27,4570.8,0.0,-1434.2
2025-01-10 03:00:00+00:00,71.17,4689.43,0.0,-1448.5
2025-01-10 04:00:00+00:00,101.39,5074.88,0.0,-1563.8
2025-01-10 05:00:00+00:00,135.49,5777.4,0.0,-1974.5
2025-01-10 06:00:00+00:00,173.4,6148.63,7.75,-2266.0
2025-01-10 07:00:00+00:00,160.79,6205.98,104.58,-2450.7
2025-01-10 08:00:00+00:00,141.57,6140.55,292.8,-2220.4
2025-01-10 09:00:00+00:00,123.57,6095.55,490.53,-1893.2
2025-01-10 10:00:00+00:00,113.59,6308.98,900.78,-1756.3
2025-01-10 11:00:00+00:00,107.43,6030.28,785.73,-1710.0
2025-01-10 12:00:00+00:00,105.01,5763.03,1061.65,-1624.8
2025-01-10 13:00:00+00:00,110.01,5845.23,735.7,-2066.2
2025-01-10 14:00:00+00:00,128.69,6136.05,295.93,-2389.9
2025-01-10 15:00:00+00:00,163.29,6422.98,5.63,-2859.0
2025-01-10 16:00:00+00:00,150.85,6449.2,0.0,-2827.0
2025-01-10 17:00:00+00:00,150.48,6422.15,0.0,-2684.3
2025-01-10 18:00:00+00:00,149.62,6285.0,0.0,-2495.0
2025-01-10 19:00:00+00:00,135.02,6037.98,0.0,-2279.4
2025-01-10 20:00:00+00:00,122.51,5840.4,0.0,-1979.9
2025-01-10 21:00:00+00:00,119.91,5612.55,0.0,-1910.5
2025-01-10 22:00:00+00:00,113.66,5400.85,0.0,-1722.8
2025-01-10 23:00:00+00:00,108.67,5227.23,0.0,-1809.9
2025-01-11 00:00:00+00:00,99.83,4860.6,0.0,-1509.6
2025-01-11 01:00:00+00:00,96.21,4666.7,0.0,-1291.4
2025-01-11 02:00:00+00:00,91.95,4640.33,0.0,-1314.7
2025-01-11 03:00:00+00:00,91.26,4648.33,0.0,-1290.8
2025-01-11 04:00:00+00:00,92.53,4801.83,0.0,-1392.6
2025-01-11 05:00:00+00:00,94.03,5140.88,0.0,-1694.6
2025-01-11 06:00:00+00:00,117.21,5384.93,65.93,-1771.3
2025-01-11 07:00:00+00:00,114.99,5453.93,645.68,-1293.4
2025-01-11 08:00:00+00:00,106.0,5233.45,1391.15,-224.7
2025-01-11 09:00:00+00:00,104.2,5472.9,1820.9,-247.8
2025-01-11 10:00:00+00:00,99.79,5121.13,1863.75,644.3
2025-01-11 11:00:00+00:00,96.83,5125.05,1835.13,406.7
2025-01-11 12:00:00+00:00,93.15,5034.08,1385.53,-203.6
2025-01-11 13:00:00+00:00,98.07,5218.08,986.5,-1120.2
2025-01-11 14:00:00+00:00,106.15,5622.8,349.3,-1943.7
2025-01-11 15:00:00+00:00,154.88,5998.83,6.78,-2720.4
2025-01-11 16:00:00+00:00,155.18,6131.28,0.0,-2711.6
2025-01-11 17:00:00+00:00,141.71,6066.33,0.0,-2589.8
2025-01-11 18:00:00+00:00,155.63,6014.55,0.0,-2480.6
2025-01-11 19:00:00+00:00,133.88,5835.25,0.0,-2202.3
2025-01-11 20:00:00+00:00,124.35,5617.65,0.0,-2064.3
2025-01-11 21:00:00+00:00,111.09,5397.25,0.0,-1910.5
2025-01-11 22:00:00+00:00,105.89,5281.38,0.0,-1928.8
2025-01-11 23:00:00+00:00,102.0,4965.1,0.0,-1552.2
2025-01-12 00:00:00+00:00,89.05,4656.9,0.0,-1380.9
2025-01-12 01:00:00+00:00,89.43,4513.48,0.0,-1254.2
2025-01-12 02:00:00+00:00,85.35,4469.65,0.0,-1228.4
2025-01-12 03:00:00+00:00,85.0,4484.83,0.0,-1206.2
2025-01-12 04:00:00+00:00,85.07,4634.05,0.0,-1267.5
2025-01-12 05:00:00+00:00,87.47,4837.53,0.0,-1448.7
2025-01-12 06:00:00+00:00,101.75,5112.38,54.0,-1622.4
2025-01-12 07:00:00+00:00,116.7,5332.8,567.38,-1344.0
2025-01-12 08:00:00+00:00,120.07,5551.1,1232.43,-681.4
2025-01-12 09:00:00+00:00,117.77,5792.33,1732.53,-427.3
2025-01-12 10:00:00+00:00,105.61,6071.3,1791.18,-423.7
2025-01-12 11:00:00+00:00,102.99,6024.43,1717.53,-603.1
2025-01-12 12:00:00+00:00,99.61,5816.68,1443.4,-906.5
2025-01-12 13:00:00+00:00,105.29,5780.55,881.03,-1431.1
2025-01-12 14:00:00+00:00,119.91,5902.78,291.08,-2144.1
2025-01-12 15:00:00+00:00,135.0,6105.95,5.28,-2729.5
2025-01-12 16:00:00+00:00,142.35,6215.4,0.0,-2677.0
2025-01-12 17:00:00+00:00,146.66,6225.23,0.0,-2584.2
2025-01-12 18:00:00+00:00,144.11,6139.75,0.0,-2471.9
2025-01-12 19:00:00+00:00,135.74,5933.88,0.0,-2204.4
2025-01-12 20:00:00+00:00,127.72,5649.3,0.0,-1986.4
2025-01-12 21:00:00+00:00,121.46,5393.83,0.0,-1692.8
2025-01-12 22:00:00+00:00,114.9,5215.93,0.0,-1492.4
2025-01-12 23:00:00+00:00,112.39,4614.38,0.0,-740.7
2025-01-13 00:00:00+00:00,105.07,4340.55,0.0,-610.9
2025-01-13 01:00:00+00:00,104.46,4270.88,0.0,-634.8
2025-01-13 02:00:00+00:00,100.37,4303.08,0.0,-626.6
2025-01-13 03:00:00+00:00,100.0,4455.33,0.0,-728.5
2025-01-13 04:00:00+00:00,110.17,4926.08,0.0,-1064.5
2025-01-13 05:00:00+00:00,140.14,5728.9,0.0,-1660.4
2025-01-13 06:00:00+00:00,180.31,6202.38,55.78,-2077.4
2025-01-13 07:00:00+00:00,220.91,6410.9,519.6,-1757.3
2025-01-13 08:00:00+00:00,172.98,6449.83,1086.45,-1222.9
2025-01-13 09:00:00+00:00,141.12,6495.88,1550.2,-820.5
2025-01-13 10:00:00+00:00,122.67,6507.63,1865.1,-788.8
2025-01-13 11:00:00+00:00,117.76,6306.8,1537.9,-1000.1
2025-01-13 12:00:00+00:00,123.67,6092.73,1496.7,-1308.9
2025-01-13 13:00:00+00:00,131.48,6146.88,955.0,-1880.7
2025-01-13 14:00:00+00:00,144.77,6374.98,314.3,-2339.1
2025-01-13 15:00:00+00:00,164.46,6618.83,5.1,-2833.9
2025-01-13 16:00:00+00:00,157.6,6715.1,0.0,-2739.9
2025-01-13 17:00:00+00:00,157.51,6649.68,0.0,-2648.8
2025-01-13 18:00:00+00:00,155.05,6530.73,0.0,-2524.4
2025-01-13 19:00:00+00:00,149.12,6332.93,0.0,-2478.1
2025-01-13 20:00:00+00:00,129.95,6098.23,0.0,-2138.5
2025-01-13 21:00:00+00:00,119.34,5856.88,0.0,-2084.6
2025-01-13 22:00:00+00:00,107.93,5711.95,0.0,-2018.1
2025-01-13 23:00:00+00:00,109.18,5098.4,0.0,-1391.5
2025-01-14 00:00:00+00:00,106.17,4713.75,0.0,-1190.1
2025-01-14 01:00:00+00:00,101.81,4595.18,0.0,-1132.7
2025-01-14 02:00:00+00:00,100.5,4658.7,0.0,-1093.5
2025-01-14 03:00:00+00:00,103.71,4791.6,0.0,-1279.2
2025-01-14 04:00:00+00:00,109.02,5345.68,0.0,-1550.2
2025-01-14 05:00:00+00:00,139.07,5966.0,0.0,-2098.3
2025-01-14 06:00:00+00:00,162.21,6327.48,65.25,-2464.0
2025-01-14 07:00:00+00:00,185.55,6503.08,633.88,-1929.9
2025-01-14 08:00:00+00:00,151.97,6531.03,1387.2,-1219.5
2025-01-14 09:00:00+00:00,130.44,6492.73,1906.35,-776.9
2025-01-14 10:00:00+00:00,123.93,6260.23,1988.33,-645.2
2025-01-14 11:00:00+00:00,119.03,6312.13,2153.78,-628.8
2025-01-14 12:00:00+00:00,120.0,6177.03,1814.83,-702.3
2025-01-14 13:00:00+00:00,137.05,6229.43,1152.25,-1400.0
2025-01-14 14:00:00+00:00,178.01,6446.6,389.58,-2323.8
2025-01-14 15:00:00+00:00,203.04,6686.08,10.38,-3042.3
2025-01-14 16:00:00+00:00,274.94,6850.18,0.0,-2823.1
2025-01-14 17:00:00+00:00,260.21,6766.53,0.0,-2644.4
2025-01-14 18:00:00+00:00,209.54,6584.68,0.0,-2676.3
2025-01-14 19:00:00+00:00,186.22,6388.3,0.0,-2530.3
2025-01-14 20:00:00+00:00,176.56,6148.53,0.0,-2116.9
2025-01-14 21:00:00+00:00,158.62,5942.8,0.0,-1958.5
2025-01-14 22:00:00+00:00,125.13,5801.53,0.0,-1763.8
2025-01-14 23:00:00+00:00,120.93,5311.28,0.0,-1859.5
2025-01-15 00:00:00+00:00,111.75,4956.83,0.0,-1527.2
2025-01-15 01:00:00+00:00,110.7,4817.1,0.0,-1453.4
2025-01-15 02:00:00+00:00,108.74,4818.23,0.0,-1462.8
2025-01-15 03:00:00+00:00,119.04,4957.93,0.0,-1374.9
2025-01-15 04:00:00+00:00,134.44,5592.33,0.0,-1622.7
2025-01-15 05:00:00+00:00,154.13,6166.03,0.0,-2225.8
2025-01-15 06:00:00+00:00,198.03,6579.13,16.6,-2625.0
2025-01-15 07:00:00+00:00,316.78,6583.38,128.05,-2467.2
2025-01-15 08:00:00+00:00,322.58,6416.98,260.8,-1247.0
2025-01-15 09:00:00+00:00,315.0,6237.6,460.43,-841.4
2025-01-15 10:00:00+00:00,316.17,5855.33,746.35,-881.3
2025-01-15 11:00:00+00:00,295.16,6165.0,454.55,-907.4
2025-01-15 12:00:00+00:00,292.48,6220.75,436.0,-920.7
2025-01-15 13:00:00+00:00,293.33,6345.65,284.73,-1362.9
2025-01-15 14:00:00+00:00,327.98,6609.63,118.83,-2225.6
2025-01-15 15:00:00+00:00,323.07,6850.35,3.55,-2670.4
2025-01-15 16:00:00+00:00,361.82,7028.28,0.0,-3081.0
2025-01-15 17:00:00+00:00,315.44,6895.58,0.0,-2959.0
2025-01-15 18:00:00+00:00,266.23,6779.98,0.0,-2486.6
2025-01-15 19:00:00+00:00,180.95,6581.85,0.0,-2349.0
2025-01-15 20:00:00+00:00,152.32,6324.15,0.0,-2194.7
2025-01-15 21:00:00+00:00,143.12,6120.93,0.0,-1910.6
2025-01-15 22:00:00+00:00,123.9,5989.63,0.0,-1596.7
2025-01-15 23:00:00+00:00,126.38,5493.55,0.0,-1514.5
2025-01-16 00:00:00+00:00,123.23,5182.28,0.0,-1236.5
2025-01-16 01:00:00+00:00,118.18,5043.63,0.0,-1130.2
2025-01-16 02:00:00+00:00,115.78,5063.8,0.0,-1210.3
2025-01-16 03:00:00+00:00,119.52,5205.45,0.0,-1275.3
2025-01-16 04:00:00+00:00,130.12,5647.93,0.0,-1530.7
2025-01-16 05:00:00+00:00,166.79,6401.25,0.0,-2401.9
2025-01-16 06:00:00+00:00,207.87,6797.55,20.63,-2738.5
2025-01-16 07:00:00+00:00,206.74,6622.83,205.98,-2697.8
2025-01-16 08:00:00+00:00,175.0,6174.43,506.8,-1686.0
2025-01-16 09:00:00+00:00,151.9,6161.38,745.63,-1369.0
2025-01-16 10:00:00+00:00,140.64,6910.8,1434.33,-1244.2
2025-01-16 11:00:00+00:00,134.86,6588.63,1206.5,-1260.2
2025-01-16 12:00:00+00:00,138.18,5835.95,990.65,-1321.5
2025-01-16 13:00:00+00:00,146.59,6119.78,646.88,-2028.1
2025-01-16 14:00:00+00:00,175.03,6584.45,207.78,-2993.6
2025-01-16 15:00:00+00:00,188.68,6885.45,5.73,-3355.5
2025-01-16 16:00:00+00:00,196.48,7038.63,0.0,-3509.8
2025-01-16 17:00:00+00:00,184.32,6973.2,0.0,-3235.0
2025-01-16 18:00:00+00:00,179.97,6885.85,0.0,-2949.1
2025-01-16 19:00:00+00:00,159.6,6657.9,0.0,-2654.6
2025-01-16 20:00:00+00:00,154.08,6389.45,0.0,-2388.7
2025-01-16 21:00:00+00:00,141.84,6127.8,0.0,-2089.1
2025-01-16 22:00:00+00:00,130.95,5955.1,0.0,-1790.4
2025-01-16 23:00:00+00:00,123.07,5564.08,0.0,-1699.9
2025-01-17 00:00:00+00:00,121.92,5219.63,0.0,-1484.6
2025-01-17 01:00:00+00:00,118.78,5090.58,0.0,-1426.6
2025-01-17 02:00:00+00:00,116.74,5092.03,0.0,-1453.7
2025-01-17 03:00:00+00:00,116.99,5220.8,0.0,-1497.8
2025-01-17 04:00:00+00:00,123.36,5592.93,0.0,-1740.5
2025-01-17 05:00:00+00:00,140.8,6382.58,0.0,-2531.2
2025-01-17 06:00:00+00:00,175.01,6791.5,21.55,-2890.5
2025-01-17 07:00:00+00:00,208.13,6863.38,209.4,-2703.6
2025-01-17 08:00:00+00:00,175.34,6832.43,489.8,-1822.5
2025-01-17 09:00:00+00:00,157.87,6859.1,993.3,-1455.1
2025-01-17 10:00:00+00:00,140.7,7020.7,1867.1,-1492.1
2025-01-17 11:00:00+00:00,126.44,6820.18,1382.45,-1492.4
2025-01-17 12:00:00+00:00,124.03,6637.58,730.6,-1516.7
2025-01-17 13:00:00+00:00,133.68,6624.53,439.78,-1973.0
2025-01-17 14:00:00+00:00,152.42,6739.13,153.83,-2686.2
2025-01-17 15:00:00+00:00,174.81,6912.98,5.25,-3389.8
2025-01-17 16:00:00+00:00,179.59,6942.38,0.0,-3427.1
2025-01-17 17:00:00+00:00,179.92,6906.1,0.0,-3293.1
2025-01-17 18:00:00+00:00,174.22,6745.15,0.0,-2781.5
2025-01-17 19:00:00+00:00,157.91,6505.95,0.0,-2600.2
2025-01-17 20:00:00+00:00,145.0,6268.7,0.0,-2361.2
2025-01-17 21:00:00+00:00,139.97,6024.7,0.0,-2038.6
2025-01-17 22:00:00+00:00,128.23,5853.23,0.0,-1755.2
2025-01-17 23:00:00+00:00,126.31,5292.0,0.0,-1442.5
2025-01-18 00:00:00+00:00,121.24,4923.33,0.0,-1198.9
2025-01-18 01:00:00+00:00,121.46,4769.13,0.0,-1230.2
2025-01-18 02:00:00+00:00,118.91,4723.0,0.0,-1171.2
2025-01-18 03:00:00+00:00,117.07,4765.08,0.0,-1198.6
2025-01-18 04:00:00+00:00,119.84,4891.23,0.0,-1255.6
2025-01-18 05:00:00+00:00,124.06,5153.0,0.0,-1380.9
2025-01-18 06:00:00+00:00,135.95,5462.93,47.95,-1597.1
2025-01-18 07:00:00+00:00,145.98,5560.4,382.93,-1297.6
2025-01-18 08:00:00+00:00,144.1,5365.68,785.0,-624.0
2025-01-18 09:00:00+00:00,134.11,5334.03,1235.9,-152.4
2025-01-18 10:00:00+00:00,121.8,5202.15,1956.68,55.0
2025-01-18 11:00:00+00:00,118.87,5252.6,1308.18,166.5
2025-01-18 12:00:00+00:00,115.01,5175.38,965.58,61.8
2025-01-18 13:00:00+00:00,119.59,5323.53,599.23,-451.8
2025-01-18 14:00:00+00:00,138.87,5667.23,218.15,-1372.6
2025-01-18 15:00:00+00:00,174.16,6012.63,9.08,-2239.4
2025-01-18 16:00:00+00:00,173.52,6147.53,0.0,-2189.3
2025-01-18 17:00:00+00:00,167.57,6132.9,0.0,-1976.8
2025-01-18 18:00:00+00:00,167.85,6023.6,0.0,-1968.4
2025-01-18 19:00:00+00:00,156.12,5859.3,0.0,-1900.6
2025-01-18 20:00:00+00:00,143.42,5639.8,0.0,-1711.9
2025-01-18 21:00:00+00:00,136.4,5396.23,0.0,-1576.6
2025-01-18 22:00:00+00:00,129.36,5249.93,0.0,-1484.2
2025-01-18 23:00:00+00:00,129.92,4896.13,0.0,-1099.2
2025-01-19 00:00:00+00:00,125.07,4589.28,0.0,-854.9
2025-01-19 01:00:00+00:00,123.76,4454.98,0.0,-878.8
2025-01-19 02:00:00+00:00,121.24,4414.25,0.0,-830.1
2025-01-19 03:00:00+00:00,120.18,4434.45,0.0,-900.7
2025-01-19 04:00:00+00:00,120.0,4551.18,0.0,-990.2
2025-01-19 05:00:00+00:00,121.7,4781.55,0.0,-1213.5
2025-01-19 06:00:00+00:00,124.15,5040.55,16.83,-1573.2
2025-01-19 07:00:00+00:00,123.68,5212.05,148.3,-1576.5
2025-01-19 08:00:00+00:00,126.18,5233.38,326.35,-1303.1
2025-01-19 09:00:00+00:00,126.6,5264.05,807.2,-1033.6
2025-01-19 10:00:00+00:00,124.4,5380.18,1546.9,-1160.1
2025-01-19 11:00:00+00:00,112.25,5410.38,1167.15,-1058.7
2025-01-19 12:00:00+00:00,107.51,5329.55,465.23,-1123.7
2025-01-19 13:00:00+00:00,116.81,5395.68,296.93,-1306.9
2025-01-19 14:00:00+00:00,127.21,5631.9,108.23,-1876.3
2025-01-19 15:00:00+00:00,153.87,5895.75,4.68,-2536.5
2025-01-19 16:00:00+00:00,167.9,6076.83,0.0,-2416.2
2025-01-19 17:00:00+00:00,170.57,6119.38,0.0,-2293.4
2025-01-19 18:00:00+00:00,170.04,6035.0,0.0,-2244.0
2025-01-19 19:00:00+00:00,166.45,5833.15,0.0,-1960.1
2025-01-19 20:00:00+00:00,158.7,5559.73,0.0,-1690.7
2025-01-19 21:00:00+00:00,134.62,5304.7,0.0,-1479.9
2025-01-19 22:00:00+00:00,124.05,5123.03,0.0,-1360.0
2025-01-19 23:00:00+00:00,122.49,4951.48,0.0,-1107.6
2025-01-20 00:00:00+00:00,119.85,4708.75,0.0,-920.9
2025-01-20 01:00:00+00:00,116.61,4629.48,0.0,-877.4
2025-01-20 02:00:00+00:00,114.41,4656.8,0.0,-917.9
2025-01-20 03:00:00+00:00,115.45,4825.7,0.0,-997.4
2025-01-20 04:00:00+00:00,129.83,5248.83,0.0,-1312.6
2025-01-20 05:00:00+00:00,167.11,6139.53,0.0,-2151.6
2025-01-20 06:00:00+00:00,300.99,6611.45,15.83,-2515.0
2025-01-20 07:00:00+00:00,450.0,6816.05,131.38,-2680.3
2025-01-20 08:00:00+00:00,291.9,6855.65,298.3,-2425.1
2025-01-20 09:00:00+00:00,236.29,6963.03,621.45,-2059.7
2025-01-20 10:00:00+00:00,192.65,7054.88,1140.1,-2375.2
2025-01-20 11:00:00+00:00,179.21,7003.8,871.9,-2366.7
2025-01-20 12:00:00+00:00,171.39,6835.8,450.85,-2230.0
2025-01-20 13:00:00+00:00,191.84,6817.55,287.23,-2424.8
2025-01-20 14:00:00+00:00,277.05,6873.93,122.08,-2954.4
2025-01-20 15:00:00+00:00,455.2,6961.1,6.43,-2974.0
2025-01-20 16:00:00+00:00,615.15,6974.88,0.0,-2983.9
2025-01-20 17:00:00+00:00,473.28,6918.55,0.0,-2935.8
2025-01-20 18:00:00+00:00,295.57,6786.8,0.0,-2673.5
2025-01-20 19:00:00+00:00,220.0,6558.3,0.0,-2393.5
2025-01-20 20:00:00+00:00,170.0,6306.65,0.0,-2211.5
2025-01-20 21:00:00+00:00,159.78,6012.33,0.0,-1890.4
2025-01-20 22:00:00+00:00,143.06,5848.03,0.0,-1613.2
2025-01-20 23:00:00+00:00,139.06,5421.53,0.0,-1422.3
2025-01-21 00:00:00+00:00,133.22,5112.03,0.0,-1187.5
2025-01-21 01:00:00+00:00,126.54,4979.65,0.0,-1109.5
2025-01-21 02:00:00+00:00,129.45,4989.88,0.0,-1143.2
2025-01-21 03:00:00+00:00,140.31,5150.9,0.0,-1218.3
2025-01-21 04:00:00+00:00,164.76,5602.33,0.0,-1488.8
2025-01-21 05:00:00+00:00,211.89,6336.68,0.0,-2288.0
2025-01-21 06:00:00+00:00,330.95,6739.95,26.35,-2463.4
2025-01-21 07:00:00+00:00,436.69,6898.83,188.68,-2786.0
2025-01-21 08:00:00+00:00,286.33,6921.58,378.73,-2531.6
2025-01-21 09:00:00+00:00,249.8,7079.1,584.9,-2297.5
2025-01-21 10:00:00+00:00,217.56,7360.28,964.03,-2762.9
2025-01-21 11:00:00+00:00,216.64,7081.55,638.75,-2738.0
2025-01-21 12:00:00+00:00,195.45,6890.78,427.63,-2542.8
2025-01-21 13:00:00+00:00,223.26,6871.55,275.8,-2726.5
2025-01-21 14:00:00+00:00,304.8,6926.7,109.9,-3048.5
2025-01-21 15:00:00+00:00,237.97,7030.13,5.65,-3051.6
2025-01-21 16:00:00+00:00,328.93,7123.1,0.0,-2912.5
2025-01-21 17:00:00+00:00,263.91,7002.45,0.0,-2819.9
2025-01-21 18:00:00+00:00,206.62,6831.0,0.0,-2778.1
2025-01-21 19:00:00+00:00,178.79,6597.93,0.0,-2526.4
2025-01-21 20:00:00+00:00,157.51,6337.63,0.0,-2324.0
2025-01-21 21:00:00+00:00,144.05,6087.23,0.0,-2004.7
2025-01-21 22:00:00+00:00,137.05,6029.53,0.0,-1716.4
2025-01-21 23:00:00+00:00,131.29,5588.73,0.0,-1356.0
2025-01-22 00:00:00+00:00,125.71,5241.33,0.0,-1058.8
2025-01-22 01:00:00+00:00,123.79,5084.6,0.0,-946.3
2025-01-22 02:00:00+00:00,123.8,5095.93,0.0,-940.2
2025-01-22 03:00:00+00:00,125.6,5257.0,0.0,-1030.6
2025-01-22 04:00:00+00:00,142.76,5694.18,0.0,-1353.2
2025-01-22 05:00:00+00:00,210.92,6427.7,0.0,-2326.4
2025-01-22 06:00:00+00:00,346.92,6831.3,21.28,-2382.7
2025-01-22 07:00:00+00:00,254.86,6999.43,160.63,-1554.8
2025-01-22 08:00:00+00:00,199.41,7115.95,333.88,-1677.3
2025-01-22 09:00:00+00:00,179.06,7280.0,708.18,-1864.1
2025-01-22 10:00:00+00:00,172.94,7389.38,1222.18,-2308.4
2025-01-22 11:00:00+00:00,165.0,7339.9,881.73,-2320.2
2025-01-22 12:00:00+00:00,170.0,7150.73,448.53,-2166.2
2025-01-22 13:00:00+00:00,180.02,7060.38,333.5,-2182.9
2025-01-22 14:00:00+00:00,199.94,7095.4,136.5,-2378.8
2025-01-22 15:00:00+00:00,266.56,7173.0,7.88,-2442.4
2025-01-22 16:00:00+00:00,282.5,7184.35,0.0,-1939.0
2025-01-22 17:00:00+00:00,225.7,7103.38,0.0,-2014.7
2025-01-22 18:00:00+00:00,216.16,6982.88,0.0,-2560.9
2025-01-22 19:00:00+00:00,223.86,6739.2,0.0,-2401.5
2025-01-22 20:00:00+00:00,170.64,6497.93,0.0,-2382.8
2025-01-22 21:00:00+00:00,153.88,6234.38,0.0,-2154.1
2025-01-22 22:00:00+00:00,142.4,6114.35,0.0,-1904.4
2025-01-22 23:00:00+00:00,130.2,5720.55,0.0,-1517.6
2025-01-23 00:00:00+00:00,125.07,5364.18,0.0,-1208.3
2025-01-23 01:00:00+00:00,110.58,5206.68,0.0,-1132.3
2025-01-23 02:00:00+00:00,109.48,5201.83,0.0,-1122.9
2025-01-23 03:00:00+00:00,116.51,5331.95,0.0,-1237.8
2025-01-23 04:00:00+00:00,128.6,5691.25,0.0,-1671.0
2025-01-23 05:00:00+00:00,184.97,6462.8,0.0,-2706.6
2025-01-23 06:00:00+00:00,215.31,6882.93,20.53,-3431.3
2025-01-23 07:00:00+00:00,179.96,7078.18,163.15,-3668.3
2025-01-23 08:00:00+00:00,169.55,7150.95,398.8,-3070.1
2025-01-23 09:00:00+00:00,150.92,7288.48,529.23,-3123.8
2025-01-23 10:00:00+00:00,148.68,7442.8,298.13,-3220.1
2025-01-23 11:00:00+00:00,146.11,7335.9,563.8,-3118.1
2025-01-23 12:00:00+00:00,154.44,7142.3,652.53,-2937.7
2025-01-23 13:00:00+00:00,169.94,7032.53,412.1,-2745.7
2025-01-23 14:00:00+00:00,201.73,7041.7,143.53,-3138.6
2025-01-23 15:00:00+00:00,230.51,7121.33,13.08,-3633.4
2025-01-23 16:00:00+00:00,233.27,7122.55,0.0,-3877.8
2025-01-23 17:00:00+00:00,214.55,7044.63,0.0,-3361.1
2025-01-23 18:00:00+00:00,204.16,6929.2,0.0,-2965.4
2025-01-23 19:00:00+00:00,217.89,6705.6,0.0,-2832.2
2025-01-23 20:00:00+00:00,170.52,6442.55,0.0,-2288.2
2025-01-23 21:00:00+00:00,167.0,6180.18,0.0,-1959.5
2025-01-23 22:00:00+00:00,138.81,6019.85,0.0,-1788.3
2025-01-23 23:00:00+00:00,125.03,5647.9,0.0,-1489.5
2025-01-24 00:00:00+00:00,112.91,5289.63,0.0,-1180.3
2025-01-24 01:00:00+00:00,107.0,5154.25,0.0,-1156.9
2025-01-24 02:00:00+00:00,105.85,5143.3,0.0,-1151.5
2025-01-24 03:00:00+00:00,111.92,5258.58,0.0,-1215.7
2025-01-24 04:00:00+00:00,140.04,5614.0,0.0,-1547.9
2025-01-24 05:00:00+00:00,180.02,6338.7,0.0,-2725.1
2025-01-24 06:00:00+00:00,195.63,6762.6,49.18,-3054.1
2025-01-24 07:00:00+00:00,172.01,6982.45,378.93,-3042.7
2025-01-24 08:00:00+00:00,153.27,7060.75,921.43,-2526.1
2025-01-24 09:00:00+00:00,145.29,7131.48,1073.5,-2296.6
2025-01-24 10:00:00+00:00,134.72,7091.1,1321.8,-2488.0
2025-01-24 11:00:00+00:00,133.34,7150.7,1323.15,-2655.1
2025-01-24 12:00:00+00:00,131.1,6944.1,1085.68,-2655.7
2025-01-24 13:00:00+00:00,135.66,6821.3,809.63,-2740.1
2025-01-24 14:00:00+00:00,163.6,6785.95,399.78,-2876.2
2025-01-24 15:00:00+00:00,212.83,6912.4,28.53,-3375.2
2025-01-24 16:00:00+00:00,214.52,6869.68,0.0,-3510.8
2025-01-24 17:00:00+00:00,206.72,6891.35,0.0,-3055.3
2025-01-24 18:00:00+00:00,201.44,6763.6,0.0,-2942.9
2025-01-24 19:00:00+00:00,189.91,6536.53,0.0,-2729.7
2025-01-24 20:00:00+00:00,178.08,6297.1,0.0,-2210.0
2025-01-24 21:00:00+00:00,146.78,6013.15,0.0,-1958.6
2025-01-24 22:00:00+00:00,122.5,5821.4,0.0,-1746.8
2025-01-24 23:00:00+00:00,119.97,5368.2,0.0,-2211.0
2025-01-25 00:00:00+00:00,106.99,5000.68,0.0,-1965.1
2025-01-25 01:00:00+00:00,89.16,4845.13,0.0,-1920.9
2025-01-25 02:00:00+00:00,85.73,4796.9,0.0,-1913.6
2025-01-25 03:00:00+00:00,88.35,4826.1,0.0,-1871.8
2025-01-25 04:00:00+00:00,96.26,4927.1,0.0,-1834.7
2025-01-25 05:00:00+00:00,116.03,5192.4,0.0,-1999.6
2025-01-25 06:00:00+00:00,126.96,5541.93,47.85,-2152.7
2025-01-25 07:00:00+00:00,108.65,5799.2,343.38,-2314.6
2025-01-25 08:00:00+00:00,106.51,5912.23,829.5,-2333.8
2025-01-25 09:00:00+00:00,95.1,6065.83,1483.3,-2004.8
2025-01-25 10:00:00+00:00,89.66,6156.25,1729.4,-2023.1
2025-01-25 11:00:00+00:00,86.68,6008.6,1969.43,-1789.5
2025-01-25 12:00:00+00:00,85.42,5816.15,1628.3,-1521.0
2025-01-25 13:00:00+00:00,98.01,5755.43,1091.75,-1781.4
2025-01-25 14:00:00+00:00,119.04,5890.93,424.9,-2326.1
2025-01-25 15:00:00+00:00,158.17,6053.13,26.65,-3171.0
2025-01-25 16:00:00+00:00,159.74,6178.6,0.0,-2976.2
2025-01-25 17:00:00+00:00,160.85,6146.5,0.0,-2795.5
2025-01-25 18:00:00+00:00,161.65,6036.65,0.0,-2933.4
2025-01-25 19:00:00+00:00,154.07,5848.78,0.0,-2696.1
2025-01-25 20:00:00+00:00,144.71,5659.1,0.0,-2492.0
2025-01-25 21:00:00+00:00,136.17,5416.23,0.0,-2057.7
2025-01-25 22:00:00+00:00,124.0,5234.95,0.0,-1818.6
2025-01-25 23:00:00+00:00,129.81,4915.75,0.0,-1311.8
2025-01-26 00:00:00+00:00,118.78,4625.13,0.0,-1156.7
2025-01-26 01:00:00+00:00,115.82,4494.1,0.0,-1028.5
2025-01-26 02:00:00+00:00,110.07,4458.05,0.0,-1006.3
2025-01-26 03:00:00+00:00,109.95,4478.9,0.0,-1050.4
2025-01-26 04:00:00+00:00,112.11,4599.4,0.0,-1129.0
2025-01-26 05:00:00+00:00,114.53,4842.53,0.0,-1345.3
2025-01-26 06:00:00+00:00,121.81,5111.45,74.48,-1501.3
2025-01-26 07:00:00+00:00,129.82,5431.15,548.4,-1310.0
2025-01-26 08:00:00+00:00,127.27,5674.18,1159.48,-1159.5
2025-01-26 09:00:00+00:00,110.29,5914.8,1728.98,-955.2
2025-01-26 10:00:00+00:00,103.98,6120.95,1625.03,-1145.6
2025-01-26 11:00:00+00:00,97.46,5966.63,1901.43,-1122.2
2025-01-26 12:00:00+00:00,93.82,5715.05,1587.13,-1162.6
2025-01-26 13:00:00+00:00,110.44,5650.35,1046.23,-1478.8
2025-01-26 14:00:00+00:00,120.0,5731.15,482.05,-1905.7
2025-01-26 15:00:00+00:00,133.87,5916.03,42.2,-2704.0
2025-01-26 16:00:00+00:00,142.98,6113.5,0.0,-2750.9
2025-01-26 17:00:00+00:00,130.54,6143.93,0.0,-2798.9
2025-01-26 18:00:00+00:00,135.36,6070.68,0.0,-2827.3
2025-01-26 19:00:00+00:00,125.22,5900.18,0.0,-2510.4
2025-01-26 20:00:00+00:00,115.43,5671.03,0.0,-2326.1
2025-01-26 21:00:00+00:00,96.78,5422.4,0.0,-2091.0
2025-01-26 22:00:00+00:00,79.87,5243.1,0.0,-2029.2
2025-01-26 23:00:00+00:00,61.75,4869.63,0.0,-1459.2
2025-01-27 00:00:00+00:00,57.05,4587.1,0.0,-1316.9
2025-01-27 01:00:00+00:00,39.97,4517.23,0.0,-1328.9
2025-01-27 02:00:00+00:00,30.7,4539.1,0.0,-1315.4
2025-01-27 03:00:00+00:00,48.41,4673.68,0.0,-1366.1
2025-01-27 04:00:00+00:00,126.71,5120.58,0.0,-1529.8
2025-01-27 05:00:00+00:00,155.26,5923.28,0.0,-2455.4
2025-01-27 06:00:00+00:00,183.9,6371.0,109.05,-3448.6
2025-01-27 07:00:00+00:00,163.35,6455.45,666.8,-2986.0
2025-01-27 08:00:00+00:00,132.78,6170.55,1380.93,-1430.2
2025-01-27 09:00:00+00:00,101.89,5934.78,1654.7,-963.8
2025-01-27 10:00:00+00:00,98.3,5890.0,1101.48,-699.2
2025-01-27 11:00:00+00:00,92.37,5896.58,1712.33,-671.0
2025-01-27 12:00:00+00:00,106.36,5862.78,1618.08,-957.3
2025-01-27 13:00:00+00:00,132.93,5964.75,1185.85,-1313.3
2025-01-27 14:00:00+00:00,148.06,6145.28,507.15,-2213.3
2025-01-27 15:00:00+00:00,193.24,6367.2,45.18,-3417.3
2025-01-27 16:00:00+00:00,188.06,6549.28,0.0,-3604.8
2025-01-27 17:00:00+00:00,193.91,6518.93,0.0,-3277.0
2025-01-27 18:00:00+00:00,191.8,6458.03,0.0,-2749.9
2025-01-27 19:00:00+00:00,170.82,6269.7,0.0,-2637.2
2025-01-27 20:00:00+00:00,146.11,6010.33,0.0,-2213.8
2025-01-27 21:00:00+00:00,125.15,5747.95,0.0,-1882.7
2025-01-27 22:00:00+00:00,97.54,5595.13,0.0,-1749.0
2025-01-27 23:00:00+00:00,107.34,5250.95,0.0,-1703.8
2025-01-28 00:00:00+00:00,82.12,4899.05,0.0,-1528.0
2025-01-28 01:00:00+00:00,90.06,4768.78,0.0,-1499.4
2025-01-28 02:00:00+00:00,84.03,4735.55,0.0,-1480.7
2025-01-28 03:00:00+00:00,84.69,4875.2,0.0,-1515.0
2025-01-28 04:00:00+00:00,119.54,5175.23,0.0,-1759.9
2025-01-28 05:00:00+00:00,142.34,5948.73,0.0,-2618.9
2025-01-28 06:00:00+00:00,143.76,6412.13,55.15,-3402.8
2025-01-28 07:00:00+00:00,144.68,6451.38,381.33,-3273.4
2025-01-28 08:00:00+00:00,128.95,6161.15,738.1,-2234.2
2025-01-28 09:00:00+00:00,128.03,5831.45,750.15,-1561.6
2025-01-28 10:00:00+00:00,123.1,5511.08,806.6,-1146.3
2025-01-28 11:00:00+00:00,120.35,5827.88,1202.38,-940.9
2025-01-28 12:00:00+00:00,124.41,5893.23,876.13,-1123.0
2025-01-28 13:00:00+00:00,128.74,5992.23,637.8,-1316.1
2025-01-28 14:00:00+00:00,130.49,6149.48,306.5,-2484.6
2025-01-28 15:00:00+00:00,144.52,6354.43,28.78,-3506.7
2025-01-28 16:00:00+00:00,149.58,6402.7,0.0,-3619.0
2025-01-28 17:00:00+00:00,145.44,6428.7,0.0,-3349.0
2025-01-28 18:00:00+00:00,137.6,6467.28,0.0,-2757.2
2025-01-28 19:00:00+00:00,137.86,6275.4,0.0,-2609.1
2025-01-28 20:00:00+00:00,121.87,6004.28,0.0,-2096.7
2025-01-28 21:00:00+00:00,117.86,5720.93,0.0,-1832.1
2025-01-28 22:00:00+00:00,96.73,5455.8,0.0,-1683.2
2025-01-28 23:00:00+00:00,94.85,5104.13,0.0,-1720.8
2025-01-29 00:00:00+00:00,88.33,4749.05,0.0,-1176.5
2025-01-29 01:00:00+00:00,82.68,4614.23,0.0,-918.6
2025-01-29 02:00:00+00:00,82.7,4613.38,0.0,-822.1
2025-01-29 03:00:00+00:00,88.1,4760.88,0.0,-1084.9
2025-01-29 04:00:00+00:00,112.99,5115.13,0.0,-1695.3
2025-01-29 05:00:00+00:00,144.85,5886.73,0.0,-1840.7
2025-01-29 06:00:00+00:00,176.21,6265.28,122.58,-2103.8
2025-01-29 07:00:00+00:00,145.2,6123.98,769.88,-1249.1
2025-01-29 08:00:00+00:00,135.34,5751.25,1577.2,-328.2
2025-01-29 09:00:00+00:00,109.81,5969.0,2049.98,361.9
2025-01-29 10:00:00+00:00,92.69,5845.35,1831.85,315.5
2025-01-29 11:00:00+00:00,85.95,5695.3,2150.98,228.3
2025-01-29 12:00:00+00:00,86.32,5728.48,2133.58,-240.6
2025-01-29 13:00:00+00:00,97.26,5873.8,1478.4,-799.4
2025-01-29 14:00:00+00:00,129.66,6090.8,661.33,-1413.7
2025-01-29 15:00:00+00:00,177.91,6259.9,89.35,-2413.1
2025-01-29 16:00:00+00:00,177.48,6375.95,0.0,-2381.6
2025-01-29 17:00:00+00:00,161.73,6465.03,0.0,-2251.1
2025-01-29 18:00:00+00:00,166.22,6408.73,0.0,-2211.4
2025-01-29 19:00:00+00:00,155.47,6175.03,0.0,-1976.8
2025-01-29 20:00:00+00:00,145.42,5912.63,0.0,-1682.4
2025-01-29 21:00:00+00:00,125.4,5664.05,0.0,-1492.1
2025-01-29 22:00:00+00:00,105.12,5438.98,0.0,-1551.1
2025-01-29 23:00:00+00:00,99.69,5136.4,0.0,-1546.1
2025-01-30 00:00:00+00:00,99.17,4803.08,0.0,-1151.4
2025-01-30 01:00:00+00:00,97.6,4658.13,0.0,-947.7
2025-01-30 02:00:00+00:00,99.64,4664.13,0.0,-840.9
2025-01-30 03:00:00+00:00,99.3,4800.23,0.0,-972.3
2025-01-30 04:00:00+00:00,112.71,5181.6,0.0,-1523.4
2025-01-30 05:00:00+00:00,144.69,5915.63,0.0,-1823.0
2025-01-30 06:00:00+00:00,154.44,6240.6,110.0,-2088.2
2025-01-30 07:00:00+00:00,160.3,6279.95,698.5,-1430.0
2025-01-30 08:00:00+00:00,151.73,6170.4,1393.8,-584.3
2025-01-30 09:00:00+00:00,131.78,5867.68,1824.7,-329.7
2025-01-30 10:00:00+00:00,123.25,5183.3,1726.9,-229.6
2025-01-30 11:00:00+00:00,112.91,5588.48,1733.18,25.8
2025-01-30 12:00:00+00:00,113.3,5687.1,1777.38,-177.6
2025-01-30 13:00:00+00:00,129.89,5750.05,1260.25,-684.6
2025-01-30 14:00:00+00:00,153.5,5965.05,545.93,-1367.2
2025-01-30 15:00:00+00:00,161.1,6189.4,69.5,-2200.9
2025-01-30 16:00:00+00:00,177.21,6378.15,0.0,-2273.2
2025-01-30 17:00:00+00:00,173.38,6405.95,0.0,-2099.9
2025-01-30 18:00:00+00:00,161.28,6290.15,0.0,-1989.0
2025-01-30 19:00:00+00:00,151.24,6085.93,0.0,-1765.9
2025-01-30 20:00:00+00:00,134.94,5847.53,0.0,-1540.3
2025-01-30 21:00:00+00:00,126.88,5612.0,0.0,-1295.8
2025-01-30 22:00:00+00:00,120.2,5462.1,0.0,-1190.3
2025-01-30 23:00:00+00:00,120.0,5099.25,0.0,-1349.7
2025-01-31 00:00:00+00:00,117.41,4768.68,0.0,-1017.0
2025-01-31 01:00:00+00:00,114.04,4634.65,0.0,-898.3
2025-01-31 02:00:00+00:00,114.19,4639.23,0.0,-883.7
2025-01-31 03:00:00+00:00,117.07,4795.38,0.0,-1007.7
2025-01-31 04:00:00+00:00,121.78,5203.5,0.0,-1465.1
2025-01-31 05:00:00+00:00,149.16,5893.5,0.0,-1846.3
2025-01-31 06:00:00+00:00,159.71,6187.5,63.58,-2114.8
2025-01-31 07:00:00+00:00,163.7,5999.45,373.28,-1324.5
2025-01-31 08:00:00+00:00,154.82,5681.45,837.3,-345.3
2025-01-31 09:00:00+00:00,130.1,5393.78,1407.38,324.2
2025-01-31 10:00:00+00:00,126.2,5114.38,1843.63,713.8
2025-01-31 11:00:00+00:00,120.06,5143.6,2037.68,1129.3
2025-01-31 12:00:00+00:00,121.19,5128.65,1723.78,949.7
2025-01-31 13:00:00+00:00,119.97,5332.35,1191.75,134.8
2025-01-31 14:00:00+00:00,152.37,5768.2,592.7,-979.2
2025-01-31 15:00:00+00:00,168.09,6133.68,61.73,-2061.3
2025-01-31 16:00:00+00:00,183.17,6327.18,0.0,-2232.3
2025-01-31 17:00:00+00:00,184.48,6364.33,0.0,-1993.3
2025-01-31 18:00:00+00:00,178.99,6262.4,0.0,-1912.2
2025-01-31 19:00:00+00:00,162.66,6047.45,0.0,-1693.3
2025-01-31 20:00:00+00:00,152.7,5829.7,0.0,-1428.9
2025-01-31 21:00:00+00:00,149.22,5634.33,0.0,-1167.8
2025-01-31 22:00:00+00:00,133.6,5458.05,0.0,-1201.0
2025-01-31 23:00:00+00:00,138.53,5288.5,0.0,-1116.4
2025-02-01 00:00:00+00:00,130.61,4960.73,0.0,-991.0
2025-02-01 01:00:00+00:00,125.17,4795.25,0.0,-1003.5
2025-02-01 02:00:00+00:00,119.23,4752.18,0.0,-988.5
2025-02-01 03:00:00+00:00,119.59,4763.85,0.0,-1042.9
2025-02-01 04:00:00+00:00,121.19,4828.33,0.0,-1048.7
2025-02-01 05:00:00+00:00,127.25,5106.88,0.0,-1280.6
2025-02-01 06:00:00+00:00,144.74,5442.88,96.38,-1315.3
2025-02-01 07:00:00+00:00,153.46,5708.68,590.8,-1036.7
2025-02-01 08:00:00+00:00,142.44,5822.68,1225.43,-472.9
2025-02-01 09:00:00+00:00,128.4,5884.65,1833.6,229.4
2025-02-01 10:00:00+00:00,120.08,5807.05,2020.53,642.3
2025-02-01 11:00:00+00:00,110.29,5538.68,2084.35,886.5
2025-02-01 12:00:00+00:00,103.4,5249.9,1920.88,760.7
2025-02-01 13:00:00+00:00,113.7,5276.35,1338.63,-38.4
2025-02-01 14:00:00+00:00,130.31,5529.65,613.13,-945.9
2025-02-01 15:00:00+00:00,155.45,5813.65,69.6,-1620.3
2025-02-01 16:00:00+00:00,166.95,5994.55,0.0,-1775.6
2025-02-01 17:00:00+00:00,167.04,6017.35,0.0,-1601.1
2025-02-01 18:00:00+00:00,162.98,5929.93,0.0,-1617.9
2025-02-01 19:00:00+00:00,156.6,5726.15,0.0,-1416.7
2025-02-01 20:00:00+00:00,145.24,5501.55,0.0,-1231.0
2025-02-01 21:00:00+00:00,141.73,5246.95,0.0,-977.1
2025-02-01 22:00:00+00:00,131.74,5103.4,0.0,-942.5
2025-02-01 23:00:00+00:00,133.26,4769.48,0.0,-933.8
2025-02-02 00:00:00+00:00,126.91,4467.33,0.0,-589.6
2025-02-02 01:00:00+00:00,122.99,4339.1,0.0,-528.4
2025-02-02 02:00:00+00:00,120.66,4308.5,0.0,-556.1
2025-02-02 03:00:00+00:00,122.34,4336.65,0.0,-619.4
2025-02-02 04:00:00+00:00,123.41,4469.05,0.0,-727.3
2025-02-02 05:00:00+00:00,128.09,4698.2,0.0,-1068.8
2025-02-02 06:00:00+00:00,135.9,4970.78,71.45,-1298.9
2025-02-02 07:00:00+00:00,137.3,5236.65,425.63,-1076.1
2025-02-02 08:00:00+00:00,137.7,5382.25,913.95,-391.8
2025-02-02 09:00:00+00:00,130.04,5447.48,1229.08,195.8
2025-02-02 10:00:00+00:00,129.33,5453.8,1574.08,472.3
2025-02-02 11:00:00+00:00,122.24,5241.18,1819.1,916.4
2025-02-02 12:00:00+00:00,111.88,5034.63,1355.4,791.2
2025-02-02 13:00:00+00:00,116.8,5133.65,1057.05,2.8
2025-02-02 14:00:00+00:00,129.54,5393.35,503.55,-845.8
2025-02-02 15:00:00+00:00,154.43,5665.25,73.25,-1772.4
2025-02-02 16:00:00+00:00,166.07,5922.3,0.0,-2026.0
2025-02-02 17:00:00+00:00,172.05,6039.4,0.0,-1787.8
2025-02-02 18:00:00+00:00,173.95,5957.9,0.0,-1732.1
2025-02-02 19:00:00+00:00,165.5,5779.33,0.0,-1608.5
2025-02-02 20:00:00+00:00,155.77,5553.68,0.0,-1462.8
2025-02-02 21:00:00+00:00,148.44,5273.58,0.0,-1288.5
2025-02-02 22:00:00+00:00,133.24,5077.55,0.0,-1253.1
2025-02-02 23:00:00+00:00,129.54,4607.85,0.0,-794.4
2025-02-03 00:00:00+00:00,126.63,4358.38,0.0,-604.7
2025-02-03 01:00:00+00:00,124.72,4291.73,0.0,-577.0
2025-02-03 02:00:00+00:00,120.04,4301.28,0.0,-515.0
2025-02-03 03:00:00+00:00,123.24,4481.28,0.0,-511.9
2025-02-03 04:00:00+00:00,127.77,4964.2,0.0,-832.5
2025-02-03 05:00:00+00:00,159.18,5762.23,0.0,-1415.3
2025-02-03 06:00:00+00:00,207.88,6140.75,103.75,-1643.2
2025-02-03 07:00:00+00:00,243.23,6083.13,544.48,-1067.9
2025-02-03 08:00:00+00:00,178.04,5841.65,1148.45,-156.7
2025-02-03 09:00:00+00:00,149.95,5615.3,1777.25,590.0
2025-02-03 10:00:00+00:00,126.19,5430.15,2142.05,918.5
2025-02-03 11:00:00+00:00,117.27,5302.05,2171.25,1114.3
2025-02-03 12:00:00+00:00,115.74,5218.4,2039.28,958.6
2025-02-03 13:00:00+00:00,124.56,5485.45,1421.45,122.8
2025-02-03 14:00:00+00:00,148.28,5952.88,731.53,-1035.5
2025-02-03 15:00:00+00:00,167.76,6257.78,105.03,-2108.9
2025-02-03 16:00:00+00:00,212.35,6480.18,0.0,-2275.0
2025-02-03 17:00:00+00:00,200.73,6510.05,0.0,-2206.1
2025-02-03 18:00:00+00:00,201.1,6395.95,0.0,-2118.8
2025-02-03 19:00:00+00:00,167.74,6154.65,0.0,-1856.8
2025-02-03 20:00:00+00:00,153.0,5899.85,0.0,-1573.7
2025-02-03 21:00:00+00:00,144.2,5675.95,0.0,-1350.8
2025-02-03 22:00:00+00:00,135.81,5506.05,0.0,-1464.4
2025-02-03 23:00:00+00:00,132.4,5086.15,0.0,-1303.8
2025-02-04 00:00:00+00:00,125.54,4757.78,0.0,-1053.5
2025-02-04 01:00:00+00:00,123.18,4642.08,0.0,-982.4
2025-02-04 02:00:00+00:00,123.99,4632.6,0.0,-925.8
2025-02-04 03:00:00+00:00,123.25,4811.53,0.0,-935.2
2025-02-04 04:00:00+00:00,127.63,5292.35,0.0,-1162.7
2025-02-04 05:00:00+00:00,155.21,5964.73,0.0,-1794.8
2025-02-04 06:00:00+00:00,190.77,6279.08,184.43,-1889.4
2025-02-04 07:00:00+00:00,211.99,6175.3,887.28,-1066.3
2025-02-04 08:00:00+00:00,163.31,5908.48,1704.48,44.6
2025-02-04 09:00:00+00:00,136.53,5696.38,2265.93,669.5
2025-02-04 10:00:00+00:00,126.76,5571.9,2351.6,975.1
2025-02-04 11:00:00+00:00,117.83,5370.25,2318.18,1116.5
2025-02-04 12:00:00+00:00,113.19,5281.78,2322.13,799.0
2025-02-04 13:00:00+00:00,120.09,5545.93,1609.73,-242.2
2025-02-04 14:00:00+00:00,143.95,6007.6,752.15,-1355.3
2025-02-04 15:00:00+00:00,171.44,6337.6,98.1,-2251.2
2025-02-04 16:00:00+00:00,179.69,6626.8,0.0,-2513.5
2025-02-04 17:00:00+00:00,175.0,6685.15,0.0,-2399.1
2025-02-04 18:00:00+00:00,173.72,6452.18,0.0,-2306.4
2025-02-04 19:00:00+00:00,162.19,6209.63,0.0,-2080.8
2025-02-04 20:00:00+00:00,137.02,5945.68,0.0,-1805.2
2025-02-04 21:00:00+00:00,131.29,5784.4,0.0,-1647.7
2025-02-04 22:00:00+00:00,123.89,5786.18,0.0,-1628.8
2025-02-04 23:00:00+00:00,115.92,5230.13,0.0,-1834.9
2025-02-05 00:00:00+00:00,111.32,4928.93,0.0,-1591.0
2025-02-05 01:00:00+00:00,110.61,4803.3,0.0,-1500.2
2025-02-05 02:00:00+00:00,109.44,4855.03,0.0,-1506.8
2025-02-05 03:00:00+00:00,115.53,4990.7,0.0,-1514.5
2025-02-05 04:00:00+00:00,122.53,5568.95,0.0,-1707.3
2025-02-05 05:00:00+00:00,152.59,6158.78,0.0,-2473.5
2025-02-05 06:00:00+00:00,169.29,6463.0,137.05,-2808.1
2025-02-05 07:00:00+00:00,180.81,6327.1,647.48,-2212.3
2025-02-05 08:00:00+00:00,159.33,6007.1,1349.18,-767.1
2025-02-05 09:00:00+00:00,134.1,5799.38,2123.28,31.7
2025-02-05 10:00:00+00:00,122.88,5683.33,2285.9,388.9
2025-02-05 11:00:00+00:00,117.72,5439.85,2332.3,316.2
2025-02-05 12:00:00+00:00,119.81,5358.78,2131.65,76.7
2025-02-05 13:00:00+00:00,128.85,5563.13,1553.25,-339.0
2025-02-05 14:00:00+00:00,144.12,6030.15,782.2,-1589.6
2025-02-05 15:00:00+00:00,159.75,6423.15,123.58,-2630.1
2025-02-05 16:00:00+00:00,177.1,6785.98,0.0,-3138.3
2025-02-05 17:00:00+00:00,189.9,6853.85,0.0,-2906.1
2025-02-05 18:00:00+00:00,189.63,6725.78,0.0,-2738.0
2025-02-05 19:00:00+00:00,170.0,6545.5,0.0,-2514.2
2025-02-05 20:00:00+00:00,155.42,6277.73,0.0,-2122.1
2025-02-05 21:00:00+00:00,143.7,6054.43,0.0,-1866.2
2025-02-05 22:00:00+00:00,133.86,5977.23,0.0,-1862.9
2025-02-05 23:00:00+00:00,133.67,5476.08,0.0,-1730.4
2025-02-06 00:00:00+00:00,129.9,5173.05,0.0,-1423.1
2025-02-06 01:00:00+00:00,125.97,5047.45,0.0,-1369.4
2025-02-06 02:00:00+00:00,125.0,5070.75,0.0,-1367.3
2025-02-06 03:00:00+00:00,125.01,5212.88,0.0,-1430.9
2025-02-06 04:00:00+00:00,134.26,5703.55,0.0,-1563.7
2025-02-06 05:00:00+00:00,154.3,6402.95,0.03,-2310.6
2025-02-06 06:00:00+00:00,180.09,6674.93,167.65,-2429.7
2025-02-06 07:00:00+00:00,218.6,6473.8,766.38,-1640.0
2025-02-06 08:00:00+00:00,178.87,6065.33,1519.28,-217.9
2025-02-06 09:00:00+00:00,161.2,5786.88,2262.93,558.3
2025-02-06 10:00:00+00:00,150.33,5507.18,2247.15,772.6
2025-02-06 11:00:00+00:00,145.21,5555.4,2171.88,372.4
2025-02-06 12:00:00+00:00,142.14,5510.25,1683.08,139.5
2025-02-06 13:00:00+00:00,139.92,5677.9,1118.75,-422.6
2025-02-06 14:00:00+00:00,150.18,6084.13,511.98,-1609.8
2025-02-06 15:00:00+00:00,172.17,6447.2,99.78,-2648.5
2025-02-06 16:00:00+00:00,176.93,6705.05,0.0,-3042.4
2025-02-06 17:00:00+00:00,179.65,6785.33,0.0,-2960.7
2025-02-06 18:00:00+00:00,176.07,6779.9,0.0,-2909.3
2025-02-06 19:00:00+00:00,172.96,6578.63,0.0,-2689.2
2025-02-06 20:00:00+00:00,155.13,6315.95,0.0,-2428.4
2025-02-06 21:00:00+00:00,142.61,6066.2,0.0,-2259.2
2025-02-06 22:00:00+00:00,121.95,5937.6,0.0,-2172.5
2025-02-06 23:00:00+00:00,126.05,5561.65,0.0,-2040.0
2025-02-07 00:00:00+00:00,112.7,5177.3,0.0,-1745.5
2025-02-07 01:00:00+00:00,108.82,5050.45,0.0,-1693.1
2025-02-07 02:00:00+00:00,105.0,5050.2,0.0,-1718.5
2025-02-07 03:00:00+00:00,110.23,5220.45,0.0,-1795.6
2025-02-07 04:00:00+00:00,120.36,5664.45,0.0,-1933.2
2025-02-07 05:00:00+00:00,162.13,6359.13,0.05,-2553.1
2025-02-07 06:00:00+00:00,176.17,6603.28,128.35,-2941.6
2025-02-07 07:00:00+00:00,165.21,6415.63,598.55,-2457.6
2025-02-07 08:00:00+00:00,150.5,5946.28,1125.38,-1268.3
2025-02-07 09:00:00+00:00,134.67,5616.6,1655.43,-470.4
2025-02-07 10:00:00+00:00,117.81,5552.23,1502.33,-184.0
2025-02-07 11:00:00+00:00,114.33,5427.85,1813.38,-392.4
2025-02-07 12:00:00+00:00,114.89,5286.88,1767.2,-758.5
2025-02-07 13:00:00+00:00,118.13,5475.1,1119.4,-1172.4
2025-02-07 14:00:00+00:00,135.4,5897.1,517.43,-2007.6
2025-02-07 15:00:00+00:00,187.27,6326.73,98.6,-2680.9
2025-02-07 16:00:00+00:00,189.08,6716.95,0.0,-2952.1
2025-02-07 17:00:00+00:00,185.79,6693.63,0.0,-2842.6
2025-02-07 18:00:00+00:00,183.98,6584.63,0.0,-2703.2
2025-02-07 19:00:00+00:00,184.06,6391.8,0.0,-2586.6
2025-02-07 20:00:00+00:00,158.59,6155.28,0.0,-2461.5
2025-02-07 21:00:00+00:00,121.97,5965.33,0.0,-2343.9
2025-02-07 22:00:00+00:00,112.72,5904.05,0.0,-2320.6
2025-02-07 23:00:00+00:00,90.94,5228.33,0.0,-1945.5
2025-02-08 00:00:00+00:00,87.22,4887.1,0.0,-1777.6
2025-02-08 01:00:00+00:00,86.6,4728.4,0.0,-1680.2
2025-02-08 02:00:00+00:00,88.55,4678.48,0.0,-1694.4
2025-02-08 03:00:00+00:00,89.69,4714.75,0.0,-1700.9
2025-02-08 04:00:00+00:00,90.99,4838.68,0.0,-1668.6
2025-02-08 05:00:00+00:00,99.4,5076.63,0.15,-1868.3
2025-02-08 06:00:00+00:00,111.51,5407.3,134.65,-2059.4
2025-02-08 07:00:00+00:00,112.7,5519.63,580.43,-1841.2
2025-02-08 08:00:00+00:00,99.21,5503.85,1099.43,-1188.6
2025-02-08 09:00:00+00:00,93.7,5457.33,1696.58,-654.8
2025-02-08 10:00:00+00:00,86.02,5398.63,1790.1,-425.8
2025-02-08 11:00:00+00:00,85.29,5307.53,1882.38,-476.6
2025-02-08 12:00:00+00:00,88.53,5133.53,1518.53,-267.9
2025-02-08 13:00:00+00:00,93.83,5229.95,980.58,-809.3
2025-02-08 14:00:00+00:00,118.0,5520.45,481.55,-1597.9
2025-02-08 15:00:00+00:00,153.38,5788.0,94.3,-2385.9
2025-02-08 16:00:00+00:00,167.95,6004.5,0.0,-2578.8
2025-02-08 17:00:00+00:00,160.57,6071.5,0.0,-2559.6
2025-02-08 18:00:00+00:00,159.01,5989.15,0.0,-2571.3
2025-02-08 19:00:00+00:00,154.49,5785.75,0.0,-2485.9
2025-02-08 20:00:00+00:00,149.0,5545.58,0.0,-2139.5
2025-02-08 21:00:00+00:00,142.66,5291.2,0.0,-1863.4
2025-02-08 22:00:00+00:00,133.95,5136.2,0.0,-1616.3
2025-02-08 23:00:00+00:00,135.0,4781.8,0.0,-1208.9
2025-02-09 00:00:00+00:00,125.44,4494.08,0.0,-1122.0
2025-02-09 01:00:00+00:00,121.26,4376.6,0.0,-1103.6
2025-02-09 02:00:00+00:00,119.3,4350.65,0.0,-1157.3
2025-02-09 03:00:00+00:00,116.81,4384.25,0.0,-1180.0
2025-02-09 04:00:00+00:00,117.0,4525.3,0.0,-1173.7
2025-02-09 05:00:00+00:00,117.0,4748.58,0.3,-1364.1
2025-02-09 06:00:00+00:00,133.43,5026.13,153.75,-1479.5
2025-02-09 07:00:00+00:00,136.77,5319.2,645.8,-1226.3
2025-02-09 08:00:00+00:00,121.9,5551.05,1254.75,-665.1
2025-02-09 09:00:00+00:00,113.36,5752.85,1616.6,-504.1
2025-02-09 10:00:00+00:00,109.5,5744.53,1898.53,-378.7
2025-02-09 11:00:00+00:00,95.93,5484.03,1993.73,-138.6
2025-02-09 12:00:00+00:00,99.57,5220.78,1587.95,15.9
2025-02-09 13:00:00+00:00,109.9,5257.8,1134.78,-636.0
2025-02-09 14:00:00+00:00,120.4,5464.45,516.8,-1564.3
2025-02-09 15:00:00+00:00,154.29,5683.75,104.9,-2229.9
2025-02-09 16:00:00+00:00,166.09,5913.45,0.23,-2601.0
2025-02-09 17:00:00+00:00,180.64,6051.55,0.0,-2600.0
2025-02-09 18:00:00+00:00,180.87,5984.75,0.0,-2558.0
2025-02-09 19:00:00+00:00,171.37,5790.43,0.0,-2423.2
2025-02-09 20:00:00+00:00,145.22,5519.2,0.0,-2186.2
2025-02-09 21:00:00+00:00,143.0,5244.65,0.0,-1924.7
2025-02-09 22:00:00+00:00,128.85,5064.68,0.0,-1726.0
2025-02-09 23:00:00+00:00,119.87,4942.88,0.0,-1419.7
2025-02-10 00:00:00+00:00,114.78,4697.03,0.0,-1274.3
2025-02-10 01:00:00+00:00,112.09,4620.55,0.0,-1249.6
2025-02-10 02:00:00+00:00,108.17,4667.63,0.0,-1324.9
2025-02-10 03:00:00+00:00,107.78,4861.43,0.0,-1463.8
2025-02-10 04:00:00+00:00,116.92,5353.1,0.0,-1571.1
2025-02-10 05:00:00+00:00,160.2,6173.48,0.88,-2296.5
2025-02-10 06:00:00+00:00,179.23,6479.88,215.2,-2589.6
2025-02-10 07:00:00+00:00,181.36,6288.75,818.5,-2029.0
2025-02-10 08:00:00+00:00,163.18,5942.5,1487.45,-918.3
2025-02-10 09:00:00+00:00,133.72,5647.0,1960.75,-376.6
2025-02-10 10:00:00+00:00,112.99,5542.58,2194.53,-247.4
2025-02-10 11:00:00+00:00,122.89,5472.18,2190.7,-325.6
2025-02-10 12:00:00+00:00,122.01,5443.93,2234.9,-358.4
2025-02-10 13:00:00+00:00,132.1,5675.95,1636.83,-698.6
2025-02-10 14:00:00+00:00,169.36,6077.25,847.7,-1634.0
2025-02-10 15:00:00+00:00,204.38,6372.15,157.85,-2539.2
2025-02-10 16:00:00+00:00,227.39,6645.38,0.88,-2893.2
2025-02-10 17:00:00+00:00,227.55,6701.5,0.0,-2796.0
2025-02-10 18:00:00+00:00,209.43,6613.4,0.0,-2701.6
2025-02-10 19:00:00+00:00,213.74,6407.75,0.0,-2557.5
2025-02-10 20:00:00+00:00,185.5,6135.98,0.0,-2211.6
2025-02-10 21:00:00+00:00,175.71,5938.0,0.0,-2054.8
2025-02-10 22:00:00+00:00,143.97,5800.7,0.0,-2021.0
2025-02-10 23:00:00+00:00,153.65,5404.53,0.0,-1867.3
2025-02-11 00:00:00+00:00,138.0,5099.63,0.0,-1640.1
2025-02-11 01:00:00+00:00,128.26,4975.13,0.0,-1569.1
2025-02-11 02:00:00+00:00,127.03,5010.58,0.0,-1603.4
2025-02-11 03:00:00+00:00,139.29,5176.63,0.0,-1659.4
2025-02-11 04:00:00+00:00,186.74,5582.95,0.0,-1748.4
2025-02-11 05:00:00+00:00,189.55,6340.25,0.73,-2394.1
2025-02-11 06:00:00+00:00,248.79,6631.5,248.43,-2548.7
2025-02-11 07:00:00+00:00,180.01,6400.38,959.78,-1956.0
2025-02-11 08:00:00+00:00,144.45,6046.05,1849.68,-893.2
2025-02-11 09:00:00+00:00,115.51,5743.03,2514.7,-145.9
2025-02-11 10:00:00+00:00,104.58,5405.23,2447.68,81.0
2025-02-11 11:00:00+00:00,106.23,5424.88,2485.45,40.2
2025-02-11 12:00:00+00:00,117.95,5519.68,2559.83,-19.4
2025-02-11 13:00:00+00:00,129.0,5748.63,1877.93,-439.9
2025-02-11 14:00:00+00:00,166.79,6150.0,1013.85,-1508.0
2025-02-11 15:00:00+00:00,195.83,6439.25,219.4,-2547.8
2025-02-11 16:00:00+00:00,206.45,6698.98,1.48,-2937.5
2025-02-11 17:00:00+00:00,250.01,6778.43,0.0,-2864.8
2025-02-11 18:00:00+00:00,212.0,6696.78,0.0,-2745.5
2025-02-11 19:00:00+00:00,185.4,6494.13,0.0,-2585.8
2025-02-11 20:00:00+00:00,182.14,6217.63,0.0,-2222.3
2025-02-11 21:00:00+00:00,166.34,6021.73,0.0,-2016.1
2025-02-11 22:00:00+00:00,133.84,5945.93,0.0,-1952.6
2025-02-11 23:00:00+00:00,129.38,5449.48,0.0,-1771.7
2025-02-12 00:00:00+00:00,127.86,5122.55,0.0,-1404.0
2025-02-12 01:00:00+00:00,126.82,4967.88,0.0,-1338.6
2025-02-12 02:00:00+00:00,126.59,5012.33,0.0,-1393.7
2025-02-12 03:00:00+00:00,128.74,5189.93,0.0,-1467.7
2025-02-12 04:00:00+00:00,138.27,5704.33,0.0,-2026.0
2025-02-12 05:00:00+00:00,181.75,6359.68,1.93,-2479.0
2025-02-12 06:00:00+00:00,183.28,6623.1,148.58,-2995.4
2025-02-12 07:00:00+00:00,180.0,6330.03,563.28,-1379.9
2025-02-12 08:00:00+00:00,174.92,5946.4,910.28,-258.1
2025-02-12 09:00:00+00:00,166.21,5719.78,1029.1,14.9
2025-02-12 10:00:00+00:00,159.48,5637.43,1294.68,-21.3
2025-02-12 11:00:00+00:00,150.15,5384.05,1068.0,-31.9
2025-02-12 12:00:00+00:00,152.53,5389.68,879.35,-153.4
2025-02-12 13:00:00+00:00,173.91,5650.83,572.6,-375.8
2025-02-12 14:00:00+00:00,189.84,6100.28,282.25,-1562.5
2025-02-12 15:00:00+00:00,213.91,6478.53,54.05,-2566.4
2025-02-12 16:00:00+00:00,369.93,6767.68,0.1,-2833.9
2025-02-12 17:00:00+00:00,327.26,6831.75,0.0,-3139.2
2025-02-12 18:00:00+00:00,245.09,6797.45,0.0,-2855.0
2025-02-12 19:00:00+00:00,241.3,6598.53,0.0,-2686.6
2025-02-12 20:00:00+00:00,187.68,6333.5,0.0,-2447.6
2025-02-12 21:00:00+00:00,181.95,6092.6,0.0,-2141.8
2025-02-12 22:00:00+00:00,167.77,5984.98,0.0,-1718.3
2025-02-12 23:00:00+00:00,166.65,5567.43,0.0,-1460.4
2025-02-13 00:00:00+00:00,152.03,5248.58,0.0,-1127.5
2025-02-13 01:00:00+00:00,147.25,5108.85,0.0,-1168.4
2025-02-13 02:00:00+00:00,142.2,5119.93,0.0,-1236.3
2025-02-13 03:00:00+00:00,147.41,5278.85,0.0,-1194.0
2025-02-13 04:00:00+00:00,171.64,5692.98,0.0,-1585.7
2025-02-13 05:00:00+00:00,230.94,6379.73,0.33,-2216.6
2025-02-13 06:00:00+00:00,355.72,6606.23,67.83,-2489.4
2025-02-13 07:00:00+00:00,314.9,6301.38,226.3,-1539.9
2025-02-13 08:00:00+00:00,274.22,5855.93,422.53,-582.7
2025-02-13 09:00:00+00:00,206.83,5767.35,526.3,-556.6
2025-02-13 10:00:00+00:00,186.78,6320.33,337.7,-538.8
2025-02-13 11:00:00+00:00,180.59,6006.78,439.25,-408.2
2025-02-13 12:00:00+00:00,196.62,5339.85,712.2,-133.3
2025-02-13 13:00:00+00:00,218.15,5594.55,552.95,-458.8
2025-02-13 14:00:00+00:00,236.67,6038.18,347.4,-1339.2
2025-02-13 15:00:00+00:00,288.96,6504.98,82.18,-2365.8
2025-02-13 16:00:00+00:00,283.96,6882.35,0.7,-3482.4
2025-02-13 17:00:00+00:00,209.59,6921.0,0.0,-3419.4
2025-02-13 18:00:00+00:00,196.52,6760.65,0.0,-2770.7
2025-02-13 19:00:00+00:00,179.05,6551.63,0.0,-2696.1
2025-02-13 20:00:00+00:00,162.92,6272.05,0.0,-2309.0
2025-02-13 21:00:00+00:00,153.12,6038.35,0.0,-2074.2
2025-02-13 22:00:00+00:00,139.19,5931.08,0.0,-1757.7
2025-02-13 23:00:00+00:00,139.94,5528.43,0.0,-1972.3
2025-02-14 00:00:00+00:00,135.44,5185.73,0.0,-1615.7
2025-02-14 01:00:00+00:00,130.62,5045.43,0.0,-1578.0
2025-02-14 02:00:00+00:00,130.57,5074.4,0.0,-1582.1
2025-02-14 03:00:00+00:00,130.98,5228.98,0.0,-1562.5
2025-02-14 04:00:00+00:00,140.51,5615.23,0.0,-1924.9
2025-02-14 05:00:00+00:00,163.88,6300.4,0.68,-2778.7
2025-02-14 06:00:00+00:00,224.86,6565.75,74.58,-3288.2
2025-02-14 07:00:00+00:00,270.72,6451.73,212.55,-2750.4
2025-02-14 08:00:00+00:00,214.52,6280.18,382.5,-2260.2
2025-02-14 09:00:00+00:00,179.86,6341.65,575.9,-1911.2
2025-02-14 10:00:00+00:00,164.26,6935.78,405.7,-1761.1
2025-02-14 11:00:00+00:00,150.2,6290.73,448.53,-1760.7
2025-02-14 12:00:00+00:00,149.99,5954.03,866.78,-1760.4
2025-02-14 13:00:00+00:00,157.96,6025.68,572.73,-1807.5
2025-02-14 14:00:00+00:00,178.51,6278.18,307.15,-2381.6
2025-02-14 15:00:00+00:00,209.82,6601.85,78.2,-3102.5
2025-02-14 16:00:00+00:00,311.9,6906.88,1.3,-3503.4
2025-02-14 17:00:00+00:00,301.16,6807.55,0.0,-3229.4
2025-02-14 18:00:00+00:00,227.66,6661.73,0.0,-2957.4
2025-02-14 19:00:00+00:00,183.55,6457.15,0.0,-2810.8
2025-02-14 20:00:00+00:00,163.85,6194.0,0.0,-2427.3
2025-02-14 21:00:00+00:00,153.0,5989.03,0.0,-2239.9
2025-02-14 22:00:00+00:00,140.03,5932.1,0.0,-1937.6
2025-02-14 23:00:00+00:00,136.02,5351.3,0.0,-2005.7
2025-02-15 00:00:00+00:00,131.04,5000.6,0.0,-1727.4
2025-02-15 01:00:00+00:00,120.5,4862.43,0.0,-1731.9
2025-02-15 02:00:00+00:00,119.14,4815.93,0.0,-1700.5
2025-02-15 03:00:00+00:00,119.49,4864.93,0.0,-1758.6
2025-02-15 04:00:00+00:00,121.37,5042.15,0.0,-1868.8
2025-02-15 05:00:00+00:00,135.2,5267.58,3.3,-2244.4
2025-02-15 06:00:00+00:00,149.8,5535.03,205.23,-2143.5
2025-02-15 07:00:00+00:00,150.08,5551.2,719.0,-1453.2
2025-02-15 08:00:00+00:00,137.07,5421.98,1327.63,-718.0
2025-02-15 09:00:00+00:00,124.59,5346.33,1869.03,-143.2
2025-02-15 10:00:00+00:00,118.36,5332.63,2254.83,416.2
2025-02-15 11:00:00+00:00,112.39,5305.58,2241.83,672.0
2025-02-15 12:00:00+00:00,110.01,5174.55,1959.68,701.0
2025-02-15 13:00:00+00:00,116.66,5320.98,1518.38,-128.0
2025-02-15 14:00:00+00:00,130.27,5624.85,922.38,-1298.6
2025-02-15 15:00:00+00:00,162.79,5890.43,247.85,-2324.2
2025-02-15 16:00:00+00:00,185.08,6052.6,8.98,-2786.1
2025-02-15 17:00:00+00:00,179.24,6127.48,0.0,-2770.8
2025-02-15 18:00:00+00:00,181.1,5543.95,0.0,-2302.4
2025-02-15 19:00:00+00:00,183.66,5776.33,0.0,-2600.3
2025-02-15 20:00:00+00:00,164.12,5633.65,0.0,-2448.2
2025-02-15 21:00:00+00:00,147.01,5370.58,0.0,-2247.8
2025-02-15 22:00:00+00:00,137.24,5239.28,0.0,-2118.3
2025-02-15 23:00:00+00:00,134.11,4933.23,0.0,-1916.8
2025-02-16 00:00:00+00:00,128.9,4652.33,0.0,-1781.6
2025-02-16 01:00:00+00:00,123.57,4542.75,0.0,-1793.2
2025-02-16 02:00:00+00:00,119.9,4527.9,0.0,-1783.5
2025-02-16 03:00:00+00:00,119.57,4547.58,0.0,-1788.8
2025-02-16 04:00:00+00:00,121.2,4675.58,0.0,-1845.7
2025-02-16 05:00:00+00:00,125.54,4887.95,3.5,-2063.9
2025-02-16 06:00:00+00:00,136.85,5120.7,194.25,-2005.1
2025-02-16 07:00:00+00:00,147.65,5213.85,580.68,-1470.0
2025-02-16 08:00:00+00:00,145.35,5234.2,980.95,-874.1
2025-02-16 09:00:00+00:00,131.96,5287.7,1167.8,-339.3
2025-02-16 10:00:00+00:00,130.71,5303.18,1507.73,181.4
2025-02-16 11:00:00+00:00,128.45,5122.28,1329.5,243.8
2025-02-16 12:00:00+00:00,126.54,4938.65,1369.4,-40.9
2025-02-16 13:00:00+00:00,129.79,5093.38,1017.05,-806.3
2025-02-16 14:00:00+00:00,144.92,5410.4,516.73,-1721.9
2025-02-16 15:00:00+00:00,169.76,5735.55,162.48,-2545.6
2025-02-16 16:00:00+00:00,179.44,5981.05,4.48,-2842.2
2025-02-16 17:00:00+00:00,179.71,6125.28,0.0,-2829.9
2025-02-16 18:00:00+00:00,180.37,6117.7,0.0,-3030.1
2025-02-16 19:00:00+00:00,182.94,5938.0,0.0,-2838.1
2025-02-16 20:00:00+00:00,167.64,5661.08,0.0,-2552.6
2025-02-16 21:00:00+00:00,154.35,5393.85,0.0,-2307.8
2025-02-16 22:00:00+00:00,131.51,5237.38,0.0,-2117.4
2025-02-16 23:00:00+00:00,134.35,5096.03,0.0,-1740.2
2025-02-17 00:00:00+00:00,121.06,4833.28,0.0,-1473.9
2025-02-17 01:00:00+00:00,120.34,4771.7,0.0,-1458.1
2025-02-17 02:00:00+00:00,126.21,4783.0,0.0,-1465.7
2025-02-17 03:00:00+00:00,129.86,4956.95,0.0,-1445.1
2025-02-17 04:00:00+00:00,147.45,5407.7,0.0,-1847.2
2025-02-17 05:00:00+00:00,178.64,6178.68,11.48,-2679.4
2025-02-17 06:00:00+00:00,209.37,6587.2,417.58,-2790.7
2025-02-17 07:00:00+00:00,209.79,6717.53,1348.38,-2073.0
2025-02-17 08:00:00+00:00,171.3,6763.18,2320.58,-1143.1
2025-02-17 09:00:00+00:00,139.67,6750.7,2912.68,-577.3
2025-02-17 10:00:00+00:00,115.63,6820.4,2783.83,-513.2
2025-02-17 11:00:00+00:00,110.24,6838.45,2801.7,-795.2
2025-02-17 12:00:00+00:00,105.34,6766.65,2811.38,-991.7
2025-02-17 13:00:00+00:00,122.0,6755.35,2029.95,-1306.3
2025-02-17 14:00:00+00:00,151.24,6815.98,1087.6,-2253.0
2025-02-17 15:00:00+00:00,177.55,6855.75,304.23,-3035.7
2025-02-17 16:00:00+00:00,225.43,6937.25,14.75,-3513.9
2025-02-17 17:00:00+00:00,270.23,6971.68,0.0,-3444.7
2025-02-17 18:00:00+00:00,216.88,6857.38,0.0,-3295.4
2025-02-17 19:00:00+00:00,179.49,6629.78,0.0,-3094.2
2025-02-17 20:00:00+00:00,166.68,6349.03,0.0,-2759.7
2025-02-17 21:00:00+00:00,164.94,6085.53,0.0,-2454.7
2025-02-17 22:00:00+00:00,149.69,5956.28,0.0,-2238.3
2025-02-17 23:00:00+00:00,136.55,5552.45,0.0,-2007.1
2025-02-18 00:00:00+00:00,134.86,5219.98,0.0,-1712.8
2025-02-18 01:00:00+00:00,125.94,5103.85,0.0,-1675.6
2025-02-18 02:00:00+00:00,125.86,5098.18,0.0,-1677.4
2025-02-18 03:00:00+00:00,132.74,5274.2,0.0,-1641.1
2025-02-18 04:00:00+00:00,165.78,5770.53,0.0,-2015.1
2025-02-18 05:00:00+00:00,240.04,6417.5,17.93,-2828.0
2025-02-18 06:00:00+00:00,373.6,6699.2,397.43,-2741.1
2025-02-18 07:00:00+00:00,193.8,6787.3,1163.85,-2152.7
2025-02-18 08:00:00+00:00,166.3,6819.68,1929.45,-1497.4
2025-02-18 09:00:00+00:00,151.44,6549.45,2674.95,-990.7
2025-02-18 10:00:00+00:00,144.99,5776.8,2638.68,-1221.1
2025-02-18 11:00:00+00:00,146.61,6664.28,2290.45,-1500.8
2025-02-18 12:00:00+00:00,167.11,6838.0,1911.1,-1502.4
2025-02-18 13:00:00+00:00,170.17,6827.05,1500.85,-1720.1
2025-02-18 14:00:00+00:00,188.36,6883.38,891.08,-2331.3
2025-02-18 15:00:00+00:00,466.43,6898.4,290.25,-2987.6
2025-02-18 16:00:00+00:00,309.99,7010.33,15.25,-3443.0
2025-02-18 17:00:00+00:00,330.09,7050.3,0.0,-3336.9
2025-02-18 18:00:00+00:00,292.01,6926.8,0.0,-3250.3
2025-02-18 19:00:00+00:00,194.57,6702.1,0.0,-3029.4
2025-02-18 20:00:00+00:00,184.16,6410.85,0.0,-2783.3
2025-02-18 21:00:00+00:00,189.27,6174.8,0.0,-2485.4
2025-02-18 22:00:00+00:00,147.96,6127.55,0.0,-2323.3
2025-02-18 23:00:00+00:00,142.56,5710.8,0.0,-2403.8
2025-02-19 00:00:00+00:00,139.5,5396.95,0.0,-2144.8
2025-02-19 01:00:00+00:00,136.36,5266.13,0.0,-2083.3
2025-02-19 02:00:00+00:00,135.34,5268.58,0.0,-2173.2
2025-02-19 03:00:00+00:00,136.02,5422.1,0.0,-2271.6
2025-02-19 04:00:00+00:00,149.82,5884.0,0.0,-2715.1
2025-02-19 05:00:00+00:00,182.91,6559.48,18.65,-3853.1
2025-02-19 06:00:00+00:00,220.0,6767.13,514.25,-3758.0
2025-02-19 07:00:00+00:00,179.96,6458.7,1483.55,-1740.7
2025-02-19 08:00:00+00:00,159.37,6134.2,2429.28,-317.5
2025-02-19 09:00:00+00:00,115.04,5960.3,2979.93,578.9
2025-02-19 10:00:00+00:00,119.36,6238.4,2839.48,1072.0
2025-02-19 11:00:00+00:00,109.92,5937.75,3004.45,828.0
2025-02-19 12:00:00+00:00,109.81,5836.03,2963.23,314.4
2025-02-19 13:00:00+00:00,123.58,6083.45,2197.8,-359.7
2025-02-19 14:00:00+00:00,147.48,6437.08,1277.0,-1572.3
2025-02-19 15:00:00+00:00,199.39,6791.15,388.65,-3830.1
2025-02-19 16:00:00+00:00,285.14,7121.23,20.95,-3242.1
2025-02-19 17:00:00+00:00,294.99,7160.58,0.0,-3805.7
2025-02-19 18:00:00+00:00,231.99,7069.43,0.0,-4084.0
2025-02-19 19:00:00+00:00,198.27,6853.2,0.0,-3417.6
2025-02-19 20:00:00+00:00,189.01,6547.73,0.0,-3290.4
2025-02-19 21:00:00+00:00,186.0,6313.15,0.0,-3145.5
2025-02-19 22:00:00+00:00,178.24,6290.25,0.0,-2656.3
2025-02-19 23:00:00+00:00,142.96,5790.3,0.0,-2299.9
2025-02-20 00:00:00+00:00,130.36,5453.3,0.0,-2096.3
2025-02-20 01:00:00+00:00,121.85,5344.28,0.0,-2102.3
2025-02-20 02:00:00+00:00,117.13,5375.4,0.0,-2190.6
2025-02-20 03:00:00+00:00,134.99,5527.25,0.0,-2265.4
2025-02-20 04:00:00+00:00,157.89,6049.48,0.0,-2646.9
2025-02-20 05:00:00+00:00,224.42,6666.38,24.8,-3413.0
2025-02-20 06:00:00+00:00,340.09,6868.48,515.15,-3388.6
2025-02-20 07:00:00+00:00,179.17,6718.38,1468.33,-2160.9
2025-02-20 08:00:00+00:00,120.89,6452.83,2375.45,-967.0
2025-02-20 09:00:00+00:00,105.79,6103.25,2933.45,-195.8
2025-02-20 10:00:00+00:00,91.46,5694.35,2660.5,234.5
2025-02-20 11:00:00+00:00,93.37,6101.38,2981.0,239.0
2025-02-20 12:00:00+00:00,98.45,6241.38,2993.35,-73.8
2025-02-20 13:00:00+00:00,108.57,6434.0,2252.78,-785.4
2025-02-20 14:00:00+00:00,151.36,6677.28,1315.08,-1863.1
2025-02-20 15:00:00+00:00,231.22,6815.98,401.88,-3592.4
2025-02-20 16:00:00+00:00,336.15,7059.18,26.28,-3399.6
2025-02-20 17:00:00+00:00,400.03,7192.1,0.0,-3576.1
2025-02-20 18:00:00+00:00,338.31,7147.03,0.0,-3441.6
2025-02-20 19:00:00+00:00,198.8,6912.93,0.0,-3267.3
2025-02-20 20:00:00+00:00,189.03,6630.25,0.0,-3110.9
2025-02-20 21:00:00+00:00,185.93,6389.2,0.0,-2970.1
2025-02-20 22:00:00+00:00,153.21,6295.1,0.0,-2619.1
2025-02-20 23:00:00+00:00,147.53,5886.7,0.0,-2367.8
2025-02-21 00:00:00+00:00,143.79,5541.43,0.0,-2086.4
2025-02-21 01:00:00+00:00,123.82,5426.33,0.0,-2093.3
2025-02-21 02:00:00+00:00,124.93,5460.83,0.0,-2118.2
2025-02-21 03:00:00+00:00,131.9,5609.88,0.0,-2185.3
2025-02-21 04:00:00+00:00,146.46,6077.95,0.0,-2492.8
2025-02-21 05:00:00+00:00,195.16,6717.73,25.78,-3423.7
2025-02-21 06:00:00+00:00,180.3,6859.2,468.78,-3390.4
2025-02-21 07:00:00+00:00,150.51,6443.35,1286.58,-1647.8
2025-02-21 08:00:00+00:00,128.62,6044.18,2105.73,-489.2
2025-02-21 09:00:00+00:00,103.24,5693.43,2730.7,261.3
2025-02-21 10:00:00+00:00,87.13,5430.15,2746.6,656.1
2025-02-21 11:00:00+00:00,79.69,5530.25,2726.98,519.9
2025-02-21 12:00:00+00:00,78.77,5563.15,2768.73,304.6
2025-02-21 13:00:00+00:00,99.07,5758.43,2089.65,-219.2
2025-02-21 14:00:00+00:00,102.85,6173.48,1211.5,-1422.0
2025-02-21 15:00:00+00:00,172.68,6558.38,377.6,-2855.1
2025-02-21 16:00:00+00:00,241.77,6896.13,24.15,-3424.1
2025-02-21 17:00:00+00:00,252.44,7090.48,0.0,-3766.8
2025-02-21 18:00:00+00:00,254.38,7038.28,0.0,-3654.9
2025-02-21 19:00:00+00:00,194.09,6813.4,0.0,-3211.3
2025-02-21 20:00:00+00:00,193.08,6566.0,0.0,-3056.7
2025-02-21 21:00:00+00:00,158.53,6352.35,0.0,-2828.2
2025-02-21 22:00:00+00:00,145.61,6253.85,0.0,-2555.7
2025-02-21 23:00:00+00:00,149.15,5556.63,0.0,-2410.0
2025-02-22 00:00:00+00:00,141.02,5271.38,0.0,-2255.6
2025-02-22 01:00:00+00:00,136.7,5137.08,0.0,-2139.8
2025-02-22 02:00:00+00:00,130.21,5098.55,0.0,-2076.6
2025-02-22 03:00:00+00:00,133.64,5129.53,0.0,-2087.7
2025-02-22 04:00:00+00:00,139.97,5222.85,0.0,-2132.8
2025-02-22 05:00:00+00:00,168.33,5443.4,28.0,-2183.1
2025-02-22 06:00:00+00:00,151.74,5751.45,486.5,-1985.1
2025-02-22 07:00:00+00:00,103.9,5786.7,1377.73,-1266.3
2025-02-22 08:00:00+00:00,70.38,5760.43,2300.53,-451.4
2025-02-22 09:00:00+00:00,58.01,5731.73,2876.63,92.4
2025-02-22 10:00:00+00:00,55.7,5727.55,2724.93,203.6
2025-02-22 11:00:00+00:00,51.6,5551.45,3028.3,238.6
2025-02-22 12:00:00+00:00,55.86,5233.43,2963.08,322.3
2025-02-22 13:00:00+00:00,68.18,5252.78,2177.3,-244.7
2025-02-22 14:00:00+00:00,133.05,5536.4,1204.08,-1168.0
2025-02-22 15:00:00+00:00,193.08,5942.9,366.48,-2561.3
2025-02-22 16:00:00+00:00,284.05,6246.3,22.33,-3201.9
2025-02-22 17:00:00+00:00,219.4,6368.1,0.0,-3172.4
2025-02-22 18:00:00+00:00,268.37,6241.1,0.0,-3302.8
2025-02-22 19:00:00+00:00,223.1,6174.6,0.0,-3279.2
2025-02-22 20:00:00+00:00,195.92,5950.7,0.0,-2983.7
2025-02-22 21:00:00+00:00,192.41,5691.53,0.0,-2717.1
2025-02-22 22:00:00+00:00,178.09,5540.0,0.0,-2588.7
2025-02-22 23:00:00+00:00,144.6,5138.6,0.0,-2064.3
2025-02-23 00:00:00+00:00,147.7,4885.18,0.0,-1984.0
2025-02-23 01:00:00+00:00,134.4,4783.1,0.0,-1895.3
2025-02-23 02:00:00+00:00,134.22,4762.18,0.0,-1860.0
2025-02-23 03:00:00+00:00,134.27,4773.88,0.0,-1845.6
2025-02-23 04:00:00+00:00,141.84,4898.95,0.0,-1933.7
2025-02-23 05:00:00+00:00,145.12,5046.65,16.05,-2143.4
2025-02-23 06:00:00+00:00,139.57,5296.0,321.9,-2161.6
2025-02-23 07:00:00+00:00,117.64,5470.58,838.9,-1706.8
2025-02-23 08:00:00+00:00,101.7,5592.88,1422.38,-1383.0
2025-02-23 09:00:00+00:00,86.64,5645.6,1878.48,-1166.2
2025-02-23 10:00:00+00:00,88.35,5650.33,2005.7,-909.7
2025-02-23 11:00:00+00:00,74.79,5449.33,1491.3,-778.5
2025-02-23 12:00:00+00:00,74.2,5217.43,1961.18,-662.7
2025-02-23 13:00:00+00:00,105.26,5320.08,1384.6,-1049.2
2025-02-23 14:00:00+00:00,141.31,5510.95,786.88,-1777.9
2025-02-23 15:00:00+00:00,178.76,5812.0,258.35,-2900.0
2025-02-23 16:00:00+00:00,276.2,6056.28,10.38,-3342.2
2025-02-23 17:00:00+00:00,252.76,6270.4,0.0,-3212.9
2025-02-23 18:00:00+00:00,269.69,6305.28,0.0,-3522.6
2025-02-23 19:00:00+00:00,194.05,6137.75,0.0,-3353.8
2025-02-23 20:00:00+00:00,187.69,5849.75,0.0,-3089.9
2025-02-23 21:00:00+00:00,170.04,5549.65,0.0,-2869.6
2025-02-23 22:00:00+00:00,136.3,5411.85,0.0,-2701.0
2025-02-23 23:00:00+00:00,145.85,5295.5,0.0,-1975.7
2025-02-24 00:00:00+00:00,128.49,5018.68,0.0,-1745.2
2025-02-24 01:00:00+00:00,125.37,4970.15,0.0,-1764.8
2025-02-24 02:00:00+00:00,126.09,4978.98,0.0,-1791.6
2025-02-24 03:00:00+00:00,126.94,5156.73,0.0,-1887.4
2025-02-24 04:00:00+00:00,181.16,5632.05,0.0,-2298.5
2025-02-24 05:00:00+00:00,257.38,6331.78,15.48,-3093.5
2025-02-24 06:00:00+00:00,300.0,6479.4,241.38,-3311.4
2025-02-24 07:00:00+00:00,190.18,6094.35,658.55,-2065.4
2025-02-24 08:00:00+00:00,183.72,5750.95,1029.85,-1054.4
2025-02-24 09:00:00+00:00,155.89,5416.28,1052.35,-517.1
2025-02-24 10:00:00+00:00,147.6,5242.78,1270.05,-219.8
2025-02-24 11:00:00+00:00,141.38,5161.13,1553.4,-158.8
2025-02-24 12:00:00+00:00,142.97,5109.5,1788.9,-118.9
2025-02-24 13:00:00+00:00,168.65,5365.4,1440.93,-476.2
2025-02-24 14:00:00+00:00,228.24,5858.6,868.35,-1529.2
2025-02-24 15:00:00+00:00,302.33,6292.3,292.53,-2856.0
2025-02-24 16:00:00+00:00,392.83,6683.08,24.73,-3126.4
2025-02-24 17:00:00+00:00,427.64,6884.25,0.0,-3323.9
2025-02-24 18:00:00+00:00,381.12,6874.73,0.0,-3308.5
2025-02-24 19:00:00+00:00,250.15,6650.58,0.0,-3043.0
2025-02-24 20:00:00+00:00,212.06,6385.98,0.0,-2892.6
2025-02-24 21:00:00+00:00,188.25,6140.35,0.0,-2617.8
2025-02-24 22:00:00+00:00,145.83,6059.48,0.0,-2349.0
2025-02-24 23:00:00+00:00,165.25,5737.43,0.0,-2348.7
2025-02-25 00:00:00+00:00,144.23,5393.33,0.0,-2019.9
2025-02-25 01:00:00+00:00,137.87,5290.93,0.0,-1987.5
2025-02-25 02:00:00+00:00,136.58,5289.03,0.0,-2003.6
2025-02-25 03:00:00+00:00,139.83,5383.73,0.0,-2078.1
2025-02-25 04:00:00+00:00,164.59,5636.03,0.0,-2522.2
2025-02-25 05:00:00+00:00,276.58,6441.93,27.33,-3198.6
2025-02-25 06:00:00+00:00,374.12,6578.35,351.48,-3356.3
2025-02-25 07:00:00+00:00,179.78,6136.85,953.55,-1859.8
2025-02-25 08:00:00+00:00,155.3,5756.38,1553.03,-330.1
2025-02-25 09:00:00+00:00,142.25,5571.85,2025.55,607.9
2025-02-25 10:00:00+00:00,128.42,5821.1,1918.65,1046.1
2025-02-25 11:00:00+00:00,126.85,5269.28,2241.28,1194.4
2025-02-25 12:00:00+00:00,128.8,5082.35,2209.28,1192.1
2025-02-25 13:00:00+00:00,137.95,5337.75,1676.65,462.2
2025-02-25 14:00:00+00:00,152.55,5832.23,940.58,-907.7
2025-02-25 15:00:00+00:00,273.19,6262.55,283.65,-3411.7
2025-02-25 16:00:00+00:00,345.2,6600.58,19.25,-3353.6
2025-02-25 17:00:00+00:00,348.24,6839.63,0.0,-3565.4
2025-02-25 18:00:00+00:00,286.57,6845.2,0.0,-3485.5
2025-02-25 19:00:00+00:00,216.25,6629.68,0.0,-3132.1
2025-02-25 20:00:00+00:00,183.81,6357.25,0.0,-3083.0
2025-02-25 21:00:00+00:00,158.89,6094.1,0.0,-2825.1
2025-02-25 22:00:00+00:00,137.24,5912.73,0.0,-2520.8
2025-02-25 23:00:00+00:00,124.34,5519.33,0.0,-2364.8
2025-02-26 00:00:00+00:00,121.96,5167.6,0.0,-1857.1
2025-02-26 01:00:00+00:00,118.49,5035.13,0.0,-1741.4
2025-02-26 02:00:00+00:00,118.0,5050.7,0.0,-1830.4
2025-02-26 03:00:00+00:00,118.37,5198.23,0.0,-1848.4
2025-02-26 04:00:00+00:00,130.04,5661.83,0.0,-2768.1
2025-02-26 05:00:00+00:00,188.93,6307.25,25.43,-3851.2
2025-02-26 06:00:00+00:00,207.98,6522.05,173.68,-4660.5
2025-02-26 07:00:00+00:00,179.3,6360.28,411.33,-3122.4
2025-02-26 08:00:00+00:00,158.53,6176.9,686.43,-2722.3
2025-02-26 09:00:00+00:00,144.35,5976.03,963.93,-2151.8
2025-02-26 10:00:00+00:00,131.65,5798.1,933.45,-1893.0
2025-02-26 11:00:00+00:00,121.03,5723.65,906.8,-1853.2
2025-02-26 12:00:00+00:00,121.64,5601.5,967.85,-1835.8
2025-02-26 13:00:00+00:00,128.87,5706.53,707.58,-2295.0
2025-02-26 14:00:00+00:00,151.23,6009.58,407.85,-3110.3
2025-02-26 15:00:00+00:00,187.0,6294.55,136.0,-3784.3
2025-02-26 16:00:00+00:00,240.94,6556.33,6.88,-4170.6
2025-02-26 17:00:00+00:00,222.52,6757.15,0.0,-3858.2
2025-02-26 18:00:00+00:00,195.91,6741.18,0.0,-3728.6
2025-02-26 19:00:00+00:00,183.22,6548.03,0.0,-3391.8
2025-02-26 20:00:00+00:00,158.2,6256.38,0.0,-3215.8
2025-02-26 21:00:00+00:00,139.6,5992.7,0.0,-2700.0
2025-02-26 22:00:00+00:00,123.52,5806.88,0.0,-2248.4
2025-02-26 23:00:00+00:00,116.25,5527.13,0.0,-2403.9
2025-02-27 00:00:00+00:00,103.81,5174.28,0.0,-2013.5
2025-02-27 01:00:00+00:00,102.69,5053.13,0.0,-1953.2
2025-02-27 02:00:00+00:00,101.5,5036.98,0.0,-2017.7
2025-02-27 03:00:00+00:00,101.5,5184.73,0.0,-2016.6
2025-02-27 04:00:00+00:00,115.3,5544.18,0.0,-2617.1
2025-02-27 05:00:00+00:00,159.85,6273.2,24.28,-3650.3
2025-02-27 06:00:00+00:00,164.98,6512.55,321.33,-4002.0
2025-02-27 07:00:00+00:00,169.27,6292.38,705.23,-3238.3
2025-02-27 08:00:00+00:00,152.94,5987.58,963.1,-2788.0
2025-02-27 09:00:00+00:00,136.69,5926.8,1044.33,-2611.4
2025-02-27 10:00:00+00:00,135.12,6283.68,746.73,-2471.3
2025-02-27 11:00:00+00:00,127.78,5795.5,828.73,-2446.6
2025-02-27 12:00:00+00:00,117.68,5420.15,956.95,-2223.6
2025-02-27 13:00:00+00:00,121.07,5586.03,630.15,-2494.3
2025-02-27 14:00:00+00:00,137.77,5962.35,335.73,-3019.4
2025-02-27 15:00:00+00:00,183.49,6301.38,114.9,-3467.5
2025-02-27 16:00:00+00:00,181.41,6614.43,4.43,-3602.8
2025-02-27 17:00:00+00:00,190.05,6705.33,0.0,-3396.1
2025-02-27 18:00:00+00:00,183.64,6657.15,0.0,-3256.2
2025-02-27 19:00:00+00:00,186.46,6446.05,0.0,-3120.4
2025-02-27 20:00:00+00:00,146.65,6171.93,0.0,-2903.0
2025-02-27 21:00:00+00:00,141.09,5923.05,0.0,-2370.8
2025-02-27 22:00:00+00:00,114.84,5743.18,0.0,-1980.6
2025-02-27 23:00:00+00:00,127.14,5412.18,0.0,-1973.1
2025-02-28 00:00:00+00:00,110.54,5055.63,0.0,-1693.9
2025-02-28 01:00:00+00:00,109.38,4915.35,0.0,-1597.4
2025-02-28 02:00:00+00:00,107.04,4927.95,0.0,-1642.5
2025-02-28 03:00:00+00:00,112.5,5056.53,0.0,-1670.2
2025-02-28 04:00:00+00:00,134.85,5416.53,0.0,-2126.9
2025-02-28 05:00:00+00:00,179.02,6105.23,38.68,-2951.8
2025-02-28 06:00:00+00:00,226.59,6389.6,461.28,-3443.9
2025-02-28 07:00:00+00:00,161.88,6319.45,1119.63,-2440.2
2025-02-28 08:00:00+00:00,146.95,6175.33,1831.18,-1759.7
2025-02-28 09:00:00+00:00,129.05,6126.68,2410.63,-1119.8
2025-02-28 10:00:00+00:00,117.27,6113.95,2170.28,-832.6
2025-02-28 11:00:00+00:00,110.05,6104.58,2367.43,-761.2
2025-02-28 12:00:00+00:00,109.58,5911.53,2334.35,-1026.6
2025-02-28 13:00:00+00:00,112.26,5945.55,1710.05,-1555.8
2025-02-28 14:00:00+00:00,126.41,6160.93,995.05,-2281.6
2025-02-28 15:00:00+00:00,189.09,6360.7,332.13,-3217.3
2025-02-28 16:00:00+00:00,244.54,6469.8,27.75,-3005.1
2025-02-28 17:00:00+00:00,251.48,6584.98,0.0,-2875.3
2025-02-28 18:00:00+00:00,256.81,6552.38,0.0,-2812.1
2025-02-28 19:00:00+00:00,226.09,6318.45,0.0,-2734.4
2025-02-28 20:00:00+00:00,182.8,6070.05,0.0,-2576.8
2025-02-28 21:00:00+00:00,149.11,5830.5,0.0,-2279.4
2025-02-28 22:00:00+00:00,129.79,5620.7,0.0,-1967.2
2025-02-28 23:00:00+00:00,129.28,5531.13,0.0,-2479.8
2025-03-01 00:00:00+00:00,120.66,5134.35,0.0,-2334.3
2025-03-01 01:00:00+00:00,117.24,4999.7,0.0,-2199.9
2025-03-01 02:00:00+00:00,112.87,4978.6,0.0,-2150.0
2025-03-01 03:00:00+00:00,110.27,5007.18,0.0,-2129.6
2025-03-01 04:00:00+00:00,115.18,5149.4,0.0,-2296.5
2025-03-01 05:00:00+00:00,132.25,5368.18,49.35,-2382.1
2025-03-01 06:00:00+00:00,139.17,5508.83,449.88,-2075.5
2025-03-01 07:00:00+00:00,139.6,5342.58,1038.05,-863.6
2025-03-01 08:00:00+00:00,139.07,5088.8,1633.4,377.3
2025-03-01 09:00:00+00:00,126.92,4864.6,2120.78,971.5
2025-03-01 10:00:00+00:00,113.91,4738.6,1805.3,1391.1
2025-03-01 11:00:00+00:00,103.35,4635.15,2154.63,1497.0
2025-03-01 12:00:00+00:00,99.16,4430.7,2137.25,1234.6
2025-03-01 13:00:00+00:00,102.65,4639.25,1680.78,421.7
2025-03-01 14:00:00+00:00,132.68,5093.18,1054.63,-749.9
2025-03-01 15:00:00+00:00,181.76,5621.73,369.45,-1995.5
2025-03-01 16:00:00+00:00,254.5,5909.2,34.73,-3032.5
2025-03-01 17:00:00+00:00,252.23,6153.1,0.0,-2800.3
2025-03-01 18:00:00+00:00,236.0,6154.7,0.0,-3110.0
2025-03-01 19:00:00+00:00,183.07,6046.65,0.0,-2923.4
2025-03-01 20:00:00+00:00,149.65,5794.7,0.0,-2931.5
2025-03-01 21:00:00+00:00,126.0,5499.18,0.0,-2859.8
2025-03-01 22:00:00+00:00,119.92,5351.38,0.0,-2662.6
2025-03-01 23:00:00+00:00,129.41,5065.63,0.0,-2094.4
2025-03-02 00:00:00+00:00,136.67,4791.93,0.0,-2015.0
2025-03-02 01:00:00+00:00,113.4,4707.38,0.0,-1899.0
2025-03-02 02:00:00+00:00,121.69,4697.38,0.0,-1884.7
2025-03-02 03:00:00+00:00,137.34,4710.58,0.0,-1866.9
2025-03-02 04:00:00+00:00,144.52,4824.65,0.0,-2016.8
2025-03-02 05:00:00+00:00,183.25,5021.13,89.48,-2185.9
2025-03-02 06:00:00+00:00,171.07,5223.45,642.85,-1885.6
2025-03-02 07:00:00+00:00,123.88,5303.28,1518.83,-923.3
2025-03-02 08:00:00+00:00,89.0,5302.58,2344.0,-94.5
2025-03-02 09:00:00+00:00,68.3,5329.35,2697.03,93.6
2025-03-02 10:00:00+00:00,49.0,5360.68,2688.8,120.0
2025-03-02 11:00:00+00:00,27.5,5152.48,2477.4,168.0
2025-03-02 12:00:00+00:00,16.38,4901.13,2128.6,-346.2
2025-03-02 13:00:00+00:00,52.98,5010.85,1858.88,-871.6
2025-03-02 14:00:00+00:00,75.39,5223.28,1207.83,-1448.9
2025-03-02 15:00:00+00:00,184.52,5615.55,479.2,-2434.8
2025-03-02 16:00:00+00:00,184.03,5889.35,67.95,-3510.7
2025-03-02 17:00:00+00:00,182.46,6136.85,0.0,-3319.9
2025-03-02 18:00:00+00:00,182.28,6215.0,0.0,-3478.2
2025-03-02 19:00:00+00:00,182.69,6064.15,0.0,-3176.1
2025-03-02 20:00:00+00:00,184.97,5751.25,0.0,-2882.4
2025-03-02 21:00:00+00:00,132.86,5439.58,0.0,-2726.7
2025-03-02 22:00:00+00:00,113.65,5257.23,0.0,-2497.9
2025-03-02 23:00:00+00:00,115.05,4800.85,0.0,-1707.5
2025-03-03 00:00:00+00:00,108.87,4542.08,0.0,-1485.9
2025-03-03 01:00:00+00:00,107.35,4470.33,0.0,-1487.0
2025-03-03 02:00:00+00:00,103.31,4481.88,0.0,-1541.0
2025-03-03 03:00:00+00:00,106.87,4642.58,0.0,-1637.1
2025-03-03 04:00:00+00:00,119.51,5105.08,0.0,-2127.7
2025-03-03 05:00:00+00:00,140.4,5848.28,101.13,-3298.1
2025-03-03 06:00:00+00:00,163.0,6103.55,721.55,-3085.6
2025-03-03 07:00:00+00:00,147.68,5872.83,1690.33,-1710.0
2025-03-03 08:00:00+00:00,108.47,5557.58,2606.65,-778.8
2025-03-03 09:00:00+00:00,28.08,5367.18,3128.48,-153.8
2025-03-03 10:00:00+00:00,67.61,5278.73,2954.1,61.8
2025-03-03 11:00:00+00:00,70.89,5247.43,2940.6,-29.3
2025-03-03 12:00:00+00:00,50.54,5171.83,2888.33,-132.3
2025-03-03 13:00:00+00:00,84.13,5351.68,2240.7,-656.4
2025-03-03 14:00:00+00:00,120.1,5747.45,1394.73,-1518.0
2025-03-03 15:00:00+00:00,154.22,6082.78,551.98,-3414.6
2025-03-03 16:00:00+00:00,205.96,6313.35,77.45,-3313.3
2025-03-03 17:00:00+00:00,299.12,6527.78,0.0,-3267.7
2025-03-03 18:00:00+00:00,201.0,6488.35,0.0,-3181.6
2025-03-03 19:00:00+00:00,182.29,6286.98,0.0,-3045.5
2025-03-03 20:00:00+00:00,176.08,6049.6,0.0,-3060.6
2025-03-03 21:00:00+00:00,159.63,5788.9,0.0,-2484.1
2025-03-03 22:00:00+00:00,153.31,5631.58,0.0,-2287.8
2025-03-03 23:00:00+00:00,129.19,5226.23,0.0,-1914.9
2025-03-04 00:00:00+00:00,123.71,4893.33,0.0,-1631.8
2025-03-04 01:00:00+00:00,111.43,4769.85,0.0,-1557.8
2025-03-04 02:00:00+00:00,108.37,4769.18,0.0,-1615.2
2025-03-04 03:00:00+00:00,124.64,4929.9,0.0,-1628.9
2025-03-04 04:00:00+00:00,174.98,5392.63,0.0,-2102.3
2025-03-04 05:00:00+00:00,197.77,6016.13,132.35,-3040.9
2025-03-04 06:00:00+00:00,179.57,6217.13,702.18,-3025.7
2025-03-04 07:00:00+00:00,141.95,5936.2,1567.8,-1779.9
2025-03-04 08:00:00+00:00,115.56,5478.9,2365.45,-869.3
2025-03-04 09:00:00+00:00,95.71,5259.35,2796.13,-388.4
2025-03-04 10:00:00+00:00,90.0,4797.63,2797.05,-209.2
2025-03-04 11:00:00+00:00,36.14,5144.25,2825.6,-199.4
2025-03-04 12:00:00+00:00,28.84,5152.6,2959.33,-284.0
2025-03-04 13:00:00+00:00,68.0,5334.15,2299.0,-707.1
2025-03-04 14:00:00+00:00,109.41,5730.65,1477.68,-1538.3
2025-03-04 15:00:00+00:00,172.6,6041.98,577.6,-2716.5
2025-03-04 16:00:00+00:00,236.77,6220.25,71.0,-2979.8
2025-03-04 17:00:00+00:00,318.47,6557.43,0.0,-2971.8
2025-03-04 18:00:00+00:00,238.11,6507.68,0.0,-2885.7
2025-03-04 19:00:00+00:00,195.69,6306.33,0.0,-2849.1
2025-03-04 20:00:00+00:00,173.74,6059.0,0.0,-2889.1
2025-03-04 21:00:00+00:00,155.1,5812.9,0.0,-2421.0
2025-03-04 22:00:00+00:00,144.41,5680.85,0.0,-2288.7
2025-03-04 23:00:00+00:00,152.95,5280.23,0.0,-2470.1
2025-03-05 00:00:00+00:00,137.04,4965.7,0.0,-2297.5
2025-03-05 01:00:00+00:00,124.62,4828.53,0.0,-2249.1
2025-03-05 02:00:00+00:00,120.0,4846.93,0.0,-2217.3
2025-03-05 03:00:00+00:00,138.73,5031.88,0.0,-2292.4
2025-03-05 04:00:00+00:00,155.0,5488.28,0.0,-2962.9
2025-03-05 05:00:00+00:00,197.22,6092.15,124.13,-3484.4
2025-03-05 06:00:00+00:00,153.03,6090.18,720.13,-2715.9
2025-03-05 07:00:00+00:00,107.15,5630.45,1697.65,-1496.9
2025-03-05 08:00:00+00:00,72.74,5141.1,2602.6,-168.9
2025-03-05 09:00:00+00:00,19.23,4802.95,3107.55,1033.3
2025-03-05 10:00:00+00:00,10.41,4536.93,2962.4,692.4
2025-03-05 11:00:00+00:00,6.0,4645.48,3111.5,944.8
2025-03-05 12:00:00+00:00,0.76,4571.38,3165.5,926.3
2025-03-05 13:00:00+00:00,4.23,4782.38,2487.0,-56.3
2025-03-05 14:00:00+00:00,73.47,5237.35,1571.83,-1077.4
2025-03-05 15:00:00+00:00,133.95,5733.83,627.65,-2372.6
2025-03-05 16:00:00+00:00,186.65,6081.03,91.85,-3153.6
2025-03-05 17:00:00+00:00,281.1,6495.2,0.0,-3845.3
2025-03-05 18:00:00+00:00,214.56,6510.75,0.0,-3109.3
2025-03-05 19:00:00+00:00,189.06,6343.7,0.0,-3044.0
2025-03-05 20:00:00+00:00,165.83,6088.9,0.0,-3181.0
2025-03-05 21:00:00+00:00,137.33,5840.4,0.0,-2964.6
2025-03-05 22:00:00+00:00,132.0,5668.2,0.0,-3133.5
2025-03-05 23:00:00+00:00,112.88,5347.58,0.0,-2623.1
2025-03-06 00:00:00+00:00,112.73,5036.45,0.0,-2375.9
2025-03-06 01:00:00+00:00,110.31,4914.28,0.0,-2269.4
2025-03-06 02:00:00+00:00,111.91,4917.7,0.0,-2246.6
2025-03-06 03:00:00+00:00,118.39,5086.08,0.0,-2335.5
2025-03-06 04:00:00+00:00,150.65,5458.53,0.0,-2781.0
2025-03-06 05:00:00+00:00,207.53,6077.35,112.23,-3268.8
2025-03-06 06:00:00+00:00,153.16,6000.08,793.08,-2441.2
2025-03-06 07:00:00+00:00,108.5,5369.48,1808.95,-797.6
2025-03-06 08:00:00+00:00,79.79,4901.68,2551.5,514.7
2025-03-06 09:00:00+00:00,58.37,4590.6,3192.23,1267.9
2025-03-06 10:00:00+00:00,5.16,4419.35,3029.63,1175.9
2025-03-06 11:00:00+00:00,1.15,4411.5,3168.4,1393.5
2025-03-06 12:00:00+00:00,0.53,4293.85,3259.2,1381.5
2025-03-06 13:00:00+00:00,13.16,4532.58,2571.75,833.3
2025-03-06 14:00:00+00:00,73.16,4998.03,1639.03,-625.2
2025-03-06 15:00:00+00:00,120.82,5534.8,680.18,-2046.2
2025-03-06 16:00:00+00:00,227.94,5923.38,94.48,-2807.4
2025-03-06 17:00:00+00:00,284.59,6319.98,0.0,-3435.9
2025-03-06 18:00:00+00:00,275.0,6414.45,0.0,-2944.5
2025-03-06 19:00:00+00:00,234.92,6232.13,0.0,-2929.9
2025-03-06 20:00:00+00:00,168.0,6018.23,0.0,-2740.1
2025-03-06 21:00:00+00:00,169.42,5746.45,0.0,-2473.2
2025-03-06 22:00:00+00:00,131.55,5533.2,0.0,-2620.9
2025-03-06 23:00:00+00:00,111.26,5270.95,0.0,-2317.6
2025-03-07 00:00:00+00:00,109.92,4936.88,0.0,-2088.2
2025-03-07 01:00:00+00:00,102.85,4820.38,0.0,-2051.6
2025-03-07 02:00:00+00:00,103.82,4835.9,0.0,-2063.4
2025-03-07 03:00:00+00:00,105.13,4967.83,0.0,-2099.3
2025-03-07 04:00:00+00:00,120.05,5347.43,0.0,-2613.2
2025-03-07 05:00:00+00:00,153.06,5932.13,104.53,-3365.3
2025-03-07 06:00:00+00:00,151.02,5807.83,615.53,-2511.2
2025-03-07 07:00:00+00:00,124.07,5233.03,1355.05,-966.1
2025-03-07 08:00:00+00:00,83.27,4731.8,2081.65,456.5
2025-03-07 09:00:00+00:00,65.65,4428.53,2872.9,1190.7
2025-03-07 10:00:00+00:00,31.81,4299.7,2428.83,1296.9
2025-03-07 11:00:00+00:00,12.79,4256.68,2635.0,1573.6
2025-03-07 12:00:00+00:00,8.02,4126.45,2953.65,1468.5
2025-03-07 13:00:00+00:00,38.05,4341.5,2289.1,690.0
2025-03-07 14:00:00+00:00,94.37,4824.9,1469.5,-503.6
2025-03-07 15:00:00+00:00,133.15,5373.75,546.38,-1826.1
2025-03-07 16:00:00+00:00,163.21,5800.8,80.58,-2874.6
2025-03-07 17:00:00+00:00,234.37,6150.13,0.0,-3324.1
2025-03-07 18:00:00+00:00,197.91,6128.8,0.0,-3176.0
2025-03-07 19:00:00+00:00,165.87,5961.63,0.0,-3118.8
2025-03-07 20:00:00+00:00,138.3,5741.03,0.0,-2649.8
2025-03-07 21:00:00+00:00,131.17,5533.93,0.0,-2522.4
2025-03-07 22:00:00+00:00,130.03,5436.25,0.0,-2518.1
2025-03-07 23:00:00+00:00,137.29,5236.35,0.0,-2364.2
2025-03-08 00:00:00+00:00,131.29,4870.93,0.0,-2242.1
2025-03-08 01:00:00+00:00,130.89,4739.18,0.0,-2096.3
2025-03-08 02:00:00+00:00,127.6,4715.88,0.0,-2155.8
2025-03-08 03:00:00+00:00,130.07,4755.7,0.0,-2195.7
2025-03-08 04:00:00+00:00,140.96,4872.78,0.0,-2270.9
2025-03-08 05:00:00+00:00,134.03,5077.33,163.28,-2489.4
2025-03-08 06:00:00+00:00,122.88,5198.05,840.63,-1822.6
2025-03-08 07:00:00+00:00,98.04,5008.5,1777.93,-559.2
2025-03-08 08:00:00+00:00,72.54,4733.95,2651.95,627.8
2025-03-08 09:00:00+00:00,18.05,4492.58,3052.43,1040.1
2025-03-08 10:00:00+00:00,2.2,4407.13,2510.15,1227.2
2025-03-08 11:00:00+00:00,0.47,4339.25,2694.03,1260.2
2025-03-08 12:00:00+00:00,-0.01,4161.2,3083.18,1021.2
2025-03-08 13:00:00+00:00,0.07,4265.23,2519.2,292.9
2025-03-08 14:00:00+00:00,59.07,4644.8,1623.85,-472.7
2025-03-08 15:00:00+00:00,109.68,5122.6,641.03,-2297.9
2025-03-08 16:00:00+00:00,169.03,5478.2,67.8,-2930.7
2025-03-08 17:00:00+00:00,228.49,5776.75,0.0,-2862.8
2025-03-08 18:00:00+00:00,234.0,5806.58,0.0,-2737.4
2025-03-08 19:00:00+00:00,194.1,5695.7,0.0,-2523.4
2025-03-08 20:00:00+00:00,182.35,5431.03,0.0,-2509.5
2025-03-08 21:00:00+00:00,172.09,5164.68,0.0,-2108.7
2025-03-08 22:00:00+00:00,126.28,5020.0,0.0,-2185.9
2025-03-08 23:00:00+00:00,114.28,4721.73,0.0,-1978.2
2025-03-09 00:00:00+00:00,110.35,4438.6,0.0,-1917.8
2025-03-09 01:00:00+00:00,106.96,4364.58,0.0,-1810.7
2025-03-09 02:00:00+00:00,107.07,4368.78,0.0,-1818.0
2025-03-09 03:00:00+00:00,110.35,4386.75,0.0,-1882.4
2025-03-09 04:00:00+00:00,112.7,4466.03,0.0,-2042.4
2025-03-09 05:00:00+00:00,108.42,4638.98,161.25,-2254.5
2025-03-09 06:00:00+00:00,96.66,4758.2,731.48,-1666.7
2025-03-09 07:00:00+00:00,67.32,4674.33,1599.7,-563.1
2025-03-09 08:00:00+00:00,29.27,4550.9,2341.98,248.5
2025-03-09 09:00:00+00:00,10.1,4458.7,2766.05,962.8
2025-03-09 10:00:00+00:00,1.41,4423.83,2561.4,1281.7
2025-03-09 11:00:00+00:00,-0.1,4298.25,2686.9,1465.9
2025-03-09 12:00:00+00:00,-0.77,4106.15,3113.43,1155.6
2025-03-09 13:00:00+00:00,0.57,4244.63,2489.73,697.4
2025-03-09 14:00:00+00:00,17.39,4551.63,1588.63,-726.2
2025-03-09 15:00:00+00:00,99.94,4980.45,655.65,-2344.9
2025-03-09 16:00:00+00:00,137.51,5337.7,101.5,-2927.3
2025-03-09 17:00:00+00:00,156.52,5729.4,0.0,-3149.7
2025-03-09 18:00:00+00:00,157.17,5867.5,0.0,-3159.4
2025-03-09 19:00:00+00:00,147.37,5749.25,0.0,-2890.1
2025-03-09 20:00:00+00:00,137.53,5460.48,0.0,-2658.0
2025-03-09 21:00:00+00:00,117.54,5181.08,0.0,-2328.7
2025-03-09 22:00:00+00:00,112.4,5009.38,0.0,-1966.6
2025-03-09 23:00:00+00:00,99.0,4517.7,0.0,-1778.9
2025-03-10 00:00:00+00:00,98.1,4282.35,0.0,-1549.7
2025-03-10 01:00:00+00:00,98.99,4224.63,0.0,-1517.5
2025-03-10 02:00:00+00:00,98.99,4249.5,0.0,-1477.6
2025-03-10 03:00:00+00:00,98.01,4440.03,0.0,-1537.3
2025-03-10 04:00:00+00:00,109.14,4939.35,0.0,-2209.1
2025-03-10 05:00:00+00:00,150.02,5513.33,116.25,-2968.0
2025-03-10 06:00:00+00:00,158.87,5426.7,801.75,-1963.0
2025-03-10 07:00:00+00:00,133.9,5001.5,1754.55,-295.7
2025-03-10 08:00:00+00:00,98.99,4601.48,2561.08,543.6
2025-03-10 09:00:00+00:00,68.39,4337.45,2797.53,1097.7
2025-03-10 10:00:00+00:00,68.02,4315.05,2287.63,951.7
2025-03-10 11:00:00+00:00,76.02,4226.1,2000.2,917.8
2025-03-10 12:00:00+00:00,77.32,4149.0,1838.15,808.1
2025-03-10 13:00:00+00:00,84.66,4328.63,1220.88,599.3
2025-03-10 14:00:00+00:00,99.6,4823.78,658.33,-885.8
2025-03-10 15:00:00+00:00,130.94,5291.58,339.53,-1977.8
2025-03-10 16:00:00+00:00,146.38,5682.28,54.05,-3264.9
2025-03-10 17:00:00+00:00,175.18,6014.85,0.0,-3708.0
2025-03-10 18:00:00+00:00,159.52,6048.68,0.0,-3525.9
2025-03-10 19:00:00+00:00,141.41,5895.95,0.0,-3396.1
2025-03-10 20:00:00+00:00,127.82,5637.68,0.0,-2835.3
2025-03-10 21:00:00+00:00,107.49,5412.53,0.0,-2632.2
2025-03-10 22:00:00+00:00,98.46,5302.25,0.0,-2616.5
2025-03-10 23:00:00+00:00,105.5,4941.8,0.0,-2219.7
2025-03-11 00:00:00+00:00,102.99,4612.53,0.0,-1929.5
2025-03-11 01:00:00+00:00,100.37,4495.43,0.0,-1857.3
2025-03-11 02:00:00+00:00,101.42,4473.68,0.0,-1862.4
2025-03-11 03:00:00+00:00,104.17,4639.43,0.0,-1869.2
2025-03-11 04:00:00+00:00,112.42,4970.58,0.18,-2323.6
2025-03-11 05:00:00+00:00,143.71,5563.48,117.18,-2874.8
2025-03-11 06:00:00+00:00,149.14,5500.98,271.13,-1988.4
2025-03-11 07:00:00+00:00,144.85,5077.3,429.23,-542.4
2025-03-11 08:00:00+00:00,129.04,4728.28,495.03,189.3
2025-03-11 09:00:00+00:00,102.08,4543.65,735.88,620.8
2025-03-11 10:00:00+00:00,98.03,4806.0,1111.6,241.6
2025-03-11 11:00:00+00:00,97.15,4436.68,903.65,433.1
2025-03-11 12:00:00+00:00,99.54,4234.7,997.68,300.1
2025-03-11 13:00:00+00:00,103.82,4405.2,790.05,-221.8
2025-03-11 14:00:00+00:00,114.92,4897.0,602.83,-1151.9
2025-03-11 15:00:00+00:00,137.32,5415.5,377.03,-2090.8
2025-03-11 16:00:00+00:00,163.56,5860.15,58.43,-3070.4
2025-03-11 17:00:00+00:00,195.75,6106.93,0.0,-3861.5
2025-03-11 18:00:00+00:00,178.48,6139.05,0.0,-3558.0
2025-03-11 19:00:00+00:00,148.38,5982.65,0.0,-3158.8
2025-03-11 20:00:00+00:00,133.84,5710.95,0.0,-2635.6
2025-03-11 21:00:00+00:00,122.4,5463.15,0.0,-2488.0
2025-03-11 22:00:00+00:00,107.49,5287.5,0.0,-2509.6
2025-03-11 23:00:00+00:00,101.97,4920.1,0.0,-2109.6
2025-03-12 00:00:00+00:00,100.53,4577.0,0.0,-1831.3
2025-03-12 01:00:00+00:00,98.04,4432.8,0.0,-1716.1
2025-03-12 02:00:00+00:00,98.03,4440.23,0.0,-1722.7
2025-03-12 03:00:00+00:00,103.04,4594.3,0.0,-1722.5
2025-03-12 04:00:00+00:00,112.45,5008.98,0.5,-2262.4
2025-03-12 05:00:00+00:00,140.13,5543.48,137.38,-2833.4
2025-03-12 06:00:00+00:00,156.26,5452.28,600.68,-1813.5
2025-03-12 07:00:00+00:00,146.25,5056.9,1213.38,-308.5
2025-03-12 08:00:00+00:00,125.0,4791.7,2121.45,973.4
2025-03-12 09:00:00+00:00,102.04,4864.0,2713.98,1715.4
2025-03-12 10:00:00+00:00,99.56,5639.88,2316.78,1874.2
2025-03-12 11:00:00+00:00,98.06,5045.73,2456.93,2042.4
2025-03-12 12:00:00+00:00,99.59,4824.58,2497.98,1874.8
2025-03-12 13:00:00+00:00,101.66,5037.95,1947.3,674.2
2025-03-12 14:00:00+00:00,118.72,5387.85,1044.9,-883.6
2025-03-12 15:00:00+00:00,137.78,5642.93,465.35,-1923.4
2025-03-12 16:00:00+00:00,151.76,5857.43,73.15,-2977.1
2025-03-12 17:00:00+00:00,192.59,6136.15,0.0,-3937.0
2025-03-12 18:00:00+00:00,179.35,6146.3,0.0,-3472.2
2025-03-12 19:00:00+00:00,148.61,5956.28,0.0,-3102.2
2025-03-12 20:00:00+00:00,132.2,5660.18,0.0,-2560.8
2025-03-12 21:00:00+00:00,120.0,5413.43,0.0,-2413.4
2025-03-12 22:00:00+00:00,109.91,5215.33,0.0,-2416.8
2025-03-12 23:00:00+00:00,108.11,4874.03,0.0,-1698.1
2025-03-13 00:00:00+00:00,94.33,4532.83,0.0,-1519.7
2025-03-13 01:00:00+00:00,84.65,4407.35,0.0,-1375.6
2025-03-13 02:00:00+00:00,84.91,4423.35,0.0,-1395.6
2025-03-13 03:00:00+00:00,92.75,4511.35,0.0,-1450.8
2025-03-13 04:00:00+00:00,105.99,4862.85,0.13,-1585.5
2025-03-13 05:00:00+00:00,133.04,5402.23,43.45,-2251.5
2025-03-13 06:00:00+00:00,163.87,5596.05,302.5,-2182.0
2025-03-13 07:00:00+00:00,167.04,5552.93,715.65,-1195.5
2025-03-13 08:00:00+00:00,142.99,5535.25,1451.68,64.4
2025-03-13 09:00:00+00:00,134.05,5309.95,2494.63,1047.7
2025-03-13 10:00:00+00:00,120.13,4821.08,2203.53,1379.8
2025-03-13 11:00:00+00:00,116.98,5399.65,2296.7,1164.2
2025-03-13 12:00:00+00:00,110.11,5425.48,1940.93,408.8
2025-03-13 13:00:00+00:00,114.51,5448.38,1854.33,-191.0
2025-03-13 14:00:00+00:00,110.88,5579.95,1461.9,-687.7
2025-03-13 15:00:00+00:00,122.21,5648.45,636.55,-1776.8
2025-03-13 16:00:00+00:00,142.25,5740.25,84.4,-2533.7
2025-03-13 17:00:00+00:00,166.05,6089.38,0.0,-2954.0
2025-03-13 18:00:00+00:00,173.47,6113.08,0.0,-2758.4
2025-03-13 19:00:00+00:00,149.0,5915.35,0.0,-2577.9
2025-03-13 20:00:00+00:00,135.69,5629.53,0.0,-2178.2
2025-03-13 21:00:00+00:00,118.21,5353.05,0.0,-2006.8
2025-03-13 22:00:00+00:00,108.77,5143.53,0.0,-2108.0
2025-03-13 23:00:00+00:00,109.09,4816.6,0.0,-1832.3
2025-03-14 00:00:00+00:00,106.0,4467.85,0.0,-1540.1
2025-03-14 01:00:00+00:00,105.9,4349.75,0.0,-1323.6
2025-03-14 02:00:00+00:00,103.83,4352.55,0.0,-1356.5
2025-03-14 03:00:00+00:00,105.3,4485.63,0.0,-1450.4
2025-03-14 04:00:00+00:00,114.11,4809.25,1.15,-1586.8
2025-03-14 05:00:00+00:00,143.08,5340.6,168.35,-2118.2
2025-03-14 06:00:00+00:00,155.99,5429.55,464.78,-2015.4
2025-03-14 07:00:00+00:00,163.69,5223.1,744.43,-1338.4
2025-03-14 08:00:00+00:00,139.02,5020.9,866.2,-812.4
2025-03-14 09:00:00+00:00,119.0,4896.43,870.88,-809.9
2025-03-14 10:00:00+00:00,113.75,5010.03,544.55,-585.3
2025-03-14 11:00:00+00:00,109.82,4929.0,685.6,-683.2
2025-03-14 12:00:00+00:00,109.93,4759.8,545.4,-436.1
2025-03-14 13:00:00+00:00,112.88,4817.95,636.63,-312.1
2025-03-14 14:00:00+00:00,110.32,5110.6,595.45,-1011.2
2025-03-14 15:00:00+00:00,126.56,5345.18,316.05,-1743.5
2025-03-14 16:00:00+00:00,143.36,5523.73,58.23,-2333.5
2025-03-14 17:00:00+00:00,153.2,5868.43,0.0,-2906.5
2025-03-14 18:00:00+00:00,151.84,5753.53,0.0,-2624.1
2025-03-14 19:00:00+00:00,130.01,5522.03,0.0,-2363.4
2025-03-14 20:00:00+00:00,111.39,5322.78,0.0,-2076.5
2025-03-14 21:00:00+00:00,114.0,5119.93,0.0,-1923.8
2025-03-14 22:00:00+00:00,105.17,4965.2,0.0,-1999.2
2025-03-14 23:00:00+00:00,112.15,4941.58,0.0,-2025.5
2025-03-15 00:00:00+00:00,103.14,4550.23,0.0,-1679.4
2025-03-15 01:00:00+00:00,96.0,4423.48,0.0,-1585.2
2025-03-15 02:00:00+00:00,89.9,4394.6,0.0,-1587.9
2025-03-15 03:00:00+00:00,86.9,4472.65,0.0,-1716.8
2025-03-15 04:00:00+00:00,90.55,4631.7,0.28,-1855.5
2025-03-15 05:00:00+00:00,97.01,4695.55,47.6,-1891.1
2025-03-15 06:00:00+00:00,99.42,4668.6,164.33,-1413.5
2025-03-15 07:00:00+00:00,102.11,4483.3,341.7,-67.9
2025-03-15 08:00:00+00:00,90.85,4310.68,530.2,754.8
2025-03-15 09:00:00+00:00,69.58,4192.58,518.65,893.7
2025-03-15 10:00:00+00:00,42.43,4065.93,662.58,935.2
2025-03-15 11:00:00+00:00,55.8,4035.78,885.45,830.1
2025-03-15 12:00:00+00:00,48.0,3964.55,493.5,412.7
2025-03-15 13:00:00+00:00,54.51,4092.08,391.9,567.9
2025-03-15 14:00:00+00:00,72.45,4489.18,240.35,-271.5
2025-03-15 15:00:00+00:00,86.79,4981.38,138.13,-1563.2
2025-03-15 16:00:00+00:00,132.25,5319.2,40.95,-2554.9
2025-03-15 17:00:00+00:00,144.99,5619.28,0.0,-3386.1
2025-03-15 18:00:00+00:00,132.96,5693.08,0.0,-3534.2
2025-03-15 19:00:00+00:00,121.46,5546.45,0.0,-3202.1
2025-03-15 20:00:00+00:00,108.5,5284.75,0.0,-2929.1
2025-03-15 21:00:00+00:00,105.02,5036.05,0.0,-2629.5
2025-03-15 22:00:00+00:00,95.25,4901.43,0.0,-2047.7
2025-03-15 23:00:00+00:00,90.01,3690.2,0.0,-1311.7
2025-03-16 00:00:00+00:00,85.79,3509.1,0.0,-1190.5
2025-03-16 01:00:00+00:00,79.62,3477.2,0.0,-1128.0
2025-03-16 02:00:00+00:00,78.18,3471.65,0.0,-1051.1
2025-03-16 03:00:00+00:00,78.6,4206.25,0.0,-1662.2
2025-03-16 04:00:00+00:00,80.51,4368.28,1.4,-1694.9
2025-03-16 05:00:00+00:00,85.14,4413.45,73.08,-1827.5
2025-03-16 06:00:00+00:00,82.07,4478.78,313.53,-1816.2
2025-03-16 07:00:00+00:00,77.95,4498.33,677.75,-1418.3
2025-03-16 08:00:00+00:00,69.8,4468.88,917.8,-1196.8
2025-03-16 09:00:00+00:00,32.19,4490.6,797.83,-881.2
2025-03-16 10:00:00+00:00,12.99,4395.1,1116.35,-725.0
2025-03-16 11:00:00+00:00,7.82,4259.15,1163.95,-813.1
2025-03-16 12:00:00+00:00,5.26,4072.4,1033.15,-778.2
2025-03-16 13:00:00+00:00,9.93,4057.0,691.33,-520.2
2025-03-16 14:00:00+00:00,31.0,4394.93,411.85,-1159.5
2025-03-16 15:00:00+00:00,72.78,4902.7,182.6,-1940.4
2025-03-16 16:00:00+00:00,119.38,5258.13,43.25,-2933.4
2025-03-16 17:00:00+00:00,132.97,5645.88,0.0,-3482.1
2025-03-16 18:00:00+00:00,140.0,5738.65,0.0,-3507.2
2025-03-16 19:00:00+00:00,126.07,5588.6,0.0,-3203.4
2025-03-16 20:00:00+00:00,108.59,5265.58,0.0,-2888.2
2025-03-16 21:00:00+00:00,101.75,4984.85,0.0,-2845.5
2025-03-16 22:00:00+00:00,81.52,4824.48,0.0,-2413.8
2025-03-16 23:00:00+00:00,81.52,4307.63,0.0,-1837.4
2025-03-17 00:00:00+00:00,81.93,4041.78,0.0,-1638.1
2025-03-17 01:00:00+00:00,80.26,3992.08,0.0,-1440.2
2025-03-17 02:00:00+00:00,80.91,4016.25,0.0,-1425.2
2025-03-17 03:00:00+00:00,85.85,4189.78,0.0,-1479.8
2025-03-17 04:00:00+00:00,103.3,4602.98,1.38,-1629.7
2025-03-17 05:00:00+00:00,135.18,5195.63,84.78,-2298.8
2025-03-17 06:00:00+00:00,152.87,5288.73,444.05,-2507.7
2025-03-17 07:00:00+00:00,136.31,5224.05,966.08,-2217.4
2025-03-17 08:00:00+00:00,106.44,5327.9,1705.1,-1692.0
2025-03-17 09:00:00+00:00,85.29,5506.75,2051.28,-1569.1
2025-03-17 10:00:00+00:00,79.12,5681.9,2384.95,-1752.0
2025-03-17 11:00:00+00:00,67.35,5796.6,1642.2,-1819.4
2025-03-17 12:00:00+00:00,43.77,5697.43,1506.1,-1793.6
2025-03-17 13:00:00+00:00,50.28,5606.55,1448.7,-2111.5
2025-03-17 14:00:00+00:00,70.99,5727.3,1000.73,-2199.6
2025-03-17 15:00:00+00:00,105.62,5887.58,523.05,-2458.9
2025-03-17 16:00:00+00:00,151.6,6053.25,118.3,-2746.0
2025-03-17 17:00:00+00:00,172.34,6242.73,0.0,-3033.6
2025-03-17 18:00:00+00:00,170.0,6314.83,0.0,-2953.5
2025-03-17 19:00:00+00:00,141.5,6132.98,0.0,-2688.2
2025-03-17 20:00:00+00:00,119.46,5828.23,0.0,-2371.3
2025-03-17 21:00:00+00:00,108.29,5535.48,0.0,-2184.6
2025-03-17 22:00:00+00:00,93.5,5376.85,0.0,-2326.9
2025-03-17 23:00:00+00:00,92.2,4887.73,0.0,-1521.0
2025-03-18 00:00:00+00:00,89.99,4545.43,0.0,-1256.9
2025-03-18 01:00:00+00:00,92.94,4434.68,0.0,-1111.2
2025-03-18 02:00:00+00:00,90.39,4460.78,0.0,-1123.1
2025-03-18 03:00:00+00:00,97.72,4612.03,0.0,-1194.5
2025-03-18 04:00:00+00:00,113.09,5087.18,13.05,-1317.4
2025-03-18 05:00:00+00:00,141.28,5501.63,392.65,-2022.8
2025-03-18 06:00:00+00:00,136.68,5503.43,1364.83,-2023.5
2025-03-18 07:00:00+00:00,102.71,5392.53,2509.1,-1377.2
2025-03-18 08:00:00+00:00,70.95,5491.05,3510.63,-604.3
2025-03-18 09:00:00+00:00,31.41,5649.4,3950.2,-380.4
2025-03-18 10:00:00+00:00,2.57,5663.33,3508.85,-286.6
2025-03-18 11:00:00+00:00,3.36,5872.3,3616.7,-325.0
2025-03-18 12:00:00+00:00,3.28,5802.73,3927.95,-510.3
2025-03-18 13:00:00+00:00,7.64,5676.1,3165.8,-913.8
2025-03-18 14:00:00+00:00,68.22,5769.45,2110.88,-1159.8
2025-03-18 15:00:00+00:00,106.54,5948.08,994.15,-2031.6
2025-03-18 16:00:00+00:00,149.5,6274.53,216.55,-2789.2
2025-03-18 17:00:00+00:00,172.56,6409.43,0.0,-3138.8
2025-03-18 18:00:00+00:00,166.07,6361.3,0.0,-3063.0
2025-03-18 19:00:00+00:00,144.23,6178.25,0.0,-2708.7
2025-03-18 20:00:00+00:00,124.4,5858.38,0.0,-2212.6
2025-03-18 21:00:00+00:00,118.14,5613.88,0.0,-2126.4
2025-03-18 22:00:00+00:00,104.38,5561.88,0.0,-2125.4
2025-03-18 23:00:00+00:00,109.89,5071.48,0.0,-1529.3
2025-03-19 00:00:00+00:00,105.77,4699.0,0.0,-1318.1
2025-03-19 01:00:00+00:00,104.09,4564.48,0.0,-1195.7
2025-03-19 02:00:00+00:00,103.38,4580.05,0.0,-1097.4
2025-03-19 03:00:00+00:00,108.24,4776.25,0.0,-1208.3
2025-03-19 04:00:00+00:00,126.14,5315.83,17.28,-1698.0
2025-03-19 05:00:00+00:00,161.94,5742.6,390.28,-2131.5
2025-03-19 06:00:00+00:00,149.16,5816.83,1291.0,-1654.4
2025-03-19 07:00:00+00:00,111.46,5671.6,2358.55,-300.8
2025-03-19 08:00:00+00:00,33.51,5366.38,3292.45,893.6
2025-03-19 09:00:00+00:00,25.46,5324.63,3723.38,1454.6
2025-03-19 10:00:00+00:00,1.74,4606.4,3406.48,1434.1
2025-03-19 11:00:00+00:00,0.36,5389.28,3672.35,1153.6
2025-03-19 12:00:00+00:00,1.46,5544.38,3771.88,1576.1
2025-03-19 13:00:00+00:00,4.22,5524.53,3045.0,1153.7
2025-03-19 14:00:00+00:00,67.5,5752.53,2038.0,-169.7
2025-03-19 15:00:00+00:00,115.98,5919.35,976.2,-1520.1
2025-03-19 16:00:00+00:00,169.82,6125.33,225.98,-2854.9
2025-03-19 17:00:00+00:00,254.77,6556.55,0.0,-3222.4
2025-03-19 18:00:00+00:00,220.0,6534.98,0.0,-3004.9
2025-03-19 19:00:00+00:00,174.67,6350.13,0.0,-2840.4
2025-03-19 20:00:00+00:00,146.56,6051.98,0.0,-2497.3
2025-03-19 21:00:00+00:00,131.94,5824.5,0.0,-2345.0
2025-03-19 22:00:00+00:00,115.31,5731.25,0.0,-2090.4
2025-03-19 23:00:00+00:00,125.79,5240.55,0.0,-1729.5
2025-03-20 00:00:00+00:00,110.9,4947.78,0.0,-1546.8
2025-03-20 01:00:00+00:00,105.33,4817.33,0.0,-1449.2
2025-03-20 02:00:00+00:00,105.99,4843.53,0.0,-1416.5
2025-03-20 03:00:00+00:00,110.51,5002.75,0.0,-1560.7
2025-03-20 04:00:00+00:00,130.02,5447.38,21.65,-2026.8
2025-03-20 05:00:00+00:00,152.8,5816.53,406.73,-2518.7
2025-03-20 06:00:00+00:00,143.15,5617.93,1278.35,-1525.9
2025-03-20 07:00:00+00:00,100.96,5175.58,2331.23,18.6
2025-03-20 08:00:00+00:00,79.72,4837.98,3261.13,1443.1
2025-03-20 09:00:00+00:00,40.26,4583.88,3692.48,1879.1
2025-03-20 10:00:00+00:00,3.42,4344.35,3399.65,2378.7
2025-03-20 11:00:00+00:00,0.43,4474.15,3538.38,2447.9
2025-03-20 12:00:00+00:00,0.65,4429.78,3729.08,2754.2
2025-03-20 13:00:00+00:00,17.18,4594.7,3018.63,2190.0
2025-03-20 14:00:00+00:00,81.86,5032.8,2024.85,545.2
2025-03-20 15:00:00+00:00,124.15,5526.95,973.73,-1101.5
2025-03-20 16:00:00+00:00,184.08,5987.2,224.75,-2922.4
2025-03-20 17:00:00+00:00,268.68,6477.05,0.0,-3579.1
2025-03-20 18:00:00+00:00,248.0,6558.33,0.0,-3266.4
2025-03-20 19:00:00+00:00,185.49,6414.85,0.0,-2969.0
2025-03-20 20:00:00+00:00,149.25,6134.63,0.0,-2471.3
2025-03-20 21:00:00+00:00,134.63,5860.43,0.0,-2145.4
2025-03-20 22:00:00+00:00,125.6,5664.38,0.0,-1924.0
2025-03-20 23:00:00+00:00,129.83,5302.13,0.0,-1640.1
2025-03-21 00:00:00+00:00,119.73,4983.03,0.0,-1479.2
2025-03-21 01:00:00+00:00,116.66,4847.3,0.0,-1405.4
2025-03-21 02:00:00+00:00,114.3,4868.65,0.0,-1425.2
2025-03-21 03:00:00+00:00,118.01,5029.3,0.0,-1608.2
2025-03-21 04:00:00+00:00,140.26,5397.28,23.58,-2021.0
2025-03-21 05:00:00+00:00,167.51,5748.68,431.68,-2182.6
2025-03-21 06:00:00+00:00,151.2,5495.33,1239.03,-1213.1
2025-03-21 07:00:00+00:00,113.43,4966.05,2316.38,98.4
2025-03-21 08:00:00+00:00,76.39,4543.03,3221.73,1093.8
2025-03-21 09:00:00+00:00,44.87,4280.68,3589.48,1742.9
2025-03-21 10:00:00+00:00,7.38,4126.0,3256.08,2312.0
2025-03-21 11:00:00+00:00,1.51,4103.35,3524.53,2083.2
2025-03-21 12:00:00+00:00,0.2,4001.7,3650.25,2162.0
2025-03-21 13:00:00+00:00,6.04,4176.2,2967.88,1459.6
2025-03-21 14:00:00+00:00,61.51,4663.25,2007.98,40.0
2025-03-21 15:00:00+00:00,122.35,5238.05,955.55,-1484.3
2025-03-21 16:00:00+00:00,153.19,5769.8,195.83,-3212.2
2025-03-21 17:00:00+00:00,228.22,6194.63,0.73,-3751.6
2025-03-21 18:00:00+00:00,193.41,6243.2,0.0,-3600.1
2025-03-21 19:00:00+00:00,164.44,6124.7,0.0,-3281.9
2025-03-21 20:00:00+00:00,152.37,5900.6,0.0,-2866.6
2025-03-21 21:00:00+00:00,142.08,5665.53,0.0,-2778.0
2025-03-21 22:00:00+00:00,132.13,5459.33,0.0,-2850.7
2025-03-21 23:00:00+00:00,104.1,4863.95,0.0,-2219.5
2025-03-22 00:00:00+00:00,93.65,4485.6,0.0,-1997.3
2025-03-22 01:00:00+00:00,102.82,4355.65,0.0,-1831.3
2025-03-22 02:00:00+00:00,99.93,4308.75,0.0,-1755.7
2025-03-22 03:00:00+00:00,103.75,4304.5,0.0,-1468.3
2025-03-22 04:00:00+00:00,108.03,4282.5,7.63,-1402.1
2025-03-22 05:00:00+00:00,90.0,4392.55,199.8,-1404.0
2025-03-22 06:00:00+00:00,70.45,4620.98,626.63,-1556.1
2025-03-22 07:00:00+00:00,57.0,4791.85,1009.58,-2138.5
2025-03-22 08:00:00+00:00,47.13,4935.78,1389.5,-2496.1
2025-03-22 09:00:00+00:00,20.6,5056.53,1515.23,-2349.0
2025-03-22 10:00:00+00:00,13.93,5097.65,784.13,-2135.8
2025-03-22 11:00:00+00:00,46.94,5065.88,1052.33,-1964.9
2025-03-22 12:00:00+00:00,50.16,4710.53,1234.9,-1884.2
2025-03-22 13:00:00+00:00,56.24,4667.18,706.88,-2037.5
2025-03-22 14:00:00+00:00,82.91,4799.3,462.1,-2146.1
2025-03-22 15:00:00+00:00,127.07,5022.18,183.7,-2320.2
2025-03-22 16:00:00+00:00,130.48,5151.25,40.75,-2582.2
2025-03-22 17:00:00+00:00,133.63,5390.38,0.98,-2885.4
2025-03-22 18:00:00+00:00,131.15,5391.28,0.0,-2824.7
2025-03-22 19:00:00+00:00,126.88,5258.45,0.0,-2655.6
2025-03-22 20:00:00+00:00,80.99,5022.58,0.0,-2555.5
2025-03-22 21:00:00+00:00,75.66,4808.7,0.0,-2377.4
2025-03-22 22:00:00+00:00,62.43,4646.5,0.0,-2200.3
2025-03-22 23:00:00+00:00,33.6,4917.1,0.0,-2879.2
2025-03-23 00:00:00+00:00,35.14,4515.4,0.0,-2640.4
2025-03-23 01:00:00+00:00,43.85,4385.0,0.0,-2403.6
2025-03-23 02:00:00+00:00,42.35,4372.5,0.0,-2339.0
2025-03-23 03:00:00+00:00,41.43,3918.5,0.0,-1809.8
2025-03-23 04:00:00+00:00,41.26,4045.75,5.93,-2092.2
2025-03-23 05:00:00+00:00,42.73,4186.43,99.0,-2279.0
2025-03-23 06:00:00+00:00,35.39,4387.73,239.15,-2381.8
2025-03-23 07:00:00+00:00,27.51,4556.38,424.93,-2563.1
2025-03-23 08:00:00+00:00,23.8,4645.15,802.93,-2227.0
2025-03-23 09:00:00+00:00,13.78,4736.8,1305.83,-1604.1
2025-03-23 10:00:00+00:00,9.6,4781.6,1507.98,-1239.5
2025-03-23 11:00:00+00:00,13.49,4764.35,1822.8,-1255.7
2025-03-23 12:00:00+00:00,5.01,4573.05,1877.9,-1152.2
2025-03-23 13:00:00+00:00,11.46,4518.63,1587.28,-1432.7
2025-03-23 14:00:00+00:00,43.03,4663.08,1091.88,-2325.9
2025-03-23 15:00:00+00:00,88.19,4955.9,408.35,-2542.0
2025-03-23 16:00:00+00:00,128.82,5162.28,127.95,-2755.6
2025-03-23 17:00:00+00:00,143.59,5503.63,2.43,-2907.2
2025-03-23 18:00:00+00:00,143.48,5570.18,0.0,-2791.4
2025-03-23 19:00:00+00:00,142.7,5467.78,0.0,-2491.3
2025-03-23 20:00:00+00:00,131.33,5174.6,0.0,-1647.7
2025-03-23 21:00:00+00:00,126.66,4884.1,0.0,-1310.6
2025-03-23 22:00:00+00:00,114.24,4729.85,0.0,-1204.6
2025-03-23 23:00:00+00:00,112.47,4489.63,0.0,-1606.9
2025-03-24 00:00:00+00:00,107.75,4230.85,0.0,-1401.4
2025-03-24 01:00:00+00:00,102.14,4195.68,0.0,-1387.7
2025-03-24 02:00:00+00:00,98.97,4228.58,0.0,-1383.0
2025-03-24 03:00:00+00:00,102.07,4429.6,0.0,-1439.7
2025-03-24 04:00:00+00:00,120.16,4872.9,12.48,-2008.9
2025-03-24 05:00:00+00:00,142.24,5250.55,120.65,-2487.2
2025-03-24 06:00:00+00:00,164.34,4995.73,303.38,-1328.7
2025-03-24 07:00:00+00:00,162.29,4557.68,545.5,131.5
2025-03-24 08:00:00+00:00,135.77,4215.0,857.8,428.0
2025-03-24 09:00:00+00:00,111.46,3948.85,952.08,923.7
2025-03-24 10:00:00+00:00,109.45,3933.5,784.58,1386.8
2025-03-24 11:00:00+00:00,104.35,3853.68,1253.65,1480.9
2025-03-24 12:00:00+00:00,106.84,3866.75,639.15,1889.1
2025-03-24 13:00:00+00:00,115.03,4134.28,531.9,1631.1
2025-03-24 14:00:00+00:00,123.58,4632.25,393.03,737.9
2025-03-24 15:00:00+00:00,135.24,5167.28,473.98,-711.9
2025-03-24 16:00:00+00:00,155.1,5652.9,155.6,-2778.8
2025-03-24 17:00:00+00:00,213.98,6004.73,3.18,-3680.0
2025-03-24 18:00:00+00:00,193.33,6087.28,0.0,-3448.6
2025-03-24 19:00:00+00:00,161.97,5937.13,0.0,-2829.7
2025-03-24 20:00:00+00:00,139.26,5658.53,0.0,-2359.4
2025-03-24 21:00:00+00:00,126.26,5377.73,0.0,-1990.8
2025-03-24 22:00:00+00:00,115.46,5255.65,0.0,-1850.3
2025-03-24 23:00:00+00:00,103.14,4951.8,0.0,-1675.6
2025-03-25 00:00:00+00:00,102.29,4608.58,0.0,-1407.9
2025-03-25 01:00:00+00:00,100.77,4515.95,0.0,-1405.5
2025-03-25 02:00:00+00:00,104.48,4532.33,0.0,-1466.7
2025-03-25 03:00:00+00:00,103.95,4703.6,0.0,-1533.8
2025-03-25 04:00:00+00:00,109.14,5050.0,9.2,-2078.2
2025-03-25 05:00:00+00:00,138.88,5401.13,212.4,-2978.5
2025-03-25 06:00:00+00:00,143.29,5120.48,607.08,-1751.3
2025-03-25 07:00:00+00:00,138.53,4616.9,1369.38,532.9
2025-03-25 08:00:00+00:00,115.74,4223.05,2004.08,1281.8
2025-03-25 09:00:00+00:00,109.03,4363.7,2091.33,1339.1
2025-03-25 10:00:00+00:00,103.73,5510.48,1781.18,1864.8
2025-03-25 11:00:00+00:00,97.83,4228.65,2234.05,1841.6
2025-03-25 12:00:00+00:00,98.87,3871.55,2151.33,1911.5
2025-03-25 13:00:00+00:00,110.34,4134.3,1805.95,1677.1
2025-03-25 14:00:00+00:00,122.98,4635.7,1261.9,637.8
2025-03-25 15:00:00+00:00,147.47,5222.65,662.85,-1492.4
2025-03-25 16:00:00+00:00,146.44,5766.98,142.25,-3471.2
2025-03-25 17:00:00+00:00,180.53,6032.73,2.13,-3985.4
2025-03-25 18:00:00+00:00,174.32,6105.6,0.0,-3730.8
2025-03-25 19:00:00+00:00,148.6,5970.58,0.0,-3620.2
2025-03-25 20:00:00+00:00,141.02,5684.68,0.0,-3027.2
2025-03-25 21:00:00+00:00,127.63,5408.98,0.0,-2621.4
2025-03-25 22:00:00+00:00,102.05,5272.53,0.0,-2343.9
2025-03-25 23:00:00+00:00,101.02,4908.7,0.0,-1726.7
2025-03-26 00:00:00+00:00,98.73,4581.43,0.0,-1553.2
2025-03-26 01:00:00+00:00,98.57,4451.75,0.0,-1444.9
2025-03-26 02:00:00+00:00,100.33,4450.98,0.0,-1470.2
2025-03-26 03:00:00+00:00,103.48,4582.88,0.0,-1295.7
2025-03-26 04:00:00+00:00,113.28,4893.58,31.4,-1610.3
2025-03-26 05:00:00+00:00,136.06,5437.4,327.65,-2128.7
2025-03-26 06:00:00+00:00,143.5,5632.65,687.08,-1998.4
2025-03-26 07:00:00+00:00,137.74,5589.08,1382.95,-2028.8
2025-03-26 08:00:00+00:00,111.99,5503.85,1964.58,-1275.5
2025-03-26 09:00:00+00:00,100.1,5359.08,2287.38,-1103.5
2025-03-26 10:00:00+00:00,96.82,5041.15,2538.65,-1110.1
2025-03-26 11:00:00+00:00,95.03,5281.73,2248.63,-1238.1
2025-03-26 12:00:00+00:00,84.81,5151.9,2401.23,-1314.9
2025-03-26 13:00:00+00:00,93.5,5083.0,1868.2,-1557.4
2025-03-26 14:00:00+00:00,102.05,5270.9,1276.53,-1947.1
2025-03-26 15:00:00+00:00,117.7,5534.45,608.25,-2488.8
2025-03-26 16:00:00+00:00,145.78,5829.95,135.5,-2757.5
2025-03-26 17:00:00+00:00,168.85,6118.95,1.83,-3019.3
2025-03-26 18:00:00+00:00,173.44,6173.2,0.0,-3106.0
2025-03-26 19:00:00+00:00,158.23,6036.43,0.0,-2908.9
2025-03-26 20:00:00+00:00,132.1,5750.03,0.0,-2651.9
2025-03-26 21:00:00+00:00,125.16,5479.48,0.0,-2249.4
2025-03-26 22:00:00+00:00,110.82,5276.68,0.0,-1808.0
2025-03-26 23:00:00+00:00,105.09,4927.9,0.0,-1595.5
2025-03-27 00:00:00+00:00,99.3,4599.63,0.0,-1430.6
2025-03-27 01:00:00+00:00,97.96,4461.8,0.0,-1315.4
2025-03-27 02:00:00+00:00,99.21,4451.15,0.0,-1368.7
2025-03-27 03:00:00+00:00,98.09,4585.75,0.0,-1281.0
2025-03-27 04:00:00+00:00,105.49,4904.83,13.6,-1547.7
2025-03-27 05:00:00+00:00,131.33,5405.48,181.3,-2178.0
2025-03-27 06:00:00+00:00,140.5,5524.43,884.93,-2345.9
2025-03-27 07:00:00+00:00,123.5,5405.1,1581.93,-2319.1
2025-03-27 08:00:00+00:00,89.92,5181.78,2198.15,-2074.9
2025-03-27 09:00:00+00:00,79.58,4958.7,2249.43,-2062.4
2025-03-27 10:00:00+00:00,45.66,4785.45,1432.65,-2126.7
2025-03-27 11:00:00+00:00,37.31,4984.05,1429.68,-1744.9
2025-03-27 12:00:00+00:00,19.95,4930.88,2252.6,-1486.7
2025-03-27 13:00:00+00:00,53.71,5035.13,1444.35,-1899.8
2025-03-27 14:00:00+00:00,81.11,5282.95,936.8,-1995.2
2025-03-27 15:00:00+00:00,100.23,5547.48,511.93,-2687.3
2025-03-27 16:00:00+00:00,135.25,5753.0,97.68,-2778.4
2025-03-27 17:00:00+00:00,161.78,6089.95,2.38,-3212.1
2025-03-27 18:00:00+00:00,172.68,6142.93,0.0,-3229.1
2025-03-27 19:00:00+00:00,142.15,5969.7,0.0,-2881.5
2025-03-27 20:00:00+00:00,124.94,5697.03,0.0,-2474.1
2025-03-27 21:00:00+00:00,113.55,5415.65,0.0,-2260.6
2025-03-27 22:00:00+00:00,101.14,5194.78,0.0,-2099.2
2025-03-27 23:00:00+00:00,91.31,4886.05,0.0,-1907.8
2025-03-28 00:00:00+00:00,79.44,4535.75,0.0,-1779.5
2025-03-28 01:00:00+00:00,79.02,4399.8,0.0,-1741.6
2025-03-28 02:00:00+00:00,79.59,4394.0,0.0,-1862.7
2025-03-28 03:00:00+00:00,80.13,4535.0,0.0,-1791.4
2025-03-28 04:00:00+00:00,108.98,4827.23,16.93,-1991.7
2025-03-28 05:00:00+00:00,130.7,5301.0,221.63,-2479.1
2025-03-28 06:00:00+00:00,122.2,5407.68,743.13,-2415.3
2025-03-28 07:00:00+00:00,102.08,5182.83,1143.88,-1873.3
2025-03-28 08:00:00+00:00,78.93,4854.1,1559.53,-1248.3
2025-03-28 09:00:00+00:00,68.08,4666.38,1792.83,-1014.2
2025-03-28 10:00:00+00:00,47.63,4699.2,658.18,-883.9
2025-03-28 11:00:00+00:00,52.03,4665.78,949.15,-1031.9
2025-03-28 12:00:00+00:00,67.09,4709.75,948.03,-1309.2
2025-03-28 13:00:00+00:00,75.64,4892.13,631.0,-1827.3
2025-03-28 14:00:00+00:00,104.55,5201.83,374.53,-2004.8
2025-03-28 15:00:00+00:00,110.29,5452.9,145.58,-2563.4
2025-03-28 16:00:00+00:00,134.33,5644.1,27.33,-2972.2
2025-03-28 17:00:00+00:00,166.74,5920.18,0.35,-3476.2
2025-03-28 18:00:00+00:00,166.09,5950.75,0.0,-3458.7
2025-03-28 19:00:00+00:00,150.69,5755.78,0.0,-3060.0
2025-03-28 20:00:00+00:00,127.7,5491.0,0.0,-2617.1
2025-03-28 21:00:00+00:00,120.31,5247.53,0.0,-2299.0
2025-03-28 22:00:00+00:00,111.45,5099.58,0.0,-2019.5
2025-03-28 23:00:00+00:00,118.41,4785.1,0.0,-1402.8
2025-03-29 00:00:00+00:00,107.91,4413.08,0.0,-1197.0
2025-03-29 01:00:00+00:00,100.5,4295.18,0.0,-1216.2
2025-03-29 02:00:00+00:00,100.41,4262.15,0.0,-1164.1
2025-03-29 03:00:00+00:00,99.69,4305.4,0.0,-1491.2
2025-03-29 04:00:00+00:00,95.18,4401.3,3.18,-1591.5
2025-03-29 05:00:00+00:00,105.12,4438.95,67.35,-1511.7
2025-03-29 06:00:00+00:00,101.77,4597.18,203.35,-1360.3
2025-03-29 07:00:00+00:00,97.01,4745.95,432.35,-1141.6
2025-03-29 08:00:00+00:00,80.16,4880.85,699.08,-872.3
2025-03-29 09:00:00+00:00,90.68,5038.55,594.9,-1119.9
2025-03-29 10:00:00+00:00,94.23,5114.1,575.8,-1499.1
2025-03-29 11:00:00+00:00,90.1,5144.45,834.88,-1326.7
2025-03-29 12:00:00+00:00,77.75,4958.3,1053.3,-1037.0
2025-03-29 13:00:00+00:00,86.71,4941.88,869.8,-856.0
2025-03-29 14:00:00+00:00,91.74,5033.55,782.08,-1219.9
2025-03-29 15:00:00+00:00,116.4,5183.78,410.8,-1724.5
2025-03-29 16:00:00+00:00,129.97,5288.93,107.0,-2207.1
2025-03-29 17:00:00+00:00,158.1,5443.5,2.93,-2466.3
2025-03-29 18:00:00+00:00,160.0,5459.55,0.0,-2437.0
2025-03-29 19:00:00+00:00,131.99,5355.68,0.0,-2424.2
2025-03-29 20:00:00+00:00,109.63,5110.23,0.0,-2235.7
2025-03-29 21:00:00+00:00,86.98,4830.83,0.0,-2001.7
2025-03-29 22:00:00+00:00,69.45,4683.33,0.0,-1888.3
2025-03-29 23:00:00+00:00,46.24,4542.08,0.0,-1783.1
2025-03-30 00:00:00+00:00,15.88,4202.4,0.0,-1657.2
2025-03-30 01:00:00+00:00,5.09,4068.68,0.0,-1553.7
2025-03-30 02:00:00+00:00,1.2,3961.38,0.0,-1664.3
2025-03-30 03:00:00+00:00,0.09,4027.65,0.0,-1771.9
2025-03-30 04:00:00+00:00,1.24,4238.28,28.53,-1825.2
2025-03-30 05:00:00+00:00,1.32,4491.55,258.7,-1770.0
2025-03-30 06:00:00+00:00,1.95,4730.3,602.53,-1718.7
2025-03-30 07:00:00+00:00,0.13,4870.75,861.1,-1581.0
2025-03-30 08:00:00+00:00,-1.23,4997.28,1256.68,-1688.7
2025-03-30 09:00:00+00:00,-4.42,5016.9,1314.83,-1773.3
2025-03-30 10:00:00+00:00,-16.31,4934.7,1691.13,-1679.1
2025-03-30 11:00:00+00:00,-23.69,4673.9,1414.85,-1284.1
2025-03-30 12:00:00+00:00,-25.67,4538.25,1135.4,-983.1
2025-03-30 13:00:00+00:00,-13.57,4573.68,1033.2,-1241.4
2025-03-30 14:00:00+00:00,-4.5,4824.6,854.63,-1793.0
2025-03-30 15:00:00+00:00,3.0,5063.23,348.2,-2210.0
2025-03-30 16:00:00+00:00,45.8,5409.5,174.8,-2650.3
2025-03-30 17:00:00+00:00,108.81,5513.68,7.15,-2667.7
2025-03-30 18:00:00+00:00,109.19,5456.2,0.0,-2563.9
2025-03-30 19:00:00+00:00,99.7,5146.6,0.0,-2302.2
2025-03-30 20:00:00+00:00,90.11,4846.13,0.0,-2026.6
2025-03-30 21:00:00+00:00,57.35,4649.13,0.0,-1995.7
2025-03-30 22:00:00+00:00,73.9,4273.38,0.0,-1943.6
2025-03-30 23:00:00+00:00,65.7,4012.43,0.0,-1715.5
2025-03-31 00:00:00+00:00,65.9,3958.25,0.0,-1687.7
2025-03-31 01:00:00+00:00,69.73,3971.1,0.0,-1737.5
2025-03-31 02:00:00+00:00,73.06,4129.25,0.0,-1662.9
2025-03-31 03:00:00+00:00,97.74,4491.85,0.0,-1966.6
2025-03-31 04:00:00+00:00,132.95,5132.48,52.33,-2378.3
2025-03-31 05:00:00+00:00,179.23,5378.73,400.03,-2075.7
2025-03-31 06:00:00+00:00,176.92,5414.2,943.2,-1519.1
2025-03-31 07:00:00+00:00,136.72,5488.93,1369.4,-1251.8
2025-03-31 08:00:00+00:00,113.44,5604.2,1557.1,-1181.6
2025-03-31 09:00:00+00:00,104.18,5723.2,1425.73,-1326.3
2025-03-31 10:00:00+00:00,91.86,5606.55,1710.03,-1501.3
2025-03-31 11:00:00+00:00,85.25,5475.93,1576.5,-1618.1
2025-03-31 12:00:00+00:00,76.94,5516.83,2070.35,-1970.4
2025-03-31 13:00:00+00:00,74.75,5663.23,1621.95,-2173.0
2025-03-31 14:00:00+00:00,89.38,5769.8,1255.58,-2657.1
2025-03-31 15:00:00+00:00,113.43,5874.5,684.08,-3201.7
2025-03-31 16:00:00+00:00,145.24,6054.3,162.75,-3763.3
2025-03-31 17:00:00+00:00,250.34,6076.33,5.58,-3578.9
2025-03-31 18:00:00+00:00,216.69,5906.6,0.0,-3080.2
2025-03-31 19:00:00+00:00,136.3,5624.3,0.0,-2577.2
2025-03-31 20:00:00+00:00,115.93,5356.35,0.0,-2279.5
2025-03-31 21:00:00+00:00,102.56,5135.48,0.0,-2017.4
2025-03-31 22:00:00+00:00,102.34,4741.85,0.0,-1501.2
2025-03-31 23:00:00+00:00,96.33,4415.15,0.0,-1106.2
2025-04-01 00:00:00+00:00,94.37,4293.38,0.0,-935.1
2025-04-01 01:00:00+00:00,95.63,4287.43,0.0,-918.2
2025-04-01 02:00:00+00:00,93.35,4415.88,0.0,-891.2
2025-04-01 03:00:00+00:00,102.91,4735.23,0.0,-1472.3
2025-04-01 04:00:00+00:00,131.82,5426.23,45.18,-2519.5
2025-04-01 05:00:00+00:00,177.11,5602.45,320.35,-2073.0
2025-04-01 06:00:00+00:00,159.37,5462.15,1012.38,-1508.3
2025-04-01 07:00:00+00:00,109.78,5508.9,1735.15,-1021.8
2025-04-01 08:00:00+00:00,88.73,5601.0,2191.85,-1421.7
2025-04-01 09:00:00+00:00,75.77,5568.4,2136.68,-1786.5
2025-04-01 10:00:00+00:00,64.52,5187.6,2233.88,-1124.7
2025-04-01 11:00:00+00:00,43.11,5356.85,2002.45,-808.3
2025-04-01 12:00:00+00:00,47.02,5470.7,2398.1,-1044.1
2025-04-01 13:00:00+00:00,57.01,5608.48,1691.5,-1946.8
2025-04-01 14:00:00+00:00,88.99,5718.98,1343.25,-2681.0
2025-04-01 15:00:00+00:00,103.22,5744.95,714.05,-3330.5
2025-04-01 16:00:00+00:00,144.32,5729.63,202.5,-3902.3
2025-04-01 17:00:00+00:00,171.76,6028.65,9.6,-4018.3
2025-04-01 18:00:00+00:00,141.96,5925.53,0.0,-3834.1
2025-04-01 19:00:00+00:00,114.42,5643.25,0.0,-3585.2
2025-04-01 20:00:00+00:00,98.08,5383.85,0.0,-3321.3
2025-04-01 21:00:00+00:00,80.83,5180.78,0.0,-3148.3
2025-04-01 22:00:00+00:00,70.04,4855.68,0.0,-2256.5
2025-04-01 23:00:00+00:00,69.76,4492.9,0.0,-1899.1
2025-04-02 00:00:00+00:00,69.68,4320.6,0.0,-1709.1
2025-04-02 01:00:00+00:00,71.29,4309.75,0.0,-1730.5
2025-04-02 02:00:00+00:00,72.33,4442.78,0.0,-1723.1
2025-04-02 03:00:00+00:00,85.86,4785.28,0.0,-2332.8
2025-04-02 04:00:00+00:00,119.88,5403.65,71.78,-3367.5
2025-04-02 05:00:00+00:00,154.6,5633.9,536.83,-3082.5
2025-04-02 06:00:00+00:00,125.94,5452.35,1350.55,-2218.8
2025-04-02 07:00:00+00:00,85.96,5311.63,2036.98,-1271.7
2025-04-02 08:00:00+00:00,66.26,5214.28,2462.73,-1152.8
2025-04-02 09:00:00+00:00,51.17,5105.38,2698.48,-1046.4
2025-04-02 10:00:00+00:00,48.87,4677.98,2359.98,-1174.9
2025-04-02 11:00:00+00:00,45.98,4978.25,1622.03,-1063.2
2025-04-02 12:00:00+00:00,45.6,5039.85,1569.08,-1371.7
2025-04-02 13:00:00+00:00,69.54,5161.1,1395.33,-1933.6
2025-04-02 14:00:00+00:00,84.09,5307.6,878.95,-2625.8
2025-04-02 15:00:00+00:00,106.69,5481.2,392.5,-3126.5
2025-04-02 16:00:00+00:00,117.74,5689.7,138.65,-3880.6
2025-04-02 17:00:00+00:00,153.04,6017.48,6.28,-4377.2
2025-04-02 18:00:00+00:00,134.85,5963.5,0.0,-4278.1
2025-04-02 19:00:00+00:00,108.41,5644.63,0.0,-3721.5
2025-04-02 20:00:00+00:00,89.83,5365.95,0.0,-3485.7
2025-04-02 21:00:00+00:00,74.93,5236.45,0.0,-3123.0
2025-04-02 22:00:00+00:00,72.78,4913.93,0.0,-2214.4
2025-04-02 23:00:00+00:00,76.15,4572.85,0.0,-1859.9
2025-04-03 00:00:00+00:00,72.01,4384.48,0.0,-1594.0
2025-04-03 01:00:00+00:00,71.58,4362.48,0.0,-1530.5
2025-04-03 02:00:00+00:00,78.95,4472.85,0.0,-1520.0
2025-04-03 03:00:00+00:00,102.82,4810.63,0.0,-1759.1
2025-04-03 04:00:00+00:00,142.47,5455.1,76.18,-2543.2
2025-04-03 05:00:00+00:00,165.5,5610.85,434.08,-2313.9
2025-04-03 06:00:00+00:00,133.3,5467.98,922.43,-1599.7
2025-04-03 07:00:00+00:00,79.11,5243.8,1626.0,-689.1
2025-04-03 08:00:00+00:00,41.32,4950.95,2208.63,-185.6
2025-04-03 09:00:00+00:00,2.74,4851.18,2884.63,86.4
2025-04-03 10:00:00+00:00,-0.07,5050.58,2623.83,151.3
2025-04-03 11:00:00+00:00,-4.26,4660.05,2565.5,187.6
2025-04-03 12:00:00+00:00,-2.64,4594.8,2238.18,-546.9
2025-04-03 13:00:00+00:00,3.98,4732.7,1873.1,-1563.9
2025-04-03 14:00:00+00:00,43.24,4966.6,1376.38,-1934.7
2025-04-03 15:00:00+00:00,93.33,5324.7,797.23,-2323.4
2025-04-03 16:00:00+00:00,147.42,5793.9,225.2,-2739.9
2025-04-03 17:00:00+00:00,196.21,5999.68,12.83,-3349.7
2025-04-03 18:00:00+00:00,185.32,5947.6,0.0,-3081.4
2025-04-03 19:00:00+00:00,144.4,5625.7,0.0,-2364.9
2025-04-03 20:00:00+00:00,115.48,5337.83,0.0,-2050.1
2025-04-03 21:00:00+00:00,106.39,5234.3,0.0,-1842.1
2025-04-03 22:00:00+00:00,110.88,4923.8,0.0,-1386.3
2025-04-03 23:00:00+00:00,105.89,4567.25,0.0,-1155.5
2025-04-04 00:00:00+00:00,106.38,4371.45,0.0,-985.9
2025-04-04 01:00:00+00:00,106.44,4332.28,0.0,-939.6
2025-04-04 02:00:00+00:00,109.77,4439.8,0.0,-1018.2
2025-04-04 03:00:00+00:00,115.69,4788.4,0.0,-1385.9
2025-04-04 04:00:00+00:00,156.69,5403.88,102.85,-2125.4
2025-04-04 05:00:00+00:00,183.95,5472.13,610.43,-1875.0
2025-04-04 06:00:00+00:00,141.6,5149.15,1649.4,-656.2
2025-04-04 07:00:00+00:00,96.56,4883.95,2666.3,569.6
2025-04-04 08:00:00+00:00,65.17,4745.85,3474.4,928.6
2025-04-04 09:00:00+00:00,7.82,4702.43,3684.85,1306.6
2025-04-04 10:00:00+00:00,0.0,4216.18,3221.63,1306.3
2025-04-04 11:00:00+00:00,-1.04,4603.9,3066.28,1296.3
2025-04-04 12:00:00+00:00,-1.0,4729.58,3276.88,849.4
2025-04-04 13:00:00+00:00,0.96,4902.03,2718.4,95.2
2025-04-04 14:00:00+00:00,33.95,5188.08,1946.2,-699.9
2025-04-04 15:00:00+00:00,109.67,5365.35,1034.63,-1622.4
2025-04-04 16:00:00+00:00,131.16,5477.23,301.4,-2561.3
2025-04-04 17:00:00+00:00,178.78,5816.88,20.78,-3069.3
2025-04-04 18:00:00+00:00,169.59,5755.65,0.0,-2945.2
2025-04-04 19:00:00+00:00,137.76,5474.15,0.0,-2504.6
2025-04-04 20:00:00+00:00,137.16,5213.35,0.0,-2287.6
2025-04-04 21:00:00+00:00,111.71,5102.48,0.0,-2151.6
2025-04-04 22:00:00+00:00,124.51,4742.98,0.0,-1996.2
2025-04-04 23:00:00+00:00,112.8,4400.53,0.0,-1553.1
2025-04-05 00:00:00+00:00,109.15,4237.1,0.0,-1902.5
2025-04-05 01:00:00+00:00,108.34,4198.08,0.0,-1335.6
2025-04-05 02:00:00+00:00,107.94,4238.28,0.0,-1403.1
2025-04-05 03:00:00+00:00,108.7,4270.65,0.0,-1424.8
2025-04-05 04:00:00+00:00,120.58,4492.05,74.2,-1608.0
2025-04-05 05:00:00+00:00,116.95,4785.35,468.98,-1459.9
2025-04-05 06:00:00+00:00,102.0,4987.45,1287.23,-1332.8
2025-04-05 07:00:00+00:00,57.74,5128.68,2350.28,-977.2
2025-04-05 08:00:00+00:00,0.66,5139.65,3170.38,-834.6
2025-04-05 09:00:00+00:00,-0.81,5145.13,3512.83,-475.0
2025-04-05 10:00:00+00:00,-20.29,5081.05,2692.18,76.3
2025-04-05 11:00:00+00:00,-46.67,4869.83,2736.18,-18.3
2025-04-05 12:00:00+00:00,-48.88,4772.28,2735.75,-461.0
2025-04-05 13:00:00+00:00,-32.56,4851.63,2066.55,-1049.2
2025-04-05 14:00:00+00:00,6.84,5010.4,1223.45,-1571.3
2025-04-05 15:00:00+00:00,53.34,5095.03,615.75,-1986.1
2025-04-05 16:00:00+00:00,90.35,5289.0,146.1,-2517.9
2025-04-05 17:00:00+00:00,167.86,5383.15,7.15,-2841.5
2025-04-05 18:00:00+00:00,139.02,5335.23,0.0,-2764.4
2025-04-05 19:00:00+00:00,103.34,5122.6,0.0,-2609.1
2025-04-05 20:00:00+00:00,78.99,4854.23,0.0,-2275.4
2025-04-05 21:00:00+00:00,68.75,4690.0,0.0,-1971.4
2025-04-05 22:00:00+00:00,70.45,4430.3,0.0,-1790.4
2025-04-05 23:00:00+00:00,62.09,4163.35,0.0,-1380.3
2025-04-06 00:00:00+00:00,64.11,4123.6,0.0,-1910.8
2025-04-06 01:00:00+00:00,70.32,4083.18,0.0,-1182.9
2025-04-06 02:00:00+00:00,72.26,4047.58,0.0,-1153.5
2025-04-06 03:00:00+00:00,80.07,4107.58,0.0,-1189.4
2025-04-06 04:00:00+00:00,79.36,4248.75,123.03,-1215.1
2025-04-06 05:00:00+00:00,80.9,4412.8,680.75,-846.5
2025-04-06 06:00:00+00:00,43.0,4486.83,1781.3,-553.5
2025-04-06 07:00:00+00:00,0.1,4649.0,2792.33,-481.7
2025-04-06 08:00:00+00:00,-2.14,4779.9,3578.9,-758.5
2025-04-06 09:00:00+00:00,-29.46,4773.93,3748.93,-486.8
2025-04-06 10:00:00+00:00,-63.59,4753.83,3422.83,-243.3
2025-04-06 11:00:00+00:00,-69.99,4636.65,3154.1,306.3
2025-04-06 12:00:00+00:00,-17.94,4462.28,3287.3,412.4
2025-04-06 13:00:00+00:00,-0.01,4439.53,2776.13,88.1
2025-04-06 14:00:00+00:00,4.99,4619.65,2095.55,-622.6
2025-04-06 15:00:00+00:00,86.41,4866.33,1079.43,-1385.9
2025-04-06 16:00:00+00:00,145.22,5147.83,305.4,-2074.5
2025-04-06 17:00:00+00:00,156.36,5486.25,19.6,-2653.3
2025-04-06 18:00:00+00:00,146.52,5550.6,0.0,-2531.2
2025-04-06 19:00:00+00:00,125.75,5295.13,0.0,-2291.8
2025-04-06 20:00:00+00:00,114.33,4995.78,0.0,-1913.1
2025-04-06 21:00:00+00:00,101.99,4786.73,0.0,-1601.3
2025-04-06 22:00:00+00:00,89.42,4480.65,0.0,-1242.5
2025-04-06 23:00:00+00:00,88.04,4250.48,0.0,-1119.2
2025-04-07 00:00:00+00:00,84.45,4153.6,0.0,-1051.2
2025-04-07 01:00:00+00:00,86.64,4140.5,0.0,-1067.3
2025-04-07 02:00:00+00:00,88.36,4305.23,0.0,-1168.2
2025-04-07 03:00:00+00:00,101.74,4717.28,0.0,-1533.9
2025-04-07 04:00:00+00:00,132.32,5406.95,139.2,-2250.9
2025-04-07 05:00:00+00:00,177.14,5440.63,609.98,-1810.3
2025-04-07 06:00:00+00:00,144.42,5053.93,1850.48,-570.2
2025-04-07 07:00:00+00:00,108.6,4700.9,2665.53,845.6
2025-04-07 08:00:00+00:00,84.59,4400.73,2555.78,1223.9
2025-04-07 09:00:00+00:00,64.82,4259.3,2800.18,1200.5
2025-04-07 10:00:00+00:00,44.44,4228.43,3110.1,850.3
2025-04-07 11:00:00+00:00,46.02,4127.7,2155.25,827.3
2025-04-07 12:00:00+00:00,60.01,4166.55,2404.73,767.1
2025-04-07 13:00:00+00:00,76.13,4440.48,2064.18,87.9
2025-04-07 14:00:00+00:00,94.31,4810.93,1629.68,-766.7
2025-04-07 15:00:00+00:00,118.06,5192.58,884.0,-1431.9
2025-04-07 16:00:00+00:00,175.01,5595.25,261.98,-2443.3
2025-04-07 17:00:00+00:00,195.09,5969.08,15.43,-2935.9
2025-04-07 18:00:00+00:00,208.74,6027.25,0.0,-2912.3
2025-04-07 19:00:00+00:00,152.02,5719.85,0.0,-2320.6
2025-04-07 20:00:00+00:00,130.95,5399.63,0.0,-1964.2
2025-04-07 21:00:00+00:00,113.17,5299.5,0.0,-1846.7
2025-04-07 22:00:00+00:00,95.03,4918.05,0.0,-1290.0
2025-04-07 23:00:00+00:00,90.1,4628.93,0.0,-1065.9
2025-04-08 00:00:00+00:00,90.79,4459.65,0.0,-929.0
2025-04-08 01:00:00+00:00,92.5,4425.98,0.0,-917.4
2025-04-08 02:00:00+00:00,94.59,4562.73,0.0,-1011.6
2025-04-08 03:00:00+00:00,110.31,4953.0,0.0,-1410.5
2025-04-08 04:00:00+00:00,153.29,5670.38,153.18,-2260.6
2025-04-08 05:00:00+00:00,181.62,5681.53,556.18,-2046.2
2025-04-08 06:00:00+00:00,136.77,5105.9,1642.53,-654.4
2025-04-08 07:00:00+00:00,91.31,4714.0,2544.5,470.9
2025-04-08 08:00:00+00:00,81.17,4383.65,3178.13,1049.8
2025-04-08 09:00:00+00:00,74.31,4414.8,2487.33,1404.5
2025-04-08 10:00:00+00:00,51.11,4842.48,2863.03,1223.1
2025-04-08 11:00:00+00:00,47.1,4238.65,2179.45,1129.4
2025-04-08 12:00:00+00:00,59.89,4134.15,2148.13,1068.4
2025-04-08 13:00:00+00:00,87.12,4403.0,1975.03,586.1
2025-04-08 14:00:00+00:00,87.15,4783.78,1498.85,-195.5
2025-04-08 15:00:00+00:00,104.04,5234.15,972.33,-1070.5
2025-04-08 16:00:00+00:00,199.99,5819.65,357.63,-2148.1
2025-04-08 17:00:00+00:00,290.07,6022.23,28.78,-2864.4
2025-04-08 18:00:00+00:00,263.95,6036.8,0.0,-2787.0
2025-04-08 19:00:00+00:00,157.59,5726.13,0.0,-2067.7
2025-04-08 20:00:00+00:00,124.37,5414.15,0.0,-1693.2
2025-04-08 21:00:00+00:00,111.05,5356.43,0.0,-1642.4
2025-04-08 22:00:00+00:00,114.97,4995.45,0.0,-1558.5
2025-04-08 23:00:00+00:00,106.88,4655.2,0.0,-1267.8
2025-04-09 00:00:00+00:00,104.24,4469.53,0.0,-1192.2
2025-04-09 01:00:00+00:00,102.84,4481.2,0.0,-1177.6
2025-04-09 02:00:00+00:00,104.68,4619.28,0.0,-1224.0
2025-04-09 03:00:00+00:00,124.51,5010.85,0.0,-1565.8
2025-04-09 04:00:00+00:00,164.01,5767.48,137.2,-2396.8
2025-04-09 05:00:00+00:00,178.55,5781.33,738.08,-1842.6
2025-04-09 06:00:00+00:00,131.6,5248.65,1692.68,-449.6
2025-04-09 07:00:00+00:00,101.08,4868.53,2688.63,624.1
2025-04-09 08:00:00+00:00,85.34,4852.55,3464.83,951.5
2025-04-09 09:00:00+00:00,64.95,4904.4,3601.48,1277.3
2025-04-09 10:00:00+00:00,15.16,4980.83,3070.2,1080.5
2025-04-09 11:00:00+00:00,17.86,4653.48,2600.85,789.1
2025-04-09 12:00:00+00:00,44.11,4532.8,3458.0,266.2
2025-04-09 13:00:00+00:00,67.34,4665.7,2767.73,-222.0
2025-04-09 14:00:00+00:00,86.7,4996.45,1993.68,-961.8
2025-04-09 15:00:00+00:00,110.0,5361.43,1180.1,-1690.8
2025-04-09 16:00:00+00:00,136.92,5725.33,345.43,-3300.8
2025-04-09 17:00:00+00:00,220.06,6098.75,28.18,-3582.8
2025-04-09 18:00:00+00:00,281.12,6133.4,0.0,-3410.1
2025-04-09 19:00:00+00:00,235.32,5798.28,0.0,-2798.8
2025-04-09 20:00:00+00:00,119.49,5501.05,0.0,-2518.5
2025-04-09 21:00:00+00:00,112.49,5413.05,0.0,-2391.2
2025-04-09 22:00:00+00:00,101.49,5131.23,0.0,-2132.4
2025-04-09 23:00:00+00:00,94.19,4793.23,0.0,-1859.2
2025-04-10 00:00:00+00:00,93.33,4617.83,0.0,-1702.1
2025-04-10 01:00:00+00:00,92.64,4599.33,0.0,-1601.9
2025-04-10 02:00:00+00:00,96.57,4710.05,0.0,-1574.1
2025-04-10 03:00:00+00:00,107.16,5118.63,0.0,-1904.2
2025-04-10 04:00:00+00:00,150.95,5775.93,85.18,-2564.5
2025-04-10 05:00:00+00:00,176.9,5765.7,287.45,-2314.2
2025-04-10 06:00:00+00:00,138.01,5474.08,934.75,-1139.6
2025-04-10 07:00:00+00:00,104.11,5091.75,1966.78,28.8
2025-04-10 08:00:00+00:00,89.51,4844.05,2621.45,781.3
2025-04-10 09:00:00+00:00,70.01,4755.88,2955.18,985.2
2025-04-10 10:00:00+00:00,39.9,4292.13,2463.55,1097.8
2025-04-10 11:00:00+00:00,2.49,4726.88,2849.93,1063.5
2025-04-10 12:00:00+00:00,0.09,4919.83,3245.93,477.0
2025-04-10 13:00:00+00:00,2.22,4977.45,2836.4,-506.8
2025-04-10 14:00:00+00:00,68.08,5132.1,2033.0,-971.6
2025-04-10 15:00:00+00:00,83.82,5332.28,1108.28,-1838.1
2025-04-10 16:00:00+00:00,120.25,5682.88,263.18,-3064.4
2025-04-10 17:00:00+00:00,164.95,6072.65,24.6,-3526.6
2025-04-10 18:00:00+00:00,174.03,6141.45,0.0,-3543.6
2025-04-10 19:00:00+00:00,137.61,5824.2,0.0,-3263.8
2025-04-10 20:00:00+00:00,117.35,5527.6,0.0,-2617.8
2025-04-10 21:00:00+00:00,85.05,5406.7,0.0,-2446.2
2025-04-10 22:00:00+00:00,78.6,5123.43,0.0,-2162.9
2025-04-10 23:00:00+00:00,74.8,4827.15,0.0,-2008.4
2025-04-11 00:00:00+00:00,66.95,4689.48,0.0,-1958.5
2025-04-11 01:00:00+00:00,67.93,4665.1,0.0,-1896.8
2025-04-11 02:00:00+00:00,76.44,4794.93,0.0,-1939.8
2025-04-11 03:00:00+00:00,85.63,5130.03,0.0,-2311.3
2025-04-11 04:00:00+00:00,111.56,5619.43,124.73,-2622.2
2025-04-11 05:00:00+00:00,112.0,5717.93,573.7,-2107.1
2025-04-11 06:00:00+00:00,92.66,5230.65,1516.63,-969.0
2025-04-11 07:00:00+00:00,62.57,4755.43,2262.68,-11.7
2025-04-11 08:00:00+00:00,14.76,4380.3,3066.45,712.6
2025-04-11 09:00:00+00:00,0.27,4262.08,3423.58,1190.5
2025-04-11 10:00:00+00:00,-0.05,4222.75,2856.4,1246.9
2025-04-11 11:00:00+00:00,0.17,3914.38,2514.75,1345.0
2025-04-11 12:00:00+00:00,-0.68,3874.18,3453.8,1034.3
2025-04-11 13:00:00+00:00,0.0,4088.68,2792.93,763.2
2025-04-11 14:00:00+00:00,43.31,4483.13,1942.9,-241.9
2025-04-11 15:00:00+00:00,95.99,4947.5,944.13,-1359.3
2025-04-11 16:00:00+00:00,161.07,5449.4,291.4,-2820.7
2025-04-11 17:00:00+00:00,237.96,5812.63,23.23,-3195.0
2025-04-11 18:00:00+00:00,219.73,5855.7,0.0,-3257.7
2025-04-11 19:00:00+00:00,182.27,5557.4,0.0,-2880.9
2025-04-11 20:00:00+00:00,152.21,5290.8,0.0,-2154.5
2025-04-11 21:00:00+00:00,109.69,5219.23,0.0,-2003.2
2025-04-11 22:00:00+00:00,110.85,4818.88,0.0,-1837.8
2025-04-11 23:00:00+00:00,107.52,4442.08,0.0,-1603.7
2025-04-12 00:00:00+00:00,103.81,4292.73,0.0,-1406.4
2025-04-12 01:00:00+00:00,101.77,4226.43,0.0,-1351.6
2025-04-12 02:00:00+00:00,102.66,4247.58,0.0,-1386.8
2025-04-12 03:00:00+00:00,103.88,4296.78,0.0,-1543.0
2025-04-12 04:00:00+00:00,110.96,4492.2,167.08,-1579.3
2025-04-12 05:00:00+00:00,106.08,4627.53,690.53,-1029.1
2025-04-12 06:00:00+00:00,98.27,4581.35,1914.7,509.1
2025-04-12 07:00:00+00:00,68.87,4442.13,2865.08,1680.8
2025-04-12 08:00:00+00:00,20.19,4239.93,3288.68,2431.7
2025-04-12 09:00:00+00:00,0.0,4055.63,3278.95,1623.8
2025-04-12 10:00:00+00:00,-8.0,3859.18,2998.15,1471.3
2025-04-12 11:00:00+00:00,-21.77,3758.78,2213.98,1362.3
2025-04-12 12:00:00+00:00,-34.53,3884.23,3101.7,954.2
2025-04-12 13:00:00+00:00,-9.06,4159.65,2832.88,523.8
2025-04-12 14:00:00+00:00,-0.24,4543.3,2163.75,3.4
2025-04-12 15:00:00+00:00,88.06,4774.55,1189.93,-1124.0
2025-04-12 16:00:00+00:00,122.03,4964.15,357.05,-1891.8
2025-04-12 17:00:00+00:00,209.99,5239.58,32.78,-2573.9
2025-04-12 18:00:00+00:00,225.32,5284.85,0.0,-2604.2
2025-04-12 19:00:00+00:00,169.41,5052.58,0.0,-2298.6
2025-04-12 20:00:00+00:00,145.34,4789.48,0.0,-1959.3
2025-04-12 21:00:00+00:00,116.38,4631.43,0.0,-1875.9
2025-04-12 22:00:00+00:00,109.36,4336.73,0.0,-1515.6
2025-04-12 23:00:00+00:00,87.13,4061.9,0.0,-1314.0
2025-04-13 00:00:00+00:00,65.24,3950.63,0.0,-1302.2
2025-04-13 01:00:00+00:00,64.41,3911.48,0.0,-1322.2
2025-04-13 02:00:00+00:00,67.44,3921.45,0.0,-1315.7
2025-04-13 03:00:00+00:00,69.7,3998.8,0.08,-1456.7
2025-04-13 04:00:00+00:00,61.97,4146.73,195.38,-1432.6
2025-04-13 05:00:00+00:00,27.75,4218.7,830.9,-762.0
2025-04-13 06:00:00+00:00,13.19,4150.68,1897.13,977.2
2025-04-13 07:00:00+00:00,8.43,4029.03,2859.38,2133.1
2025-04-13 08:00:00+00:00,0.0,3910.38,3501.78,2879.5
2025-04-13 09:00:00+00:00,-0.02,3804.85,3559.73,3062.7
2025-04-13 10:00:00+00:00,-3.76,3711.85,2884.5,2819.3
2025-04-13 11:00:00+00:00,-18.84,3533.5,3069.45,2506.7
2025-04-13 12:00:00+00:00,-25.38,3542.35,2681.2,1989.8
2025-04-13 13:00:00+00:00,-9.93,3698.0,1977.58,1405.8
2025-04-13 14:00:00+00:00,-0.01,4093.35,1305.63,251.4
2025-04-13 15:00:00+00:00,64.84,4467.43,556.85,-968.8
2025-04-13 16:00:00+00:00,108.13,4844.5,165.5,-1963.1
2025-04-13 17:00:00+00:00,158.82,5215.05,12.15,-2668.3
2025-04-13 18:00:00+00:00,126.68,5369.63,0.0,-2800.6
2025-04-13 19:00:00+00:00,166.6,5131.83,0.0,-2472.3
2025-04-13 20:00:00+00:00,106.29,4848.08,0.0,-2066.0
2025-04-13 21:00:00+00:00,98.11,4657.85,0.0,-1869.2
2025-04-13 22:00:00+00:00,91.42,4371.75,0.0,-1397.0
2025-04-13 23:00:00+00:00,86.23,4109.08,0.0,-1219.9
2025-04-14 00:00:00+00:00,85.49,3985.83,0.0,-1140.1
2025-04-14 01:00:00+00:00,85.82,3971.03,0.0,-1099.1
2025-04-14 02:00:00+00:00,88.58,4122.0,0.0,-1150.1
2025-04-14 03:00:00+00:00,104.16,4545.63,0.0,-1487.6
2025-04-14 04:00:00+00:00,124.5,5262.58,61.1,-2174.1
2025-04-14 05:00:00+00:00,153.49,5410.8,299.85,-2013.3
2025-04-14 06:00:00+00:00,144.17,4986.4,883.85,-1005.7
2025-04-14 07:00:00+00:00,112.15,4543.08,1269.45,-230.6
2025-04-14 08:00:00+00:00,104.0,4167.28,1557.78,161.2
2025-04-14 09:00:00+00:00,102.24,4062.3,1036.13,161.8
2025-04-14 10:00:00+00:00,97.92,3978.85,902.6,309.4
2025-04-14 11:00:00+00:00,88.41,3738.08,1155.95,641.7
2025-04-14 12:00:00+00:00,79.68,3811.65,1002.78,89.1
2025-04-14 13:00:00+00:00,89.6,4154.0,971.83,-130.4
2025-04-14 14:00:00+00:00,108.44,4570.63,740.98,-497.6
2025-04-14 15:00:00+00:00,114.21,5034.63,379.0,-1373.1
2025-04-14 16:00:00+00:00,145.76,5395.7,164.1,-2463.8
2025-04-14 17:00:00+00:00,187.4,5751.18,18.1,-3053.4
2025-04-14 18:00:00+00:00,171.82,5824.75,0.0,-3015.3
2025-04-14 19:00:00+00:00,115.95,5512.18,0.0,-2783.1
2025-04-14 20:00:00+00:00,95.81,5148.2,0.0,-2272.9
2025-04-14 21:00:00+00:00,84.49,5064.63,0.0,-2236.8
2025-04-14 22:00:00+00:00,83.28,4854.65,0.0,-2124.5
2025-04-14 23:00:00+00:00,81.67,4496.2,0.0,-1939.4
2025-04-15 00:00:00+00:00,75.11,4305.65,0.0,-1872.7
2025-04-15 01:00:00+00:00,73.24,4279.05,0.0,-1854.5
2025-04-15 02:00:00+00:00,75.65,4406.45,0.0,-1916.2
2025-04-15 03:00:00+00:00,97.75,4737.63,0.03,-2217.9
2025-04-15 04:00:00+00:00,116.0,5294.35,14.43,-2685.9
2025-04-15 05:00:00+00:00,126.07,5518.95,107.53,-2692.1
2025-04-15 06:00:00+00:00,111.71,5107.83,311.4,-1963.9
2025-04-15 07:00:00+00:00,117.22,4676.45,480.08,-1197.6
2025-04-15 08:00:00+00:00,100.98,4313.65,801.9,2.3
2025-04-15 09:00:00+00:00,99.0,4374.3,801.68,43.0
2025-04-15 10:00:00+00:00,102.3,4902.53,861.58,362.2
2025-04-15 11:00:00+00:00,96.73,3749.5,1403.9,443.6
2025-04-15 12:00:00+00:00,97.37,3871.95,1211.4,291.0
2025-04-15 13:00:00+00:00,104.58,4203.6,1117.6,-159.7
2025-04-15 14:00:00+00:00,112.95,4609.0,733.98,-668.0
2025-04-15 15:00:00+00:00,109.5,5110.9,311.2,-1737.6
2025-04-15 16:00:00+00:00,111.3,5533.03,148.7,-3152.1
2025-04-15 17:00:00+00:00,150.31,5769.73,20.18,-3827.1
2025-04-15 18:00:00+00:00,152.6,5827.23,0.0,-3869.5
2025-04-15 19:00:00+00:00,115.74,5508.33,0.0,-3309.2
2025-04-15 20:00:00+00:00,111.7,5146.9,0.0,-2482.1
2025-04-15 21:00:00+00:00,102.44,5058.43,0.0,-2326.5
2025-04-15 22:00:00+00:00,91.44,4721.78,0.0,-1895.0
2025-04-15 23:00:00+00:00,86.06,4350.15,0.0,-1688.7
2025-04-16 00:00:00+00:00,86.23,4177.6,0.0,-1543.6
2025-04-16 01:00:00+00:00,86.93,4176.58,0.0,-1556.6
2025-04-16 02:00:00+00:00,95.0,4310.18,0.0,-1527.2
2025-04-16 03:00:00+00:00,105.48,4667.48,0.28,-1901.0
2025-04-16 04:00:00+00:00,126.36,5303.8,223.6,-2075.2
2025-04-16 05:00:00+00:00,135.59,5540.75,860.6,-1893.0
2025-04-16 06:00:00+00:00,109.94,5269.03,1932.83,-1384.1
2025-04-16 07:00:00+00:00,49.39,5024.53,2948.38,-971.5
2025-04-16 08:00:00+00:00,0.0,4878.75,3720.13,-820.0
2025-04-16 09:00:00+00:00,-3.9,5006.9,3584.88,-973.2
2025-04-16 10:00:00+00:00,-1.0,5237.63,3568.0,-1055.9
2025-04-16 11:00:00+00:00,-2.41,4767.7,3580.95,-833.9
2025-04-16 12:00:00+00:00,-2.31,4704.23,3914.5,-1011.5
2025-04-16 13:00:00+00:00,8.61,4865.15,3287.63,-1084.8
2025-04-16 14:00:00+00:00,63.66,5100.35,2322.95,-1427.6
2025-04-16 15:00:00+00:00,96.19,5368.15,1169.23,-1989.7
2025-04-16 16:00:00+00:00,118.4,5609.58,354.43,-2740.4
2025-04-16 17:00:00+00:00,165.24,5796.83,42.55,-2716.7
2025-04-16 18:00:00+00:00,167.3,5797.9,0.0,-2557.2
2025-04-16 19:00:00+00:00,122.58,5449.7,0.0,-2497.9
2025-04-16 20:00:00+00:00,110.45,5140.38,0.0,-2165.7
2025-04-16 21:00:00+00:00,98.59,5030.85,0.0,-2213.6
2025-04-16 22:00:00+00:00,91.38,4683.25,0.0,-1711.0
2025-04-16 23:00:00+00:00,86.2,4375.85,0.0,-1547.6
2025-04-17 00:00:00+00:00,84.66,4202.7,0.0,-1399.3
2025-04-17 01:00:00+00:00,83.8,4179.78,0.0,-1366.4
2025-04-17 02:00:00+00:00,85.49,4301.3,0.0,-1498.4
2025-04-17 03:00:00+00:00,92.24,4621.6,0.58,-1917.1
2025-04-17 04:00:00+00:00,110.49,5097.7,181.08,-2144.0
2025-04-17 05:00:00+00:00,123.42,5345.63,624.58,-1906.3
2025-04-17 06:00:00+00:00,123.5,5556.73,1374.55,-1020.2
2025-04-17 07:00:00+00:00,78.31,5508.65,2383.93,-7.7
2025-04-17 08:00:00+00:00,41.95,5460.88,3166.33,154.9
2025-04-17 09:00:00+00:00,14.39,5071.18,3084.08,251.0
2025-04-17 10:00:00+00:00,9.9,3989.25,2589.83,136.2
2025-04-17 11:00:00+00:00,5.83,4700.23,2620.25,499.2
2025-04-17 12:00:00+00:00,12.13,4907.98,2772.68,109.6
2025-04-17 13:00:00+00:00,73.18,5095.85,1882.65,-377.1
2025-04-17 14:00:00+00:00,89.22,5285.25,1332.38,-1373.6
2025-04-17 15:00:00+00:00,101.58,5349.23,621.25,-1860.1
2025-04-17 16:00:00+00:00,115.61,5205.2,222.13,-2725.2
2025-04-17 17:00:00+00:00,134.19,5648.88,21.3,-2731.2
2025-04-17 18:00:00+00:00,125.29,5762.03,0.0,-2705.1
2025-04-17 19:00:00+00:00,113.97,5423.2,0.0,-2463.2
2025-04-17 20:00:00+00:00,98.9,5120.23,0.0,-2101.8
2025-04-17 21:00:00+00:00,96.86,4983.05,0.0,-2084.1
2025-04-17 22:00:00+00:00,90.14,4629.08,0.0,-1831.1
2025-04-17 23:00:00+00:00,81.45,4302.83,0.0,-1605.7
2025-04-18 00:00:00+00:00,78.39,4089.75,0.0,-1460.1
2025-04-18 01:00:00+00:00,77.94,4016.28,0.0,-1422.9
2025-04-18 02:00:00+00:00,78.73,4044.28,0.0,-1577.1
2025-04-18 03:00:00+00:00,78.24,4075.68,0.38,-1809.6
2025-04-18 04:00:00+00:00,80.59,4054.45,53.4,-1805.9
2025-04-18 05:00:00+00:00,85.86,4218.28,315.58,-1873.0
2025-04-18 06:00:00+00:00,87.19,4079.0,618.08,-1523.3
2025-04-18 07:00:00+00:00,90.42,3914.75,958.6,-446.5
2025-04-18 08:00:00+00:00,90.86,3725.93,1117.33,446.6
2025-04-18 09:00:00+00:00,89.34,3709.45,1237.53,-39.4
2025-04-18 10:00:00+00:00,80.41,4041.2,1333.43,-127.4
2025-04-18 11:00:00+00:00,70.86,3385.2,1494.5,-1.2
2025-04-18 12:00:00+00:00,68.15,3289.78,1287.48,-34.3
2025-04-18 13:00:00+00:00,70.43,3530.25,1516.75,154.8
2025-04-18 14:00:00+00:00,79.51,3903.5,1380.65,-313.3
2025-04-18 15:00:00+00:00,94.04,4355.83,838.88,-1163.0
2025-04-18 16:00:00+00:00,108.28,4666.73,304.98,-2026.7
2025-04-18 17:00:00+00:00,128.95,4904.18,38.75,-2235.1
2025-04-18 18:00:00+00:00,139.12,5127.83,0.0,-2166.3
2025-04-18 19:00:00+00:00,120.37,4957.68,0.0,-2133.9
2025-04-18 20:00:00+00:00,110.91,4730.23,0.0,-1723.3
2025-04-18 21:00:00+00:00,103.7,4556.18,0.0,-1622.2
2025-04-18 22:00:00+00:00,93.62,4376.25,0.0,-1709.1
2025-04-18 23:00:00+00:00,83.57,4073.48,0.0,-1336.8
2025-04-19 00:00:00+00:00,88.14,3872.15,0.0,-1196.3
2025-04-19 01:00:00+00:00,86.28,3814.58,0.0,-1181.2
2025-04-19 02:00:00+00:00,88.74,3843.5,0.0,-1216.3
2025-04-19 03:00:00+00:00,95.08,3954.1,1.88,-1316.8
2025-04-19 04:00:00+00:00,99.78,4053.0,244.5,-1060.6
2025-04-19 05:00:00+00:00,96.14,4037.28,883.13,-86.6
2025-04-19 06:00:00+00:00,82.3,3821.78,2111.63,1446.6
2025-04-19 07:00:00+00:00,54.25,3622.35,3064.33,2486.1
2025-04-19 08:00:00+00:00,15.33,3396.5,3580.33,3144.0
2025-04-19 09:00:00+00:00,4.54,3283.88,3837.35,3254.7
2025-04-19 10:00:00+00:00,0.0,3168.45,3337.55,3176.5
2025-04-19 11:00:00+00:00,-2.57,3022.05,3000.08,3066.4
2025-04-19 12:00:00+00:00,-6.21,3135.6,2893.45,2443.1
2025-04-19 13:00:00+00:00,-0.74,3353.45,2602.25,1857.2
2025-04-19 14:00:00+00:00,0.2,3751.83,2065.73,1052.8
2025-04-19 15:00:00+00:00,69.15,4199.53,1168.28,-363.8
2025-04-19 16:00:00+00:00,109.34,4454.25,365.73,-1442.0
2025-04-19 17:00:00+00:00,136.88,4830.13,47.25,-2273.9
2025-04-19 18:00:00+00:00,178.56,5023.93,0.0,-2254.2
2025-04-19 19:00:00+00:00,136.0,4829.93,0.0,-2350.2
2025-04-19 20:00:00+00:00,118.32,4576.35,0.0,-1884.8
2025-04-19 21:00:00+00:00,100.47,4385.75,0.0,-1647.4
2025-04-19 22:00:00+00:00,102.33,4102.28,0.0,-1145.7
2025-04-19 23:00:00+00:00,98.19,3801.58,0.0,-883.7
2025-04-20 00:00:00+00:00,96.35,3695.78,0.0,-854.9
2025-04-20 01:00:00+00:00,98.93,3663.98,0.0,-895.9
2025-04-20 02:00:00+00:00,98.42,3655.53,0.0,-877.1
2025-04-20 03:00:00+00:00,98.4,3693.88,2.55,-969.6
2025-04-20 04:00:00+00:00,99.0,3675.83,228.35,-806.2
2025-04-20 05:00:00+00:00,82.2,3630.05,894.15,101.1
2025-04-20 06:00:00+00:00,61.59,3467.83,2036.3,1516.8
2025-04-20 07:00:00+00:00,0.87,3281.83,2887.7,2788.4
2025-04-20 08:00:00+00:00,-1.03,3162.75,3485.33,3112.8
2025-04-20 09:00:00+00:00,-40.6,3050.73,3580.15,3164.3
2025-04-20 10:00:00+00:00,-102.07,2892.75,2896.08,3165.3
2025-04-20 11:00:00+00:00,-101.64,2854.9,3020.58,3271.0
2025-04-20 12:00:00+00:00,-64.6,3078.15,3401.0,2766.6
2025-04-20 13:00:00+00:00,-8.66,3462.28,2920.85,2018.7
2025-04-20 14:00:00+00:00,0.0,3819.55,2049.25,1195.4
2025-04-20 15:00:00+00:00,65.82,4136.48,1145.33,-158.3
2025-04-20 16:00:00+00:00,107.16,4286.6,297.55,-1319.6
2025-04-20 17:00:00+00:00,114.18,4560.1,44.63,-2169.8
2025-04-20 18:00:00+00:00,139.88,4752.63,0.0,-2232.9
2025-04-20 19:00:00+00:00,131.01,4561.55,0.0,-2064.2
2025-04-20 20:00:00+00:00,121.54,4315.0,0.0,-1616.7
2025-04-20 21:00:00+00:00,111.17,4127.35,0.0,-1415.1
2025-04-20 22:00:00+00:00,107.39,3655.28,0.0,-793.2
2025-04-20 23:00:00+00:00,99.41,3378.2,0.0,-596.0
2025-04-21 00:00:00+00:00,95.24,3266.65,0.0,-492.4
2025-04-21 01:00:00+00:00,95.13,3201.25,0.0,-438.5
2025-04-21 02:00:00+00:00,98.48,3171.53,0.0,-508.2
2025-04-21 03:00:00+00:00,98.02,3137.3,3.38,-720.2
2025-04-21 04:00:00+00:00,94.63,2936.38,244.45,-883.0
2025-04-21 05:00:00+00:00,88.0,3116.98,903.13,-862.7
2025-04-21 06:00:00+00:00,75.75,3345.13,1998.33,-487.9
2025-04-21 07:00:00+00:00,12.08,3410.8,2907.6,174.1
2025-04-21 08:00:00+00:00,0.0,3413.83,3559.58,603.2
2025-04-21 09:00:00+00:00,-0.57,3458.63,3890.05,773.2
2025-04-21 10:00:00+00:00,-30.09,3457.53,3216.48,622.4
2025-04-21 11:00:00+00:00,-37.3,3083.55,3402.58,1200.2
2025-04-21 12:00:00+00:00,-5.01,3177.83,3694.0,855.4
2025-04-21 13:00:00+00:00,9.34,3190.88,3031.0,497.5
2025-04-21 14:00:00+00:00,45.57,3296.75,2163.85,-265.8
2025-04-21 15:00:00+00:00,80.7,3667.9,1270.05,-918.0
2025-04-21 16:00:00+00:00,100.56,3934.3,400.18,-1936.8
2025-04-21 17:00:00+00:00,121.18,4267.58,56.1,-2673.9
2025-04-21 18:00:00+00:00,139.23,4452.03,0.0,-2558.6
2025-04-21 19:00:00+00:00,132.1,4223.13,0.0,-1409.0
2025-04-21 20:00:00+00:00,122.77,3939.93,0.0,-875.8
2025-04-21 21:00:00+00:00,106.5,3788.23,0.0,-762.1
2025-04-21 22:00:00+00:00,96.92,4389.1,0.0,-954.2
2025-04-21 23:00:00+00:00,89.54,4070.18,0.0,-773.0
2025-04-22 00:00:00+00:00,88.27,3917.95,0.0,-623.6
2025-04-22 01:00:00+00:00,85.74,3874.33,0.0,-527.6
2025-04-22 02:00:00+00:00,85.29,3935.9,0.0,-623.1
2025-04-22 03:00:00+00:00,99.38,4177.63,4.78,-804.8
2025-04-22 04:00:00+00:00,123.72,4807.2,260.7,-1111.3
2025-04-22 05:00:00+00:00,151.66,4817.03,899.1,-819.8
2025-04-22 06:00:00+00:00,139.97,4816.05,1978.25,-106.6
2025-04-22 07:00:00+00:00,103.42,4904.15,2960.8,662.9
2025-04-22 08:00:00+00:00,87.68,4972.95,3634.08,1096.2
2025-04-22 09:00:00+00:00,77.48,4835.85,3569.25,880.8
2025-04-22 10:00:00+00:00,75.31,4161.55,3304.13,427.9
2025-04-22 11:00:00+00:00,66.63,4445.8,2935.8,848.9
2025-04-22 12:00:00+00:00,71.72,4619.55,2519.43,734.0
2025-04-22 13:00:00+00:00,78.85,4609.05,2024.7,620.2
2025-04-22 14:00:00+00:00,85.05,4611.58,1454.65,-318.7
2025-04-22 15:00:00+00:00,102.83,4924.78,980.93,-925.7
2025-04-22 16:00:00+00:00,141.99,5234.73,408.88,-1774.4
2025-04-22 17:00:00+00:00,219.84,5399.8,56.28,-2322.5
2025-04-22 18:00:00+00:00,253.92,5414.23,0.0,-2082.1
2025-04-22 19:00:00+00:00,154.73,5078.45,0.0,-1386.2
2025-04-22 20:00:00+00:00,124.45,4744.68,0.0,-1086.7
2025-04-22 21:00:00+00:00,114.61,4672.28,0.0,-1113.1
2025-04-22 22:00:00+00:00,110.21,4470.0,0.0,-960.9
2025-04-22 23:00:00+00:00,101.3,4140.6,0.0,-695.2
2025-04-23 00:00:00+00:00,99.96,3977.3,0.0,-602.8
2025-04-23 01:00:00+00:00,99.73,3947.43,0.0,-540.6
2025-04-23 02:00:00+00:00,103.8,4054.93,0.0,-590.1
2025-04-23 03:00:00+00:00,113.32,4215.23,5.93,-751.9
2025-04-23 04:00:00+00:00,137.45,4448.4,259.55,-606.9
2025-04-23 05:00:00+00:00,144.7,4705.1,836.68,3.5
2025-04-23 06:00:00+00:00,115.49,4741.48,1942.95,1527.2
2025-04-23 07:00:00+00:00,100.18,4628.28,2737.0,2353.6
2025-04-23 08:00:00+00:00,82.7,4453.2,3207.55,2526.0
2025-04-23 09:00:00+00:00,86.33,4220.18,3268.03,2678.8
2025-04-23 10:00:00+00:00,79.16,3733.85,3081.23,2657.2
2025-04-23 11:00:00+00:00,79.48,3876.78,2700.4,2806.9
2025-04-23 12:00:00+00:00,86.62,4101.38,2860.4,2467.3
2025-04-23 13:00:00+00:00,95.62,4324.13,2237.7,2087.8
2025-04-23 14:00:00+00:00,102.13,4502.25,1472.53,934.3
2025-04-23 15:00:00+00:00,111.42,4761.25,865.35,-181.0
2025-04-23 16:00:00+00:00,139.97,5067.5,362.3,-1448.1
2025-04-23 17:00:00+00:00,177.14,5352.8,56.3,-2592.9
2025-04-23 18:00:00+00:00,200.64,5576.03,0.0,-2854.8
2025-04-23 19:00:00+00:00,127.83,5295.58,0.0,-2418.5
2025-04-23 20:00:00+00:00,108.53,4985.85,0.0,-2197.0
2025-04-23 21:00:00+00:00,104.96,4841.3,0.0,-2149.4
2025-04-23 22:00:00+00:00,98.31,3972.88,0.0,-1498.5
2025-04-23 23:00:00+00:00,90.13,3678.05,0.0,-1182.7
2025-04-24 00:00:00+00:00,88.44,3534.98,0.0,-1038.8
2025-04-24 01:00:00+00:00,86.89,3540.18,0.0,-1029.1
2025-04-24 02:00:00+00:00,86.79,3668.7,0.0,-1176.3
2025-04-24 03:00:00+00:00,93.35,4011.03,7.0,-1544.9
2025-04-24 04:00:00+00:00,111.31,4581.08,230.15,-1930.8
2025-04-24 05:00:00+00:00,119.7,4569.38,681.83,-1031.1
2025-04-24 06:00:00+00:00,117.73,4354.8,1451.9,879.5
2025-04-24 07:00:00+00:00,101.91,4098.75,1747.78,1877.9
2025-04-24 08:00:00+00:00,93.13,3881.55,1959.4,2066.3
2025-04-24 09:00:00+00:00,82.74,3747.4,2401.3,2234.6
2025-04-24 10:00:00+00:00,79.75,3614.03,2721.25,2232.0
2025-04-24 11:00:00+00:00,75.91,3511.6,2080.8,1959.0
2025-04-24 12:00:00+00:00,77.81,3501.2,1627.28,1759.4
2025-04-24 13:00:00+00:00,80.87,3711.75,1387.93,1313.9
2025-04-24 14:00:00+00:00,86.41,4063.2,1125.38,248.4
2025-04-24 15:00:00+00:00,100.12,4469.98,639.35,-896.2
2025-04-24 16:00:00+00:00,132.3,4987.58,278.05,-1840.4
2025-04-24 17:00:00+00:00,120.73,5219.98,39.98,-2560.9
2025-04-24 18:00:00+00:00,156.55,5376.83,0.0,-2664.1
2025-04-24 19:00:00+00:00,114.48,5178.45,0.0,-2369.4
2025-04-24 20:00:00+00:00,106.53,4908.53,0.0,-2182.1
2025-04-24 21:00:00+00:00,93.1,4806.7,0.0,-2088.5
2025-04-24 22:00:00+00:00,96.44,4322.6,0.0,-1461.2
2025-04-24 23:00:00+00:00,84.04,4022.28,0.0,-1161.6
2025-04-25 00:00:00+00:00,82.83,3842.03,0.0,-1018.1
2025-04-25 01:00:00+00:00,84.45,3819.1,0.0,-950.7
2025-04-25 02:00:00+00:00,85.89,3920.28,0.0,-1038.3
2025-04-25 03:00:00+00:00,97.81,4169.78,5.95,-1316.1
2025-04-25 04:00:00+00:00,105.41,4554.4,190.03,-1729.4
2025-04-25 05:00:00+00:00,113.39,4586.4,497.1,-1205.6
2025-04-25 06:00:00+00:00,106.21,4238.3,847.63,6.5
2025-04-25 07:00:00+00:00,90.28,3917.18,1321.35,1462.5
2025-04-25 08:00:00+00:00,86.31,3677.83,1887.1,1953.9
2025-04-25 09:00:00+00:00,74.02,3643.25,2255.63,1897.8
2025-04-25 10:00:00+00:00,69.2,3542.38,2269.1,1667.2
2025-04-25 11:00:00+00:00,50.39,3396.7,1870.55,1663.3
2025-04-25 12:00:00+00:00,43.64,3423.18,1796.65,1271.4
2025-04-25 13:00:00+00:00,64.96,3743.03,1548.93,560.6
2025-04-25 14:00:00+00:00,79.73,4133.63,1018.23,-526.3
2025-04-25 15:00:00+00:00,85.62,4564.83,768.08,-1315.3
2025-04-25 16:00:00+00:00,100.57,4936.38,293.15,-2267.5
2025-04-25 17:00:00+00:00,116.61,5131.43,46.1,-2443.2
2025-04-25 18:00:00+00:00,123.22,5212.8,0.0,-2679.0
2025-04-25 19:00:00+00:00,109.63,5051.15,0.0,-2507.7
2025-04-25 20:00:00+00:00,100.37,4834.28,0.0,-2154.1
2025-04-25 21:00:00+00:00,92.09,4767.6,0.0,-1902.8
2025-04-25 22:00:00+00:00,110.75,4374.5,0.0,-1127.1
2025-04-25 23:00:00+00:00,94.0,3990.73,0.0,-918.0
2025-04-26 00:00:00+00:00,93.22,3797.55,0.0,-833.0
2025-04-26 01:00:00+00:00,91.6,3746.28,0.0,-805.7
2025-04-26 02:00:00+00:00,90.93,3774.3,0.0,-844.7
2025-04-26 03:00:00+00:00,92.53,3858.28,9.65,-922.1
2025-04-26 04:00:00+00:00,94.52,4052.93,183.38,-981.0
2025-04-26 05:00:00+00:00,86.85,4020.3,692.15,-332.7
2025-04-26 06:00:00+00:00,69.93,3865.4,1164.45,665.8
2025-04-26 07:00:00+00:00,34.45,3655.5,1876.8,1559.7
2025-04-26 08:00:00+00:00,2.55,3432.85,2272.0,1844.7
2025-04-26 09:00:00+00:00,-0.01,3389.5,2737.38,2170.1
2025-04-26 10:00:00+00:00,-0.09,3248.65,2534.35,2480.4
2025-04-26 11:00:00+00:00,-4.85,3114.48,2830.78,2583.4
2025-04-26 12:00:00+00:00,-6.89,3227.85,3415.3,2557.1
2025-04-26 13:00:00+00:00,-1.21,3430.05,3062.25,2101.3
2025-04-26 14:00:00+00:00,0.01,3793.53,2377.8,1395.7
2025-04-26 15:00:00+00:00,30.99,4105.9,1235.65,49.2
2025-04-26 16:00:00+00:00,79.5,4462.03,455.48,-1210.5
2025-04-26 17:00:00+00:00,100.44,4771.7,76.03,-1934.7
2025-04-26 18:00:00+00:00,118.13,5011.65,0.0,-2288.9
2025-04-26 19:00:00+00:00,95.63,4828.68,0.0,-2036.7
2025-04-26 20:00:00+00:00,86.06,4534.58,0.0,-1717.9
2025-04-26 21:00:00+00:00,73.52,4412.35,0.0,-1707.9
2025-04-26 22:00:00+00:00,69.45,4126.1,0.0,-1423.4
2025-04-26 23:00:00+00:00,61.82,3744.98,0.0,-1234.8
2025-04-27 00:00:00+00:00,58.06,3564.98,0.0,-1250.4
2025-04-27 01:00:00+00:00,58.78,3580.45,0.0,-1242.7
2025-04-27 02:00:00+00:00,64.28,3614.5,0.0,-1285.6
2025-04-27 03:00:00+00:00,67.4,3665.8,15.08,-1298.1
2025-04-27 04:00:00+00:00,67.01,3869.75,364.68,-1110.8
2025-04-27 05:00:00+00:00,62.59,3765.85,1091.9,-303.0
2025-04-27 06:00:00+00:00,35.04,3655.58,2218.33,778.5
2025-04-27 07:00:00+00:00,0.04,3513.15,3244.95,1840.9
2025-04-27 08:00:00+00:00,-3.0,3314.05,3933.9,2480.6
2025-04-27 09:00:00+00:00,-32.42,3235.7,4225.65,2732.3
2025-04-27 10:00:00+00:00,-94.99,3102.28,3354.55,2811.9
2025-04-27 11:00:00+00:00,-124.63,2854.35,3553.98,2855.3
2025-04-27 12:00:00+00:00,-117.68,2927.68,4036.68,2851.9
2025-04-27 13:00:00+00:00,-53.2,3185.0,3436.23,2160.0
2025-04-27 14:00:00+00:00,-5.17,3586.25,2500.18,1428.9
2025-04-27 15:00:00+00:00,18.35,3975.35,1439.4,131.5
2025-04-27 16:00:00+00:00,93.56,4505.73,520.63,-1359.5
2025-04-27 17:00:00+00:00,110.52,4845.1,96.13,-2196.3
2025-04-27 18:00:00+00:00,124.8,5058.8,0.0,-2530.2
2025-04-27 19:00:00+00:00,108.8,4900.6,0.0,-2299.9
2025-04-27 20:00:00+00:00,99.0,4614.88,0.0,-1961.1
2025-04-27 21:00:00+00:00,93.95,4428.95,0.0,-1849.6
2025-04-27 22:00:00+00:00,93.4,4042.5,0.0,-1460.6
2025-04-27 23:00:00+00:00,87.8,3797.2,0.0,-1184.9
2025-04-28 00:00:00+00:00,83.57,3668.63,0.0,-1104.4
2025-04-28 01:00:00+00:00,86.55,3659.45,0.0,-1055.3
2025-04-28 02:00:00+00:00,92.09,3799.33,0.0,-1108.5
2025-04-28 03:00:00+00:00,100.3,4092.58,16.13,-1309.5
2025-04-28 04:00:00+00:00,139.77,4617.25,330.58,-1442.8
2025-04-28 05:00:00+00:00,131.09,4778.98,981.65,-952.4
2025-04-28 06:00:00+00:00,95.32,4750.55,2151.03,50.3
2025-04-28 07:00:00+00:00,67.37,4686.63,3065.48,1223.8
2025-04-28 08:00:00+00:00,9.41,4562.7,3660.78,1514.9
2025-04-28 09:00:00+00:00,-0.01,4505.7,3868.13,1434.2
2025-04-28 10:00:00+00:00,-3.5,4479.93,3172.63,961.8
2025-04-28 11:00:00+00:00,-5.9,4263.25,2840.18,514.5
2025-04-28 12:00:00+00:00,-6.18,4200.35,3366.35,-86.0
2025-04-28 13:00:00+00:00,-1.54,4335.28,2822.03,-390.8
2025-04-28 14:00:00+00:00,2.11,4562.7,2193.4,-827.9
2025-04-28 15:00:00+00:00,73.08,4830.35,1277.13,-1279.3
2025-04-28 16:00:00+00:00,110.37,5099.98,493.85,-2083.7
2025-04-28 17:00:00+00:00,153.46,5369.8,94.33,-2565.3
2025-04-28 18:00:00+00:00,198.46,5448.75,0.0,-2676.6
2025-04-28 19:00:00+00:00,129.31,5226.03,0.0,-2211.2
2025-04-28 20:00:00+00:00,106.14,4980.08,0.0,-1959.5
2025-04-28 21:00:00+00:00,96.96,4874.55,0.0,-1918.3
2025-04-28 22:00:00+00:00,92.1,4463.25,0.0,-1589.7
2025-04-28 23:00:00+00:00,88.14,4149.33,0.0,-1290.3
2025-04-29 00:00:00+00:00,83.27,3987.6,0.0,-1198.0
2025-04-29 01:00:00+00:00,80.96,3968.15,0.0,-1172.1
2025-04-29 02:00:00+00:00,82.03,4086.6,0.0,-1243.2
2025-04-29 03:00:00+00:00,91.63,4317.53,21.15,-1418.5
2025-04-29 04:00:00+00:00,106.99,4712.3,372.48,-1644.4
2025-04-29 05:00:00+00:00,112.98,4752.45,1052.05,-1001.0
2025-04-29 06:00:00+00:00,92.89,4778.65,2104.93,216.4
2025-04-29 07:00:00+00:00,54.85,4691.45,3157.73,1384.3
2025-04-29 08:00:00+00:00,0.01,4592.48,3537.38,1496.0
2025-04-29 09:00:00+00:00,0.0,4347.75,3687.25,1127.5
2025-04-29 10:00:00+00:00,-0.76,3756.28,3585.8,722.1
2025-04-29 11:00:00+00:00,-1.9,4118.5,2756.83,443.1
2025-04-29 12:00:00+00:00,-1.76,4214.83,2892.5,80.9
2025-04-29 13:00:00+00:00,0.0,4348.23,2509.53,-68.5
2025-04-29 14:00:00+00:00,15.0,4574.88,1963.78,-692.4
2025-04-29 15:00:00+00:00,78.08,4785.1,1200.78,-1288.4
2025-04-29 16:00:00+00:00,102.0,4999.48,538.35,-2222.2
2025-04-29 17:00:00+00:00,140.51,5352.23,113.3,-2513.3
2025-04-29 18:00:00+00:00,178.53,5469.8,0.0,-2980.3
2025-04-29 19:00:00+00:00,130.64,5246.23,0.0,-2398.4
2025-04-29 20:00:00+00:00,109.71,5010.18,0.0,-2021.1
2025-04-29 21:00:00+00:00,98.64,4895.58,0.0,-1927.6
2025-04-29 22:00:00+00:00,95.0,4430.35,0.0,-1296.5
2025-04-29 23:00:00+00:00,90.07,4112.08,0.0,-1018.4
2025-04-30 00:00:00+00:00,89.0,3973.1,0.0,-881.6
2025-04-30 01:00:00+00:00,89.55,3955.25,0.0,-891.9
2025-04-30 02:00:00+00:00,93.09,4068.65,0.0,-970.9
2025-04-30 03:00:00+00:00,97.0,4302.7,19.98,-1119.0
2025-04-30 04:00:00+00:00,115.04,4721.95,324.83,-1554.6
2025-04-30 05:00:00+00:00,120.31,4629.28,1051.6,-224.9
2025-04-30 06:00:00+00:00,89.57,4299.73,1773.08,1298.9
2025-04-30 07:00:00+00:00,61.91,4050.65,2649.48,2556.0
2025-04-30 08:00:00+00:00,7.08,3867.13,3204.25,3007.6
2025-04-30 09:00:00+00:00,0.0,3780.35,3288.88,3033.8
2025-04-30 10:00:00+00:00,-1.0,3756.93,3078.65,2837.5
2025-04-30 11:00:00+00:00,-6.21,3625.78,2978.35,3025.1
2025-04-30 12:00:00+00:00,-3.0,3687.25,3050.6,2677.8
2025-04-30 13:00:00+00:00,-0.02,3918.95,2529.53,1828.0
2025-04-30 14:00:00+00:00,20.15,4062.98,1827.75,1203.5
2025-04-30 15:00:00+00:00,79.98,4400.18,1171.73,-125.4
2025-04-30 16:00:00+00:00,103.79,4837.13,441.0,-1767.4
2025-04-30 17:00:00+00:00,134.01,5164.58,91.7,-2826.4
2025-04-30 18:00:00+00:00,178.17,5328.55,0.0,-2971.1
2025-04-30 19:00:00+00:00,127.9,5080.25,0.0,-2437.4
2025-04-30 20:00:00+00:00,108.64,4798.68,0.0,-1940.8
2025-04-30 21:00:00+00:00,99.51,4663.85,0.0,-1765.8
2025-04-30 22:00:00+00:00,99.41,4278.78,0.0,-1265.4
2025-04-30 23:00:00+00:00,93.66,3940.35,0.0,-998.6
2025-05-01 00:00:00+00:00,92.09,3742.03,0.0,-907.5
2025-05-01 01:00:00+00:00,92.39,3691.9,0.0,-902.2
2025-05-01 02:00:00+00:00,92.42,3710.33,0.0,-938.8
2025-05-01 03:00:00+00:00,85.59,3592.18,25.73,-878.9
2025-05-01 04:00:00+00:00,82.19,3403.85,357.6,-1062.0
2025-05-01 05:00:00+00:00,72.95,3195.5,1062.33,-131.2
2025-05-01 06:00:00+00:00,56.35,3004.9,2294.55,1301.3
2025-05-01 07:00:00+00:00,0.0,2839.35,3231.85,2192.1
2025-05-01 08:00:00+00:00,-3.0,2732.5,3804.18,3364.6
2025-05-01 09:00:00+00:00,-40.1,2712.18,3897.83,3139.3
2025-05-01 10:00:00+00:00,-79.55,2517.13,3294.75,2965.4
2025-05-01 11:00:00+00:00,-129.07,2385.3,3339.4,3207.7
2025-05-01 12:00:00+00:00,-119.46,2415.23,3513.1,3183.5
2025-05-01 13:00:00+00:00,-49.99,2626.45,3010.5,2789.2
2025-05-01 14:00:00+00:00,-5.17,2982.68,2228.85,1701.3
2025-05-01 15:00:00+00:00,37.97,3475.5,1313.63,-58.5
2025-05-01 16:00:00+00:00,97.31,4063.85,518.85,-1488.7
2025-05-01 17:00:00+00:00,129.78,4444.73,105.58,-2541.2
2025-05-01 18:00:00+00:00,164.03,4717.15,0.0,-2778.8
2025-05-01 19:00:00+00:00,121.36,4560.23,0.0,-2417.3
2025-05-01 20:00:00+00:00,100.09,4322.23,0.0,-1941.0
2025-05-01 21:00:00+00:00,86.52,4136.88,0.0,-1753.8
2025-05-01 22:00:00+00:00,88.69,3944.4,0.0,-1531.5
2025-05-01 23:00:00+00:00,73.33,3639.85,0.0,-1351.6
2025-05-02 00:00:00+00:00,63.14,3532.13,0.0,-1342.1
2025-05-02 01:00:00+00:00,62.46,3538.3,0.0,-1361.8
2025-05-02 02:00:00+00:00,66.23,3818.75,0.0,-1497.2
2025-05-02 03:00:00+00:00,76.37,3782.98,28.45,-1362.6
2025-05-02 04:00:00+00:00,87.66,3794.55,400.55,-1328.9
2025-05-02 05:00:00+00:00,80.93,3637.75,1117.68,-277.1
2025-05-02 06:00:00+00:00,73.72,3392.65,2147.35,1204.3
2025-05-02 07:00:00+00:00,23.08,3201.65,3055.55,2340.0
2025-05-02 08:00:00+00:00,0.85,3042.53,3681.43,3352.0
2025-05-02 09:00:00+00:00,-0.01,2981.65,4020.85,3569.8
2025-05-02 10:00:00+00:00,-0.8,2949.65,3545.1,3433.1
2025-05-02 11:00:00+00:00,-3.0,2745.83,3421.8,3645.1
2025-05-02 12:00:00+00:00,-4.0,2776.03,3580.78,3557.1
2025-05-02 13:00:00+00:00,-0.08,2956.23,3099.1,2908.8
2025-05-02 14:00:00+00:00,0.3,3428.68,2363.05,1757.2
2025-05-02 15:00:00+00:00,69.63,3833.18,1366.85,80.5
2025-05-02 16:00:00+00:00,102.21,4253.88,456.1,-1585.9
2025-05-02 17:00:00+00:00,124.52,4571.68,99.6,-2483.4
2025-05-02 18:00:00+00:00,149.17,4817.05,0.0,-2665.6
2025-05-02 19:00:00+00:00,122.96,4693.23,0.0,-2350.4
2025-05-02 20:00:00+00:00,108.51,4509.2,0.0,-2019.8
2025-05-02 21:00:00+00:00,98.28,4304.13,0.0,-1806.6
2025-05-02 22:00:00+00:00,99.29,4441.05,0.0,-2014.1
2025-05-02 23:00:00+00:00,94.96,4159.78,0.0,-1664.6
2025-05-03 00:00:00+00:00,93.53,3973.6,0.0,-1453.5
2025-05-03 01:00:00+00:00,91.98,3912.93,0.0,-1408.7
2025-05-03 02:00:00+00:00,89.93,3932.95,0.0,-1406.3
2025-05-03 03:00:00+00:00,90.14,3908.53,30.85,-1347.8
2025-05-03 04:00:00+00:00,89.44,3981.35,349.2,-1141.6
2025-05-03 05:00:00+00:00,84.29,4001.13,990.65,-602.6
2025-05-03 06:00:00+00:00,66.9,3966.3,1922.5,295.1
2025-05-03 07:00:00+00:00,13.53,3998.53,2839.25,994.2
2025-05-03 08:00:00+00:00,0.01,3958.0,3601.5,1238.0
2025-05-03 09:00:00+00:00,-0.01,3899.1,3846.58,1511.1
2025-05-03 10:00:00+00:00,-1.16,3682.03,3110.63,2130.7
2025-05-03 11:00:00+00:00,-3.04,3451.0,3159.43,2390.4
2025-05-03 12:00:00+00:00,-2.69,3334.15,3508.23,2299.4
2025-05-03 13:00:00+00:00,-0.03,3474.58,2995.03,1481.9
2025-05-03 14:00:00+00:00,0.0,3854.63,1935.05,430.8
2025-05-03 15:00:00+00:00,29.41,4273.8,1248.75,-354.1
2025-05-03 16:00:00+00:00,84.28,4658.2,403.7,-1659.8
2025-05-03 17:00:00+00:00,98.44,5015.43,86.38,-2648.2
2025-05-03 18:00:00+00:00,128.69,5229.45,0.0,-2892.5
2025-05-03 19:00:00+00:00,106.99,5073.45,0.0,-2723.1
2025-05-03 20:00:00+00:00,87.09,4775.2,0.0,-2358.9
2025-05-03 21:00:00+00:00,72.02,4533.93,0.0,-2180.1
2025-05-03 22:00:00+00:00,61.44,4074.25,0.0,-1792.7
2025-05-03 23:00:00+00:00,45.78,3846.73,0.0,-1626.9
2025-05-04 00:00:00+00:00,33.74,3596.43,0.0,-1531.3
2025-05-04 01:00:00+00:00,21.26,3540.88,0.0,-1525.4
2025-05-04 02:00:00+00:00,20.29,3563.8,0.0,-1400.7
2025-05-04 03:00:00+00:00,15.58,3546.65,32.68,-1334.0
2025-05-04 04:00:00+00:00,13.62,3551.5,298.08,-1010.7
2025-05-04 05:00:00+00:00,7.83,3508.6,900.03,-375.6
2025-05-04 06:00:00+00:00,2.93,3410.78,1773.73,819.0
2025-05-04 07:00:00+00:00,0.0,3335.78,2650.15,2244.1
2025-05-04 08:00:00+00:00,-0.01,3229.08,3162.53,2685.9
2025-05-04 09:00:00+00:00,-0.01,3127.95,2979.05,2551.1
2025-05-04 10:00:00+00:00,-0.02,2954.75,2338.25,2452.5
2025-05-04 11:00:00+00:00,-2.0,2788.0,2479.25,2463.5
2025-05-04 12:00:00+00:00,-5.01,2795.4,2074.08,2115.3
2025-05-04 13:00:00+00:00,-1.59,3072.65,1775.1,1189.1
2025-05-04 14:00:00+00:00,-0.01,3508.15,1254.55,611.3
2025-05-04 15:00:00+00:00,10.5,3902.25,721.9,-338.6
2025-05-04 16:00:00+00:00,83.29,4406.1,227.9,-1561.6
2025-05-04 17:00:00+00:00,98.76,4751.3,59.73,-2383.3
2025-05-04 18:00:00+00:00,109.07,4983.9,0.0,-2731.8
2025-05-04 19:00:00+00:00,107.21,4819.93,0.0,-2461.7
2025-05-04 20:00:00+00:00,100.27,4512.95,0.0,-1935.7
2025-05-04 21:00:00+00:00,89.55,4274.85,0.0,-1615.7
2025-05-04 22:00:00+00:00,70.27,3878.05,0.0,-1506.3
2025-05-04 23:00:00+00:00,71.67,3586.23,0.0,-1231.9
2025-05-05 00:00:00+00:00,66.44,3451.23,0.0,-1131.8
2025-05-05 01:00:00+00:00,68.69,3408.95,0.0,-1110.7
2025-05-05 02:00:00+00:00,70.59,3351.48,0.0,-1036.5
2025-05-05 03:00:00+00:00,89.13,3709.33,11.83,-1097.4
2025-05-05 04:00:00+00:00,107.14,4341.6,145.83,-1513.3
2025-05-05 05:00:00+00:00,126.42,4402.65,364.55,-1003.7
2025-05-05 06:00:00+00:00,110.74,4193.03,473.43,161.7
2025-05-05 07:00:00+00:00,95.85,3966.9,686.4,1014.3
2025-05-05 08:00:00+00:00,91.47,3766.45,894.03,1564.3
2025-05-05 09:00:00+00:00,73.01,3711.08,1193.08,1708.0
2025-05-05 10:00:00+00:00,61.57,3689.78,1142.43,2297.2
2025-05-05 11:00:00+00:00,58.76,3654.63,1528.08,2516.6
2025-05-05 12:00:00+00:00,58.98,3766.98,1361.88,2043.5
2025-05-05 13:00:00+00:00,69.92,4065.65,1247.1,1540.7
2025-05-05 14:00:00+00:00,105.92,4374.33,968.68,852.3
2025-05-05 15:00:00+00:00,96.27,4702.55,540.1,-491.9
2025-05-05 16:00:00+00:00,113.95,5025.83,213.25,-1778.1
2025-05-05 17:00:00+00:00,138.41,5284.85,43.18,-2491.3
2025-05-05 18:00:00+00:00,298.57,5399.25,0.25,-2720.4
2025-05-05 19:00:00+00:00,129.56,5204.88,0.0,-2425.1
2025-05-05 20:00:00+00:00,108.32,4900.85,0.0,-2022.4
2025-05-05 21:00:00+00:00,98.05,4739.83,0.0,-1893.1
2025-05-05 22:00:00+00:00,85.36,4338.98,0.0,-1697.4
2025-05-05 23:00:00+00:00,79.1,3971.53,0.0,-1152.3
2025-05-06 00:00:00+00:00,76.35,3786.55,0.0,-881.4
2025-05-06 01:00:00+00:00,75.19,3729.6,0.0,-872.1
2025-05-06 02:00:00+00:00,82.5,3647.58,0.0,-866.4
2025-05-06 03:00:00+00:00,95.38,3983.08,9.38,-1044.3
2025-05-06 04:00:00+00:00,111.49,4677.35,86.98,-1451.6
2025-05-06 05:00:00+00:00,121.58,4718.88,335.7,-770.7
2025-05-06 06:00:00+00:00,112.43,4280.18,481.15,521.9
2025-05-06 07:00:00+00:00,90.72,4034.13,711.3,1637.4
2025-05-06 08:00:00+00:00,83.92,3827.5,1095.85,2479.0
2025-05-06 09:00:00+00:00,71.89,4026.58,1073.58,2890.1
2025-05-06 10:00:00+00:00,64.58,4840.18,1146.98,3159.6
2025-05-06 11:00:00+00:00,62.62,3965.3,1700.23,3819.9
2025-05-06 12:00:00+00:00,66.84,3801.28,2016.7,3505.6
2025-05-06 13:00:00+00:00,77.29,4103.08,1709.58,2993.6
2025-05-06 14:00:00+00:00,83.75,4412.4,1129.65,2170.7
2025-05-06 15:00:00+00:00,99.59,4816.03,619.3,106.8
2025-05-06 16:00:00+00:00,118.14,5329.8,228.08,-1680.8
2025-05-06 17:00:00+00:00,163.01,5417.7,59.25,-2426.9
2025-05-06 18:00:00+00:00,160.96,5444.23,0.03,-2754.1
2025-05-06 19:00:00+00:00,132.19,5249.35,0.0,-2376.5
2025-05-06 20:00:00+00:00,111.73,4951.6,0.0,-1820.3
2025-05-06 21:00:00+00:00,100.49,4814.55,0.0,-1653.2
2025-05-06 22:00:00+00:00,96.04,4387.93,0.0,-838.4
2025-05-06 23:00:00+00:00,90.36,4028.13,0.0,-696.7
2025-05-07 00:00:00+00:00,88.54,3863.53,0.0,-523.0
2025-05-07 01:00:00+00:00,90.91,3843.3,0.0,-579.2
2025-05-07 02:00:00+00:00,93.19,3903.45,0.0,-822.6
2025-05-07 03:00:00+00:00,102.76,4198.1,8.68,-1164.1
2025-05-07 04:00:00+00:00,126.6,4866.3,117.43,-1777.3
2025-05-07 05:00:00+00:00,141.14,5033.15,477.73,-2226.6
2025-05-07 06:00:00+00:00,121.54,4918.08,727.45,-1973.5
2025-05-07 07:00:00+00:00,103.0,4900.9,1070.98,-1820.6
2025-05-07 08:00:00+00:00,95.97,4817.05,1311.18,-2109.5
2025-05-07 09:00:00+00:00,84.34,4901.18,1421.95,-2086.1
2025-05-07 10:00:00+00:00,74.4,5023.95,1260.43,-2114.0
2025-05-07 11:00:00+00:00,74.95,4787.8,1458.55,-1896.5
2025-05-07 12:00:00+00:00,77.59,4791.7,1252.33,-2040.5
2025-05-07 13:00:00+00:00,85.63,4907.13,1016.15,-2220.6
2025-05-07 14:00:00+00:00,90.62,4991.78,776.28,-2327.8
2025-05-07 15:00:00+00:00,101.94,5141.43,572.4,-2260.3
2025-05-07 16:00:00+00:00,113.43,5441.28,320.68,-2481.5
2025-05-07 17:00:00+00:00,134.91,5560.2,75.85,-2957.0
2025-05-07 18:00:00+00:00,158.9,5548.88,0.08,-3971.4
2025-05-07 19:00:00+00:00,123.09,5295.83,0.0,-2941.9
2025-05-07 20:00:00+00:00,110.75,5005.7,0.0,-2299.6
2025-05-07 21:00:00+00:00,99.29,4886.05,0.0,-2138.1
2025-05-07 22:00:00+00:00,99.12,4525.15,0.0,-1492.3
2025-05-07 23:00:00+00:00,94.77,4202.25,0.0,-1316.5
2025-05-08 00:00:00+00:00,94.65,4029.83,0.0,-1161.2
2025-05-08 01:00:00+00:00,96.9,4021.78,0.0,-1152.3
2025-05-08 02:00:00+00:00,95.88,4112.38,0.0,-1383.7
2025-05-08 03:00:00+00:00,113.61,4366.63,29.8,-1553.7
2025-05-08 04:00:00+00:00,127.35,4946.73,249.65,-1887.5
2025-05-08 05:00:00+00:00,136.41,5157.15,638.43,-2041.7
2025-05-08 06:00:00+00:00,121.21,5200.3,1208.05,-1803.8
2025-05-08 07:00:00+00:00,104.94,5197.7,1702.95,-1615.8
2025-05-08 08:00:00+00:00,91.88,5122.83,2043.48,-1688.2
2025-05-08 09:00:00+00:00,79.73,5157.65,2077.53,-1348.3
2025-05-08 10:00:00+00:00,67.4,5114.8,1868.85,-1344.8
2025-05-08 11:00:00+00:00,66.78,4931.28,1590.63,-1066.5
2025-05-08 12:00:00+00:00,73.53,4826.43,1425.9,-1044.4
2025-05-08 13:00:00+00:00,83.23,4933.15,1015.58,-1275.3
2025-05-08 14:00:00+00:00,97.8,5043.73,806.98,-1788.8
2025-05-08 15:00:00+00:00,115.02,5199.88,542.4,-1913.3
2025-05-08 16:00:00+00:00,141.84,5488.6,281.0,-2359.9
2025-05-08 17:00:00+00:00,176.09,5635.38,84.75,-2622.6
2025-05-08 18:00:00+00:00,220.86,5669.75,0.08,-3158.4
2025-05-08 19:00:00+00:00,161.08,5435.23,0.0,-2511.6
2025-05-08 20:00:00+00:00,144.0,5158.7,0.0,-2123.4
2025-05-08 21:00:00+00:00,124.94,5009.63,0.0,-1939.9
2025-05-08 22:00:00+00:00,101.41,4678.15,0.0,-1456.8
2025-05-08 23:00:00+00:00,99.38,4355.53,0.0,-1333.3
2025-05-09 00:00:00+00:00,96.45,4189.6,0.0,-1211.4
2025-05-09 01:00:00+00:00,97.78,4164.35,0.0,-1191.1
2025-05-09 02:00:00+00:00,99.91,4286.95,0.0,-1364.4
2025-05-09 03:00:00+00:00,109.46,4469.83,42.4,-1432.0
2025-05-09 04:00:00+00:00,135.29,4964.55,375.58,-1661.6
2025-05-09 05:00:00+00:00,129.95,5172.5,1067.4,-1491.4
2025-05-09 06:00:00+00:00,94.79,5146.38,2199.6,-802.1
2025-05-09 07:00:00+00:00,84.6,5027.63,2910.65,-228.7
2025-05-09 08:00:00+00:00,54.06,4968.3,3370.05,-168.1
2025-05-09 09:00:00+00:00,5.0,4986.18,3447.78,-168.3
2025-05-09 10:00:00+00:00,4.85,4834.68,3001.6,-156.7
2025-05-09 11:00:00+00:00,0.21,4700.75,2813.15,-180.0
2025-05-09 12:00:00+00:00,0.02,4881.88,2433.85,-326.7
2025-05-09 13:00:00+00:00,26.17,4957.18,1887.25,-865.8
2025-05-09 14:00:00+00:00,71.2,5033.9,1371.88,-1325.5
2025-05-09 15:00:00+00:00,93.64,5139.43,826.8,-1810.4
2025-05-09 16:00:00+00:00,123.86,5288.83,510.75,-2438.8
2025-05-09 17:00:00+00:00,162.94,5486.53,148.58,-2875.3
2025-05-09 18:00:00+00:00,186.95,5612.8,0.23,-3269.3
2025-05-09 19:00:00+00:00,151.73,5403.88,0.0,-2711.4
2025-05-09 20:00:00+00:00,133.02,5151.85,0.0,-2404.2
2025-05-09 21:00:00+00:00,108.52,5001.9,0.0,-2197.6
2025-05-09 22:00:00+00:00,118.16,4248.33,0.0,-987.3
2025-05-09 23:00:00+00:00,105.2,3951.43,0.0,-718.6
2025-05-10 00:00:00+00:00,101.01,3826.05,0.0,-712.5
2025-05-10 01:00:00+00:00,96.5,3786.58,0.0,-639.9
2025-05-10 02:00:00+00:00,100.69,3815.98,0.0,-715.1
2025-05-10 03:00:00+00:00,100.47,3823.83,71.18,-618.0
2025-05-10 04:00:00+00:00,97.63,3846.28,504.25,-142.4
2025-05-10 05:00:00+00:00,92.68,3806.13,1301.43,842.7
2025-05-10 06:00:00+00:00,71.3,3594.85,2432.43,2149.9
2025-05-10 07:00:00+00:00,9.16,3411.4,3345.48,3184.4
2025-05-10 08:00:00+00:00,-0.09,3235.3,3869.13,3544.4
2025-05-10 09:00:00+00:00,-23.35,3063.4,3985.5,3238.3
2025-05-10 10:00:00+00:00,-57.13,2983.45,3348.05,2948.7
2025-05-10 11:00:00+00:00,-125.21,2806.0,3349.1,2855.9
2025-05-10 12:00:00+00:00,-114.08,2772.43,3629.93,2620.6
2025-05-10 13:00:00+00:00,-50.71,2938.7,3049.83,2207.8
2025-05-10 14:00:00+00:00,-14.86,3316.5,2330.73,1380.8
2025-05-10 15:00:00+00:00,32.57,3778.6,1387.0,713.8
2025-05-10 16:00:00+00:00,101.33,4228.08,554.58,-674.4
2025-05-10 17:00:00+00:00,126.13,4471.15,156.2,-1633.9
2025-05-10 18:00:00+00:00,212.0,4682.9,0.43,-2275.6
2025-05-10 19:00:00+00:00,132.41,4645.45,0.0,-1844.1
2025-05-10 20:00:00+00:00,114.19,4434.65,0.0,-1458.7
2025-05-10 21:00:00+00:00,97.18,4278.45,0.0,-1244.4
2025-05-10 22:00:00+00:00,99.26,3957.73,0.0,-1196.9
2025-05-10 23:00:00+00:00,97.92,3660.4,0.0,-958.1
2025-05-11 00:00:00+00:00,96.21,3668.03,0.0,-1019.8
2025-05-11 01:00:00+00:00,98.41,3647.7,0.0,-984.9
2025-05-11 02:00:00+00:00,98.42,3632.9,0.0,-1050.8
2025-05-11 03:00:00+00:00,98.4,3613.43,44.93,-977.5
2025-05-11 04:00:00+00:00,90.5,3603.2,330.93,-620.0
2025-05-11 05:00:00+00:00,67.71,3468.7,879.63,273.9
2025-05-11 06:00:00+00:00,4.96,3475.8,1488.03,1525.0
2025-05-11 07:00:00+00:00,-0.1,3530.93,2163.1,1929.5
2025-05-11 08:00:00+00:00,-12.84,3483.28,2453.7,2132.5
2025-05-11 09:00:00+00:00,-45.81,3473.8,2486.4,1237.3
2025-05-11 10:00:00+00:00,-127.3,3441.95,1925.3,1147.5
2025-05-11 11:00:00+00:00,-207.92,3191.15,2471.6,1444.2
2025-05-11 12:00:00+00:00,-210.05,3255.7,2914.93,1709.0
2025-05-11 13:00:00+00:00,-117.6,3507.58,2643.48,1381.2
2025-05-11 14:00:00+00:00,-22.6,3827.03,2180.25,748.9
2025-05-11 15:00:00+00:00,-0.07,4121.28,1501.13,63.8
2025-05-11 16:00:00+00:00,121.51,4466.68,612.68,-1136.0
2025-05-11 17:00:00+00:00,147.46,4702.55,164.25,-2125.6
2025-05-11 18:00:00+00:00,176.09,4893.23,0.2,-2628.8
2025-05-11 19:00:00+00:00,123.87,4808.88,0.0,-2307.4
2025-05-11 20:00:00+00:00,108.53,4550.05,0.0,-1937.6
2025-05-11 21:00:00+00:00,92.55,4365.1,0.0,-1683.4
2025-05-11 22:00:00+00:00,88.93,4152.03,0.0,-1898.8
2025-05-11 23:00:00+00:00,84.05,3892.03,0.0,-1820.9
2025-05-12 00:00:00+00:00,83.62,3791.28,0.0,-1697.4
2025-05-12 01:00:00+00:00,84.23,3780.73,0.0,-1639.6
2025-05-12 02:00:00+00:00,87.6,3938.65,0.0,-1789.9
2025-05-12 03:00:00+00:00,103.59,4216.88,54.75,-1813.4
2025-05-12 04:00:00+00:00,151.51,4775.05,327.45,-1974.5
2025-05-12 05:00:00+00:00,153.79,4774.1,791.35,-1630.4
2025-05-12 06:00:00+00:00,116.37,4513.0,1576.58,-898.7
2025-05-12 07:00:00+00:00,81.11,4223.38,2004.23,-434.3
2025-05-12 08:00:00+00:00,37.43,4106.45,2509.63,-57.1
2025-05-12 09:00:00+00:00,25.1,4150.75,2553.78,480.0
2025-05-12 10:00:00+00:00,46.55,4130.4,2672.1,1076.4
2025-05-12 11:00:00+00:00,48.74,3886.93,2574.4,1081.6
2025-05-12 12:00:00+00:00,40.16,3925.15,2889.25,647.7
2025-05-12 13:00:00+00:00,49.98,4116.23,2578.6,94.0
2025-05-12 14:00:00+00:00,79.21,4437.33,2178.15,-430.9
2025-05-12 15:00:00+00:00,101.76,4766.23,1476.38,-1188.4
2025-05-12 16:00:00+00:00,148.72,5140.0,609.28,-2188.7
2025-05-12 17:00:00+00:00,217.16,5419.9,170.1,-2907.7
2025-05-12 18:00:00+00:00,295.74,5583.43,1.25,-3417.5
2025-05-12 19:00:00+00:00,155.92,5417.9,0.0,-3087.0
2025-05-12 20:00:00+00:00,137.23,5154.45,0.0,-2774.3
2025-05-12 21:00:00+00:00,103.72,5017.23,0.0,-2360.8
2025-05-12 22:00:00+00:00,101.2,4625.33,0.0,-1895.7
2025-05-12 23:00:00+00:00,93.62,4287.55,0.0,-1655.5
2025-05-13 00:00:00+00:00,93.2,4149.7,0.0,-1434.7
2025-05-13 01:00:00+00:00,96.2,4126.18,0.0,-1350.0
2025-05-13 02:00:00+00:00,99.14,4260.58,0.0,-1442.3
2025-05-13 03:00:00+00:00,113.84,4451.95,80.85,-1471.2
2025-05-13 04:00:00+00:00,137.2,4866.95,534.2,-1715.4
2025-05-13 05:00:00+00:00,128.52,4938.1,1116.33,-1375.7
2025-05-13 06:00:00+00:00,100.42,4584.93,2261.8,-237.3
2025-05-13 07:00:00+00:00,81.58,4271.88,2939.8,396.7
2025-05-13 08:00:00+00:00,26.24,4145.25,3347.5,320.1
2025-05-13 09:00:00+00:00,7.9,4222.18,2877.7,689.3
2025-05-13 10:00:00+00:00,19.24,4152.43,3128.93,966.8
2025-05-13 11:00:00+00:00,24.97,3934.98,2924.6,1323.2
2025-05-13 12:00:00+00:00,26.71,3979.25,2596.4,1035.4
2025-05-13 13:00:00+00:00,35.7,4168.43,2546.78,230.7
2025-05-13 14:00:00+00:00,39.87,4485.55,2155.73,-560.8
2025-05-13 15:00:00+00:00,85.32,4764.53,1462.28,-1385.5
2025-05-13 16:00:00+00:00,113.34,5043.3,549.88,-2458.3
2025-05-13 17:00:00+00:00,167.93,5425.95,168.03,-2903.3
2025-05-13 18:00:00+00:00,296.88,5619.6,0.95,-2963.4
2025-05-13 19:00:00+00:00,155.7,5444.38,0.0,-2731.8
2025-05-13 20:00:00+00:00,117.9,5177.05,0.0,-2552.2
2025-05-13 21:00:00+00:00,106.55,5006.73,0.0,-2187.5
2025-05-13 22:00:00+00:00,110.57,4549.73,0.0,-1648.3
2025-05-13 23:00:00+00:00,103.1,4220.08,0.0,-1299.4
2025-05-14 00:00:00+00:00,102.08,4045.85,0.0,-1182.8
2025-05-14 01:00:00+00:00,101.35,4031.53,0.0,-1222.7
2025-05-14 02:00:00+00:00,101.59,4167.98,0.0,-1355.2
2025-05-14 03:00:00+00:00,108.47,4385.9,78.98,-1668.7
2025-05-14 04:00:00+00:00,134.19,4847.25,424.45,-2151.9
2025-05-14 05:00:00+00:00,122.1,4941.88,1102.7,-1138.4
2025-05-14 06:00:00+00:00,99.69,4708.4,2264.15,-25.3
2025-05-14 07:00:00+00:00,72.44,4483.63,3055.35,831.3
2025-05-14 08:00:00+00:00,8.0,4292.48,3349.88,1428.5
2025-05-14 09:00:00+00:00,9.75,4264.43,3363.9,1530.7
2025-05-14 10:00:00+00:00,9.28,4293.78,2981.8,552.4
2025-05-14 11:00:00+00:00,3.52,3932.6,2732.6,554.7
2025-05-14 12:00:00+00:00,4.09,3798.48,3247.78,316.2
2025-05-14 13:00:00+00:00,20.03,3962.7,2902.45,204.0
2025-05-14 14:00:00+00:00,38.35,4312.53,2526.65,-232.5
2025-05-14 15:00:00+00:00,96.47,4659.13,1580.7,-1160.8
2025-05-14 16:00:00+00:00,132.08,5041.55,633.68,-1843.1
2025-05-14 17:00:00+00:00,184.51,5416.15,180.53,-2245.7
2025-05-14 18:00:00+00:00,295.01,5558.05,0.95,-1669.3
2025-05-14 19:00:00+00:00,138.13,5408.38,0.0,-2542.7
2025-05-14 20:00:00+00:00,115.17,5124.08,0.0,-2569.2
2025-05-14 21:00:00+00:00,105.73,4977.33,0.0,-2095.2
2025-05-14 22:00:00+00:00,103.12,4577.18,0.0,-1920.0
2025-05-14 23:00:00+00:00,94.89,4229.8,0.0,-1609.3
2025-05-15 00:00:00+00:00,93.24,4068.28,0.0,-1475.0
2025-05-15 01:00:00+00:00,93.81,4061.33,0.0,-1503.4
2025-05-15 02:00:00+00:00,96.27,4174.73,0.0,-1622.3
2025-05-15 03:00:00+00:00,104.16,4395.55,60.95,-1888.0
2025-05-15 04:00:00+00:00,124.97,4808.0,322.55,-2078.9
2025-05-15 05:00:00+00:00,130.33,4797.5,918.5,-952.3
2025-05-15 06:00:00+00:00,99.77,4668.38,1253.48,37.0
2025-05-15 07:00:00+00:00,70.58,4513.2,1541.55,812.0
2025-05-15 08:00:00+00:00,14.26,4444.95,1829.65,1074.7
2025-05-15 09:00:00+00:00,8.92,4275.1,2200.08,1100.9
2025-05-15 10:00:00+00:00,8.16,3961.18,1886.88,721.4
2025-05-15 11:00:00+00:00,11.66,3989.58,1872.23,75.6
2025-05-15 12:00:00+00:00,12.99,3995.9,1788.78,-231.8
2025-05-15 13:00:00+00:00,42.75,4163.18,1280.53,-350.9
2025-05-15 14:00:00+00:00,78.43,4410.95,1125.7,-374.7
2025-05-15 15:00:00+00:00,84.99,4651.7,749.23,-1400.6
2025-05-15 16:00:00+00:00,102.81,5008.28,315.45,-2120.4
2025-05-15 17:00:00+00:00,131.39,5445.78,112.5,-2513.5
2025-05-15 18:00:00+00:00,159.61,5649.35,1.48,-2094.7
2025-05-15 19:00:00+00:00,128.44,5507.58,0.0,-2658.0
2025-05-15 20:00:00+00:00,112.25,5201.35,0.0,-2545.2
2025-05-15 21:00:00+00:00,105.38,5032.18,0.0,-2302.6
2025-05-15 22:00:00+00:00,98.54,4685.1,0.0,-2019.3
2025-05-15 23:00:00+00:00,89.99,4317.63,0.0,-1664.8
2025-05-16 00:00:00+00:00,87.22,4163.65,0.0,-1534.1
2025-05-16 01:00:00+00:00,86.48,4137.0,0.0,-1545.1
2025-05-16 02:00:00+00:00,90.31,4247.4,0.0,-1661.7
2025-05-16 03:00:00+00:00,97.32,4448.5,88.45,-1879.9
2025-05-16 04:00:00+00:00,111.09,4887.53,493.0,-2013.5
2025-05-16 05:00:00+00:00,116.55,4836.1,1131.2,-1198.1
2025-05-16 06:00:00+00:00,107.78,4449.88,2557.9,315.6
2025-05-16 07:00:00+00:00,88.01,4195.38,3354.93,1198.8
2025-05-16 08:00:00+00:00,48.05,4009.58,3651.38,1982.0
2025-05-16 09:00:00+00:00,25.08,4177.9,3649.35,2047.1
2025-05-16 10:00:00+00:00,31.68,4599.95,3220.15,1462.3
2025-05-16 11:00:00+00:00,32.86,3856.13,2663.5,1069.7
2025-05-16 12:00:00+00:00,36.53,3582.45,2876.95,695.2
2025-05-16 13:00:00+00:00,24.5,3749.88,2325.33,481.5
2025-05-16 14:00:00+00:00,42.59,4057.33,1798.75,-28.9
2025-05-16 15:00:00+00:00,75.79,4523.28,1065.1,-995.9
2025-05-16 16:00:00+00:00,144.2,5120.75,589.98,-1977.1
2025-05-16 17:00:00+00:00,129.34,5332.7,164.65,-2449.6
2025-05-16 18:00:00+00:00,188.42,5458.4,1.88,-2083.2
2025-05-16 19:00:00+00:00,150.82,5336.43,0.0,-2675.8
2025-05-16 20:00:00+00:00,116.73,5058.93,0.0,-2596.9
2025-05-16 21:00:00+00:00,116.19,4915.35,0.0,-2212.5
2025-05-16 22:00:00+00:00,94.08,4613.6,0.0,-2550.0
2025-05-16 23:00:00+00:00,94.24,4257.8,0.0,-2231.9
2025-05-17 00:00:00+00:00,89.38,4106.1,0.0,-2037.6
2025-05-17 01:00:00+00:00,89.67,4049.4,0.0,-1922.5
2025-05-17 02:00:00+00:00,90.92,4057.9,0.0,-1844.0
2025-05-17 03:00:00+00:00,95.62,4011.83,99.1,-1731.0
2025-05-17 04:00:00+00:00,92.56,4017.65,452.03,-1272.5
2025-05-17 05:00:00+00:00,90.41,3865.3,1207.35,-89.5
2025-05-17 06:00:00+00:00,60.34,3612.5,2161.13,903.4
2025-05-17 07:00:00+00:00,0.96,3428.13,2469.8,1737.4
2025-05-17 08:00:00+00:00,-0.01,3286.33,2448.73,1372.7
2025-05-17 09:00:00+00:00,-0.64,3197.8,2811.63,1449.4
2025-05-17 10:00:00+00:00,-4.24,3104.28,3099.45,1868.5
2025-05-17 11:00:00+00:00,-10.27,2876.53,2626.95,2526.1
2025-05-17 12:00:00+00:00,-11.53,2882.33,2467.48,1927.3
2025-05-17 13:00:00+00:00,-0.07,3091.33,1916.23,1293.3
2025-05-17 14:00:00+00:00,4.95,3467.85,1749.48,633.5
2025-05-17 15:00:00+00:00,47.94,3895.75,1168.15,-205.7
2025-05-17 16:00:00+00:00,133.86,4312.83,520.78,-1335.4
2025-05-17 17:00:00+00:00,173.08,4630.6,152.63,-2266.4
2025-05-17 18:00:00+00:00,262.01,4887.65,2.03,-2639.6
2025-05-17 19:00:00+00:00,178.51,4863.43,0.0,-2456.9
2025-05-17 20:00:00+00:00,151.83,4611.8,0.0,-2259.7
2025-05-17 21:00:00+00:00,153.02,4407.2,0.0,-2016.3
2025-05-17 22:00:00+00:00,107.97,4100.18,0.0,-1731.1
2025-05-17 23:00:00+00:00,102.37,3773.95,0.0,-1503.7
2025-05-18 00:00:00+00:00,99.48,3697.53,0.0,-1421.0
2025-05-18 01:00:00+00:00,98.3,3654.98,0.0,-1402.5
2025-05-18 02:00:00+00:00,99.26,3649.65,0.0,-1479.6
2025-05-18 03:00:00+00:00,98.93,3630.78,87.18,-1454.6
2025-05-18 04:00:00+00:00,92.03,3680.5,370.48,-1073.9
2025-05-18 05:00:00+00:00,87.92,3714.83,1005.45,-225.6
2025-05-18 06:00:00+00:00,63.7,3838.25,1733.45,384.0
2025-05-18 07:00:00+00:00,8.6,3902.33,2155.4,874.2
2025-05-18 08:00:00+00:00,0.0,3811.05,2178.08,546.6
2025-05-18 09:00:00+00:00,-0.2,3746.85,2133.1,743.1
2025-05-18 10:00:00+00:00,-2.0,3574.98,2559.98,1044.4
2025-05-18 11:00:00+00:00,-7.37,3281.18,2448.35,2263.1
2025-05-18 12:00:00+00:00,-15.0,3247.55,2392.93,1905.9
2025-05-18 13:00:00+00:00,-8.97,3349.6,2406.18,1077.2
2025-05-18 14:00:00+00:00,-0.22,3630.93,2165.13,433.5
2025-05-18 15:00:00+00:00,25.05,3958.6,1235.08,-326.6
2025-05-18 16:00:00+00:00,95.16,4374.0,515.5,-1676.8
2025-05-18 17:00:00+00:00,129.44,4753.9,164.05,-2900.1
2025-05-18 18:00:00+00:00,150.73,4947.05,2.25,-3265.2
2025-05-18 19:00:00+00:00,132.27,4851.1,0.0,-2808.3
2025-05-18 20:00:00+00:00,119.89,4573.75,0.0,-2446.6
2025-05-18 21:00:00+00:00,105.82,4356.9,0.0,-2396.8
2025-05-18 22:00:00+00:00,112.37,4080.1,0.0,-1418.3
2025-05-18 23:00:00+00:00,105.74,3856.53,0.0,-1138.3
2025-05-19 00:00:00+00:00,98.85,3699.93,0.0,-1020.4
2025-05-19 01:00:00+00:00,95.68,3687.5,0.0,-1018.8
2025-05-19 02:00:00+00:00,104.1,3806.88,0.0,-1100.7
2025-05-19 03:00:00+00:00,115.59,4062.38,71.6,-1272.0
2025-05-19 04:00:00+00:00,136.98,4550.3,393.55,-1623.0
2025-05-19 05:00:00+00:00,135.0,4513.8,842.13,-724.6
2025-05-19 06:00:00+00:00,117.1,4241.73,1758.93,398.6
2025-05-19 07:00:00+00:00,95.88,4003.2,2364.05,949.5
2025-05-19 08:00:00+00:00,71.9,3918.7,2688.98,1581.7
2025-05-19 09:00:00+00:00,29.0,3995.68,2595.1,1814.8
2025-05-19 10:00:00+00:00,12.77,4024.05,2903.93,2006.3
2025-05-19 11:00:00+00:00,5.0,3988.23,2251.7,2435.3
2025-05-19 12:00:00+00:00,8.0,4076.6,1930.8,1619.7
2025-05-19 13:00:00+00:00,28.95,4346.63,1808.45,410.6
2025-05-19 14:00:00+00:00,79.85,4553.8,1524.65,-60.7
2025-05-19 15:00:00+00:00,103.65,4754.9,1226.43,-623.5
2025-05-19 16:00:00+00:00,121.98,5055.95,611.1,-1739.0
2025-05-19 17:00:00+00:00,151.7,5429.75,189.7,-2610.8
2025-05-19 18:00:00+00:00,229.23,5547.58,3.25,-2491.7
2025-05-19 19:00:00+00:00,153.65,5368.1,0.0,-2490.4
2025-05-19 20:00:00+00:00,134.42,5064.8,0.0,-2159.1
2025-05-19 21:00:00+00:00,118.15,4926.0,0.0,-1983.6
2025-05-19 22:00:00+00:00,120.63,4551.78,0.0,-1532.2
2025-05-19 23:00:00+00:00,109.96,4234.13,0.0,-1250.6
2025-05-20 00:00:00+00:00,107.14,4020.48,0.0,-1101.8
2025-05-20 01:00:00+00:00,110.1,3997.35,0.0,-1077.6
2025-05-20 02:00:00+00:00,120.65,4094.35,0.03,-1124.4
2025-05-20 03:00:00+00:00,130.88,4305.53,82.05,-1225.8
2025-05-20 04:00:00+00:00,145.13,4833.98,478.63,-1859.7
2025-05-20 05:00:00+00:00,134.14,4770.58,1157.03,-772.2
2025-05-20 06:00:00+00:00,95.22,4300.2,1887.98,709.4
2025-05-20 07:00:00+00:00,66.91,4038.83,2496.93,1702.1
2025-05-20 08:00:00+00:00,64.11,3949.43,2682.55,1955.4
2025-05-20 09:00:00+00:00,16.0,4102.53,2443.93,1998.7
2025-05-20 10:00:00+00:00,20.93,4492.03,2830.88,1245.3
2025-05-20 11:00:00+00:00,23.46,4125.28,2333.4,771.0
2025-05-20 12:00:00+00:00,33.15,4098.2,2253.45,638.5
2025-05-20 13:00:00+00:00,55.87,4376.23,2041.45,286.1
2025-05-20 14:00:00+00:00,88.44,4580.65,1637.4,-262.5
2025-05-20 15:00:00+00:00,107.39,4753.43,1182.23,-996.4
2025-05-20 16:00:00+00:00,139.04,5045.15,503.28,-2323.9
2025-05-20 17:00:00+00:00,224.69,5420.15,176.13,-2827.7
2025-05-20 18:00:00+00:00,273.33,5540.1,3.78,-2643.1
2025-05-20 19:00:00+00:00,168.41,5357.83,0.0,-2680.0
2025-05-20 20:00:00+00:00,132.48,5065.75,0.0,-2405.1
2025-05-20 21:00:00+00:00,113.96,4928.0,0.0,-2115.8
2025-05-20 22:00:00+00:00,144.79,4513.23,0.0,-1950.7
2025-05-20 23:00:00+00:00,103.96,4175.68,0.0,-1519.2
2025-05-21 00:00:00+00:00,100.5,3983.23,0.0,-1356.4
2025-05-21 01:00:00+00:00,100.0,3987.35,0.0,-1403.2
2025-05-21 02:00:00+00:00,98.98,4093.88,0.05,-1797.0
2025-05-21 03:00:00+00:00,104.25,4328.73,73.8,-1976.4
2025-05-21 04:00:00+00:00,144.12,4765.05,328.83,-2237.9
2025-05-21 05:00:00+00:00,138.0,4876.83,797.0,-1848.5
2025-05-21 06:00:00+00:00,107.82,4722.93,1014.18,-689.8
2025-05-21 07:00:00+00:00,84.82,4447.9,1454.38,-39.1
2025-05-21 08:00:00+00:00,42.22,4367.05,1787.45,-227.4
2025-05-21 09:00:00+00:00,57.3,4386.73,1707.38,66.8
2025-05-21 10:00:00+00:00,50.0,4325.08,2163.23,175.5
2025-05-21 11:00:00+00:00,45.17,4390.7,2024.88,381.5
2025-05-21 12:00:00+00:00,55.07,4348.6,1539.13,554.0
2025-05-21 13:00:00+00:00,82.0,4354.83,1365.78,163.4
2025-05-21 14:00:00+00:00,98.5,4463.35,1213.88,-274.2
2025-05-21 15:00:00+00:00,152.6,4651.8,830.7,-1018.4
2025-05-21 16:00:00+00:00,182.98,5045.13,429.68,-2234.9
2025-05-21 17:00:00+00:00,292.13,5400.03,126.8,-3118.5
2025-05-21 18:00:00+00:00,355.0,5519.1,3.43,-2554.0
2025-05-21 19:00:00+00:00,189.04,5342.73,0.0,-2984.3
2025-05-21 20:00:00+00:00,158.0,5051.95,0.0,-2803.8
2025-05-21 21:00:00+00:00,158.77,4924.38,0.0,-2461.9
2025-05-21 22:00:00+00:00,104.5,4590.88,0.0,-2168.6
2025-05-21 23:00:00+00:00,95.07,4252.93,0.0,-1854.0
2025-05-22 00:00:00+00:00,89.37,4077.95,0.0,-1708.5
2025-05-22 01:00:00+00:00,89.97,4075.05,0.0,-1686.8
2025-05-22 02:00:00+00:00,90.17,4163.3,0.18,-1903.6
2025-05-22 03:00:00+00:00,96.97,4355.43,76.5,-2034.4
2025-05-22 04:00:00+00:00,116.42,4765.13,387.93,-1988.7
2025-05-22 05:00:00+00:00,119.92,4863.23,707.7,-1656.2
2025-05-22 06:00:00+00:00,106.1,4695.13,1368.08,-888.0
2025-05-22 07:00:00+00:00,90.06,4483.75,1961.15,-331.8
2025-05-22 08:00:00+00:00,73.43,4269.28,2440.88,226.3
2025-05-22 09:00:00+00:00,69.62,4226.65,2685.28,868.4
2025-05-22 10:00:00+00:00,69.02,4335.83,3037.15,1604.9
2025-05-22 11:00:00+00:00,55.9,4294.6,2736.3,1668.9
2025-05-22 12:00:00+00:00,67.8,4206.93,2598.43,1498.4
2025-05-22 13:00:00+00:00,93.17,4147.38,2240.35,966.3
2025-05-22 14:00:00+00:00,98.96,4307.93,1661.08,48.6
2025-05-22 15:00:00+00:00,109.94,4667.7,982.63,-834.0
2025-05-22 16:00:00+00:00,123.45,5267.23,477.35,-1971.7
2025-05-22 17:00:00+00:00,131.36,5376.88,155.83,-3239.4
2025-05-22 18:00:00+00:00,178.25,5492.45,3.05,-3039.7
2025-05-22 19:00:00+00:00,136.9,5345.0,0.0,-2656.4
2025-05-22 20:00:00+00:00,121.22,5061.0,0.0,-2844.7
2025-05-22 21:00:00+00:00,115.34,4924.05,0.0,-2187.7
2025-05-22 22:00:00+00:00,107.66,4611.4,0.0,-2275.5
2025-05-22 23:00:00+00:00,99.07,4275.65,0.0,-1623.1
2025-05-23 00:00:00+00:00,92.44,4087.73,0.0,-1342.0
2025-05-23 01:00:00+00:00,92.1,4080.3,0.0,-1331.5
2025-05-23 02:00:00+00:00,99.62,4159.88,0.43,-1450.5
2025-05-23 03:00:00+00:00,114.75,4334.7,67.53,-1581.9
2025-05-23 04:00:00+00:00,137.0,4740.7,261.8,-2216.8
2025-05-23 05:00:00+00:00,142.68,4852.13,560.05,-1874.3
2025-05-23 06:00:00+00:00,124.75,4618.68,1058.48,-1352.8
2025-05-23 07:00:00+00:00,94.7,4479.38,1485.3,-804.8
2025-05-23 08:00:00+00:00,84.64,4468.8,1776.28,-653.2
2025-05-23 09:00:00+00:00,74.16,4576.13,1208.1,-742.2
2025-05-23 10:00:00+00:00,40.55,4535.08,1195.03,-458.3
2025-05-23 11:00:00+00:00,41.83,4580.53,1243.78,-324.2
2025-05-23 12:00:00+00:00,51.36,4700.68,966.7,-356.0
2025-05-23 13:00:00+00:00,78.6,4846.6,804.75,-1063.1
2025-05-23 14:00:00+00:00,98.56,4955.08,563.1,-1291.3
2025-05-23 15:00:00+00:00,101.77,5039.48,344.08,-1887.6
2025-05-23 16:00:00+00:00,124.79,5217.75,228.55,-2390.9
2025-05-23 17:00:00+00:00,148.43,5422.9,59.43,-3519.6
2025-05-23 18:00:00+00:00,208.94,5462.53,1.73,-3246.0
2025-05-23 19:00:00+00:00,151.01,5310.25,0.0,-2754.4
2025-05-23 20:00:00+00:00,129.2,5057.53,0.0,-2656.1
2025-05-23 21:00:00+00:00,112.29,4942.05,0.0,-2533.1
2025-05-23 22:00:00+00:00,111.59,4603.9,0.0,-1727.2
2025-05-23 23:00:00+00:00,98.29,4256.38,0.0,-1637.5
2025-05-24 00:00:00+00:00,94.95,4038.8,0.0,-1471.9
2025-05-24 01:00:00+00:00,90.4,3990.3,0.0,-1402.7
2025-05-24 02:00:00+00:00,89.0,3992.48,0.08,-1438.6
2025-05-24 03:00:00+00:00,89.0,4031.53,82.55,-1467.9
2025-05-24 04:00:00+00:00,89.91,4146.9,460.9,-1233.2
2025-05-24 05:00:00+00:00,77.98,4039.3,995.03,-348.5
2025-05-24 06:00:00+00:00,63.13,3855.33,2226.4,509.7
2025-05-24 07:00:00+00:00,12.26,3862.33,2827.03,1297.1
2025-05-24 08:00:00+00:00,-0.24,3881.53,2841.65,983.9
2025-05-24 09:00:00+00:00,-4.09,3942.8,2707.98,630.1
2025-05-24 10:00:00+00:00,-5.58,3865.33,2720.23,497.1
2025-05-24 11:00:00+00:00,-6.92,3511.1,2566.03,835.6
2025-05-24 12:00:00+00:00,-9.64,3350.78,2646.95,604.7
2025-05-24 13:00:00+00:00,-5.83,3511.6,2359.1,-10.2
2025-05-24 14:00:00+00:00,-6.05,3908.3,1891.13,-317.4
2025-05-24 15:00:00+00:00,52.15,4317.13,1372.8,-744.5
2025-05-24 16:00:00+00:00,96.9,4655.03,686.83,-1755.5
2025-05-24 17:00:00+00:00,122.73,4809.78,231.5,-2888.0
2025-05-24 18:00:00+00:00,183.89,4946.18,8.18,-3817.8
2025-05-24 19:00:00+00:00,138.8,4921.85,0.0,-2875.3
2025-05-24 20:00:00+00:00,136.42,4753.43,0.0,-2515.9
2025-05-24 21:00:00+00:00,102.29,4583.33,0.0,-2833.9
2025-05-24 22:00:00+00:00,88.55,4296.43,0.0,-1989.6
2025-05-24 23:00:00+00:00,62.03,3961.83,0.0,-1831.6
2025-05-25 00:00:00+00:00,22.29,3803.53,0.0,-1679.6
2025-05-25 01:00:00+00:00,8.18,3760.68,0.0,-1596.2
2025-05-25 02:00:00+00:00,3.44,3744.98,0.3,-1597.6
2025-05-25 03:00:00+00:00,3.3,3674.4,142.38,-1463.9
2025-05-25 04:00:00+00:00,1.21,3690.95,587.0,-1308.0
2025-05-25 05:00:00+00:00,1.26,3778.38,1315.83,-471.7
2025-05-25 06:00:00+00:00,-0.43,3938.35,2621.9,278.8
2025-05-25 07:00:00+00:00,-0.4,4062.55,3468.78,1314.4
2025-05-25 08:00:00+00:00,-0.84,4090.23,3876.78,1359.8
2025-05-25 09:00:00+00:00,-3.07,4018.75,3821.3,1215.6
2025-05-25 10:00:00+00:00,-8.12,3832.55,3466.93,498.6
2025-05-25 11:00:00+00:00,-20.08,3487.4,2694.13,634.4
2025-05-25 12:00:00+00:00,-15.01,3462.95,2802.78,471.5
2025-05-25 13:00:00+00:00,-20.07,3526.65,2441.33,88.0
2025-05-25 14:00:00+00:00,-7.81,3711.6,1830.65,32.0
2025-05-25 15:00:00+00:00,-8.31,4122.98,1241.83,-566.4
2025-05-25 16:00:00+00:00,59.48,4509.2,638.1,-1652.7
2025-05-25 17:00:00+00:00,99.6,4896.93,208.1,-2957.6
2025-05-25 18:00:00+00:00,115.75,5003.63,7.35,-3682.8
2025-05-25 19:00:00+00:00,115.3,4895.78,0.0,-2949.9
2025-05-25 20:00:00+00:00,105.01,4597.33,0.0,-2574.4
2025-05-25 21:00:00+00:00,96.02,4378.35,0.0,-2562.9
2025-05-25 22:00:00+00:00,95.0,4101.38,0.0,-2141.9
2025-05-25 23:00:00+00:00,86.01,3858.53,0.0,-1631.1
2025-05-26 00:00:00+00:00,82.47,3745.13,0.0,-1437.3
2025-05-26 01:00:00+00:00,81.6,3714.35,0.0,-1365.0
2025-05-26 02:00:00+00:00,86.88,3846.63,0.53,-1515.9
2025-05-26 03:00:00+00:00,97.04,4111.45,105.38,-1738.4
2025-05-26 04:00:00+00:00,125.05,4693.13,354.33,-1991.9
2025-05-26 05:00:00+00:00,149.8,4944.53,961.23,-1568.9
2025-05-26 06:00:00+00:00,134.27,4963.2,1695.55,-512.0
2025-05-26 07:00:00+00:00,97.75,4935.58,2266.33,86.5
2025-05-26 08:00:00+00:00,65.91,4826.98,2775.33,62.6
2025-05-26 09:00:00+00:00,23.67,4944.18,2795.88,321.3
2025-05-26 10:00:00+00:00,15.71,5053.7,2861.53,565.2
2025-05-26 11:00:00+00:00,10.07,4899.48,2672.05,839.1
2025-05-26 12:00:00+00:00,10.22,4839.95,2209.88,81.8
2025-05-26 13:00:00+00:00,9.2,4947.25,2003.38,-702.3
2025-05-26 14:00:00+00:00,40.44,5104.03,1658.53,-1014.2
2025-05-26 15:00:00+00:00,98.12,5232.05,1303.85,-1386.8
2025-05-26 16:00:00+00:00,127.0,5377.78,645.85,-2127.4
2025-05-26 17:00:00+00:00,161.33,5533.15,219.78,-3174.8
2025-05-26 18:00:00+00:00,237.88,5503.58,9.38,-2654.7
2025-05-26 19:00:00+00:00,175.08,5317.28,0.0,-2631.9
2025-05-26 20:00:00+00:00,140.1,5034.9,0.0,-2437.0
2025-05-26 21:00:00+00:00,112.45,4893.88,0.0,-2316.4
2025-05-26 22:00:00+00:00,105.51,4516.5,0.0,-2043.6
2025-05-26 23:00:00+00:00,93.84,4182.38,0.0,-1568.4
2025-05-27 00:00:00+00:00,87.34,4012.18,0.0,-1440.5
2025-05-27 01:00:00+00:00,85.73,3971.65,0.0,-1369.0
2025-05-27 02:00:00+00:00,88.85,4081.25,0.55,-1439.0
2025-05-27 03:00:00+00:00,95.66,4259.65,126.58,-1642.6
2025-05-27 04:00:00+00:00,111.38,4627.95,538.93,-1739.0
2025-05-27 05:00:00+00:00,93.68,4833.7,1305.88,-1317.0
2025-05-27 06:00:00+00:00,70.13,4971.6,2283.7,-582.3
2025-05-27 07:00:00+00:00,51.9,4950.85,3022.35,-56.6
2025-05-27 08:00:00+00:00,4.5,4863.4,3393.45,385.1
2025-05-27 09:00:00+00:00,3.46,4785.13,3636.98,456.1
2025-05-27 10:00:00+00:00,0.16,4284.65,3481.53,879.3
2025-05-27 11:00:00+00:00,1.41,4736.48,3255.1,1155.5
2025-05-27 12:00:00+00:00,3.74,4866.83,3244.1,978.8
2025-05-27 13:00:00+00:00,16.84,4974.85,2747.8,165.6
2025-05-27 14:00:00+00:00,60.07,5130.93,2261.68,-570.1
2025-05-27 15:00:00+00:00,91.67,5186.75,1365.83,-1321.6
2025-05-27 16:00:00+00:00,116.78,5144.6,646.9,-2150.6
2025-05-27 17:00:00+00:00,143.38,5408.45,222.1,-3233.1
2025-05-27 18:00:00+00:00,215.0,5522.73,10.1,-2831.7
2025-05-27 19:00:00+00:00,148.03,5328.13,0.0,-2715.0
2025-05-27 20:00:00+00:00,118.69,5058.63,0.0,-2525.4
2025-05-27 21:00:00+00:00,99.1,4912.5,0.0,-2324.4
2025-05-27 22:00:00+00:00,91.8,4507.55,0.0,-2110.3
2025-05-27 23:00:00+00:00,76.42,4147.63,0.0,-1868.0
2025-05-28 00:00:00+00:00,73.52,3970.65,0.0,-1698.0
2025-05-28 01:00:00+00:00,69.05,3956.7,0.0,-1740.9
2025-05-28 02:00:00+00:00,73.3,4048.83,0.95,-1893.6
2025-05-28 03:00:00+00:00,83.5,4206.6,140.48,-1955.7
2025-05-28 04:00:00+00:00,97.74,4554.18,544.15,-1995.5
2025-05-28 05:00:00+00:00,102.6,4519.73,1279.9,-942.4
2025-05-28 06:00:00+00:00,97.84,4523.43,2487.4,69.0
2025-05-28 07:00:00+00:00,93.51,4420.58,3151.65,1462.1
2025-05-28 08:00:00+00:00,80.01,4284.98,3700.28,2363.2
2025-05-28 09:00:00+00:00,75.05,4158.48,3692.6,2547.4
2025-05-28 10:00:00+00:00,68.43,3872.65,3064.5,1935.9
2025-05-28 11:00:00+00:00,62.01,3866.43,2458.48,1891.4
2025-05-28 12:00:00+00:00,58.9,4057.0,2593.33,1532.8
2025-05-28 13:00:00+00:00,59.91,4278.2,2033.03,748.6
2025-05-28 14:00:00+00:00,74.99,4632.13,1453.48,299.7
2025-05-28 15:00:00+00:00,109.36,4835.73,777.18,-730.7
2025-05-28 16:00:00+00:00,128.3,4961.63,336.8,-1726.3
2025-05-28 17:00:00+00:00,140.36,5331.4,145.75,-2052.9
2025-05-28 18:00:00+00:00,171.58,5437.65,6.15,-2563.6
2025-05-28 19:00:00+00:00,136.99,5280.85,0.0,-2726.2
2025-05-28 20:00:00+00:00,122.67,4976.35,0.0,-2330.7
2025-05-28 21:00:00+00:00,108.11,4849.25,0.0,-2316.1
2025-05-28 22:00:00+00:00,96.86,4524.63,0.0,-2033.5
2025-05-28 23:00:00+00:00,92.42,4151.88,0.0,-1564.4
2025-05-29 00:00:00+00:00,90.48,3962.4,0.0,-1327.8
2025-05-29 01:00:00+00:00,90.05,3947.0,0.0,-1288.5
2025-05-29 02:00:00+00:00,89.85,4003.63,0.7,-1402.2
2025-05-29 03:00:00+00:00,90.28,4170.95,122.15,-1618.5
2025-05-29 04:00:00+00:00,99.26,4559.13,401.05,-1970.0
2025-05-29 05:00:00+00:00,82.77,4538.25,962.05,-1049.1
2025-05-29 06:00:00+00:00,81.88,4284.98,1913.48,17.8
2025-05-29 07:00:00+00:00,60.88,4066.93,2481.08,892.7
2025-05-29 08:00:00+00:00,18.01,3882.5,2822.78,1316.7
2025-05-29 09:00:00+00:00,1.58,3898.55,2996.85,1566.2
2025-05-29 10:00:00+00:00,0.35,3975.0,2901.83,1757.2
2025-05-29 11:00:00+00:00,9.32,3823.43,2881.1,1891.3
2025-05-29 12:00:00+00:00,5.64,3757.68,2712.48,1594.2
2025-05-29 13:00:00+00:00,17.4,3886.43,2361.63,1453.4
2025-05-29 14:00:00+00:00,37.14,4207.93,1939.18,431.9
2025-05-29 15:00:00+00:00,79.05,4587.6,1306.53,-783.2
2025-05-29 16:00:00+00:00,109.01,5069.38,621.13,-1693.7
2025-05-29 17:00:00+00:00,128.63,5286.0,230.4,-2228.9
2025-05-29 18:00:00+00:00,154.33,5341.13,12.63,-2312.5
2025-05-29 19:00:00+00:00,127.53,5250.68,0.0,-2571.3
2025-05-29 20:00:00+00:00,101.39,4990.08,0.0,-2366.8
2025-05-29 21:00:00+00:00,84.86,4861.43,0.0,-2444.2
2025-05-29 22:00:00+00:00,72.98,4575.73,0.0,-2051.4
2025-05-29 23:00:00+00:00,62.67,4193.3,0.0,-1814.3
2025-05-30 00:00:00+00:00,41.67,4007.85,0.0,-1691.0
2025-05-30 01:00:00+00:00,33.95,3987.05,0.0,-1681.0
2025-05-30 02:00:00+00:00,37.39,4060.55,1.43,-1759.4
2025-05-30 03:00:00+00:00,57.38,4206.8,138.35,-1780.4
2025-05-30 04:00:00+00:00,88.8,4635.25,470.0,-1948.6
2025-05-30 05:00:00+00:00,68.38,4563.68,1222.03,-917.2
2025-05-30 06:00:00+00:00,53.01,4196.85,2134.63,152.8
2025-05-30 07:00:00+00:00,29.13,3898.25,2755.63,1205.4
2025-05-30 08:00:00+00:00,1.87,3742.9,2988.95,1747.1
2025-05-30 09:00:00+00:00,0.53,3972.03,2946.88,1736.1
2025-05-30 10:00:00+00:00,4.02,4319.08,2274.4,1430.5
2025-05-30 11:00:00+00:00,1.03,3941.6,2449.33,1499.0
2025-05-30 12:00:00+00:00,0.01,3889.03,2401.7,1307.6
2025-05-30 13:00:00+00:00,0.2,4095.45,1943.18,979.4
2025-05-30 14:00:00+00:00,0.15,4365.38,1617.83,453.2
2025-05-30 15:00:00+00:00,32.6,4645.1,1001.63,-721.1
2025-05-30 16:00:00+00:00,82.08,4900.6,496.45,-1655.0
2025-05-30 17:00:00+00:00,132.42,5196.2,213.8,-2409.9
2025-05-30 18:00:00+00:00,182.3,5277.13,11.2,-2659.0
2025-05-30 19:00:00+00:00,147.91,5198.03,0.0,-2761.8
2025-05-30 20:00:00+00:00,130.19,4962.15,0.0,-2419.2
2025-05-30 21:00:00+00:00,108.26,4829.68,0.0,-2357.1
2025-05-30 22:00:00+00:00,107.0,4516.15,0.0,-1814.6
2025-05-30 23:00:00+00:00,100.92,4174.15,0.0,-1009.4
2025-05-31 00:00:00+00:00,100.44,3976.63,0.0,-249.2
2025-05-31 01:00:00+00:00,101.42,3926.45,0.0,173.7
2025-05-31 02:00:00+00:00,102.44,3921.45,0.65,263.8
2025-05-31 03:00:00+00:00,100.39,3922.1,135.1,410.1
2025-05-31 04:00:00+00:00,90.06,3986.15,580.45,614.8
2025-05-31 05:00:00+00:00,78.57,3952.45,1260.5,1073.9
2025-05-31 06:00:00+00:00,54.21,3949.45,2428.5,1626.3
2025-05-31 07:00:00+00:00,1.0,3933.6,3212.4,2408.4
2025-05-31 08:00:00+00:00,-0.02,4018.55,3740.3,2464.0
2025-05-31 09:00:00+00:00,-1.0,4096.9,3798.13,2183.2
2025-05-31 10:00:00+00:00,-3.07,3973.63,3472.8,2065.2
2025-05-31 11:00:00+00:00,-13.17,3744.05,3201.2,2332.5
2025-05-31 12:00:00+00:00,-7.75,3632.5,3047.3,2559.6
2025-05-31 13:00:00+00:00,-3.0,3674.15,2744.73,2044.0
2025-05-31 14:00:00+00:00,-0.06,3920.13,2386.83,1204.5
2025-05-31 15:00:00+00:00,43.26,4176.1,1558.03,860.8
2025-05-31 16:00:00+00:00,88.83,4476.28,671.68,-655.7
2025-05-31 17:00:00+00:00,131.37,4920.83,245.68,-2330.9
2025-05-31 18:00:00+00:00,248.38,5082.08,14.85,-2751.2
2025-05-31 19:00:00+00:00,194.76,5038.08,0.0,-2619.2
2025-05-31 20:00:00+00:00,131.44,4774.53,0.0,-2630.0
2025-05-31 21:00:00+00:00,103.08,4509.6,0.0,-1800.3
2025-05-31 22:00:00+00:00,100.68,4106.8,0.0,-1820.5
2025-05-31 23:00:00+00:00,85.16,3809.43,0.0,-1169.0
2025-06-01 00:00:00+00:00,80.71,3646.7,0.0,-756.5
2025-06-01 01:00:00+00:00,73.56,3607.1,0.0,-573.8
2025-06-01 02:00:00+00:00,70.28,3570.8,1.4,-561.3
2025-06-01 03:00:00+00:00,63.64,3497.65,143.38,-478.9
2025-06-01 04:00:00+00:00,34.96,3480.0,494.93,-463.7
2025-06-01 05:00:00+00:00,13.0,3544.3,1258.83,0.4
2025-06-01 06:00:00+00:00,2.4,3652.68,2432.83,750.0
2025-06-01 07:00:00+00:00,-0.01,3700.38,3177.25,1927.7
2025-06-01 08:00:00+00:00,-0.6,3715.33,3673.93,2479.6
2025-06-01 09:00:00+00:00,-2.11,3794.33,3921.23,2404.4
2025-06-01 10:00:00+00:00,-5.48,3684.48,3290.45,2291.4
2025-06-01 11:00:00+00:00,-12.93,3536.65,3330.38,2223.0
2025-06-01 12:00:00+00:00,-20.41,3616.28,3685.63,1692.4
2025-06-01 13:00:00+00:00,-15.61,3718.1,2896.83,1334.8
2025-06-01 14:00:00+00:00,-6.0,3960.88,2380.08,654.0
2025-06-01 15:00:00+00:00,35.02,4283.23,1575.55,318.1
2025-06-01 16:00:00+00:00,110.83,4629.6,608.2,-586.0
2025-06-01 17:00:00+00:00,170.75,5038.73,224.83,-2533.1
2025-06-01 18:00:00+00:00,151.85,5173.2,15.6,-3671.0
2025-06-01 19:00:00+00:00,148.78,5108.33,0.0,-3355.8
2025-06-01 20:00:00+00:00,111.07,4740.4,0.0,-2728.0
2025-06-01 21:00:00+00:00,98.94,4456.43,0.0,-2247.1
2025-06-01 22:00:00+00:00,87.39,4052.0,0.0,-1778.3
2025-06-01 23:00:00+00:00,77.29,3848.78,0.0,-1406.4
2025-06-02 00:00:00+00:00,77.52,3637.03,0.0,-1258.0
2025-06-02 01:00:00+00:00,83.19,3585.8,0.0,-1201.7
2025-06-02 02:00:00+00:00,85.65,3652.78,1.35,-1251.2
2025-06-02 03:00:00+00:00,101.71,3845.78,134.58,-1344.7
2025-06-02 04:00:00+00:00,110.75,4346.93,483.35,-1705.9
2025-06-02 05:00:00+00:00,109.83,4567.45,1122.98,-910.5
2025-06-02 06:00:00+00:00,102.37,4549.53,2243.13,104.5
2025-06-02 07:00:00+00:00,87.66,4516.18,3084.8,1041.2
2025-06-02 08:00:00+00:00,59.45,4507.23,3694.8,1651.3
2025-06-02 09:00:00+00:00,33.21,4590.43,3913.08,1755.6
2025-06-02 10:00:00+00:00,20.0,4551.93,3208.23,1871.3
2025-06-02 11:00:00+00:00,12.78,4573.83,3269.88,1865.6
2025-06-02 12:00:00+00:00,11.0,4670.18,3470.88,1501.7
2025-06-02 13:00:00+00:00,19.75,4823.75,2736.55,839.5
2025-06-02 14:00:00+00:00,59.6,4984.4,2114.15,-91.7
2025-06-02 15:00:00+00:00,96.02,5158.13,1390.3,-1168.3
2025-06-02 16:00:00+00:00,154.93,5372.73,608.3,-2040.7
2025-06-02 17:00:00+00:00,286.32,5687.9,209.33,-2670.3
2025-06-02 18:00:00+00:00,392.17,5789.38,16.35,-2985.9
2025-06-02 19:00:00+00:00,248.0,5683.9,0.0,-2913.4
2025-06-02 20:00:00+00:00,146.71,5311.78,0.0,-2476.5
2025-06-02 21:00:00+00:00,119.72,5025.0,0.0,-2334.2
2025-06-02 22:00:00+00:00,117.01,4572.45,0.0,-1927.6
2025-06-02 23:00:00+00:00,114.47,4291.48,0.0,-1529.7
2025-06-03 00:00:00+00:00,106.05,4046.15,0.0,-1264.5
2025-06-03 01:00:00+00:00,103.81,3983.83,0.0,-1151.3
2025-06-03 02:00:00+00:00,105.93,4008.05,1.65,-1158.4
2025-06-03 03:00:00+00:00,120.9,4131.43,131.33,-1277.8
2025-06-03 04:00:00+00:00,139.11,4489.63,406.0,-1574.6
2025-06-03 05:00:00+00:00,124.25,4614.18,1013.93,-769.8
2025-06-03 06:00:00+00:00,88.29,4641.18,1901.98,113.1
2025-06-03 07:00:00+00:00,58.67,4543.95,2478.43,676.5
2025-06-03 08:00:00+00:00,6.0,4502.08,3013.98,1229.6
2025-06-03 09:00:00+00:00,5.73,4437.93,3220.65,1473.7
2025-06-03 10:00:00+00:00,7.06,4019.98,2962.28,1483.3
2025-06-03 11:00:00+00:00,5.46,4417.33,2801.7,1173.3
2025-06-03 12:00:00+00:00,3.72,4585.18,2997.13,1001.9
2025-06-03 13:00:00+00:00,10.44,4729.53,2585.4,802.3
2025-06-03 14:00:00+00:00,47.67,4877.4,2189.08,89.2
2025-06-03 15:00:00+00:00,92.05,5007.3,1382.38,-833.4
2025-06-03 16:00:00+00:00,148.35,5263.5,566.3,-1850.6
2025-06-03 17:00:00+00:00,166.22,5616.48,222.73,-2735.9
2025-06-03 18:00:00+00:00,253.52,5668.28,18.1,-2991.4
2025-06-03 19:00:00+00:00,154.81,5541.0,0.0,-2929.1
2025-06-03 20:00:00+00:00,121.95,5189.6,0.0,-2637.4
2025-06-03 21:00:00+00:00,133.29,4931.95,0.0,-2621.6
2025-06-03 22:00:00+00:00,120.84,4412.75,0.0,-1571.0
2025-06-03 23:00:00+00:00,96.41,4111.63,0.0,-1291.3
2025-06-04 00:00:00+00:00,87.97,4019.4,0.0,-1200.4
2025-06-04 01:00:00+00:00,87.0,3984.15,0.0,-1228.3
2025-06-04 02:00:00+00:00,93.07,4033.6,1.58,-1319.1
2025-06-04 03:00:00+00:00,97.37,4171.23,150.13,-1295.1
2025-06-04 04:00:00+00:00,101.77,4495.53,569.33,-1189.6
2025-06-04 05:00:00+00:00,112.33,4650.05,1250.88,-317.3
2025-06-04 06:00:00+00:00,102.09,4476.43,2437.6,707.9
2025-06-04 07:00:00+00:00,50.78,4330.35,3198.2,1696.3
2025-06-04 08:00:00+00:00,12.85,4255.13,3799.78,2316.7
2025-06-04 09:00:00+00:00,13.97,4210.2,3964.28,2576.5
2025-06-04 10:00:00+00:00,10.59,4102.75,3571.65,2615.1
2025-06-04 11:00:00+00:00,9.69,4154.85,3525.13,2394.1
2025-06-04 12:00:00+00:00,18.38,4273.83,3779.25,2116.3
2025-06-04 13:00:00+00:00,50.51,4539.8,3201.25,1653.6
2025-06-04 14:00:00+00:00,86.78,4809.63,2638.93,846.4
2025-06-04 15:00:00+00:00,115.09,5120.23,1665.33,-272.3
2025-06-04 16:00:00+00:00,156.84,5402.63,691.38,-1184.2
2025-06-04 17:00:00+00:00,210.0,5670.58,252.3,-1736.8
2025-06-04 18:00:00+00:00,341.09,5689.23,21.55,-1872.8
2025-06-04 19:00:00+00:00,252.94,5544.88,0.0,-1868.8
2025-06-04 20:00:00+00:00,157.69,5241.85,0.0,-1988.3
2025-06-04 21:00:00+00:00,129.76,5071.2,0.0,-1848.7
2025-06-04 22:00:00+00:00,118.47,4673.35,0.0,-1680.5
2025-06-04 23:00:00+00:00,107.26,4338.83,0.0,-1424.4
2025-06-05 00:00:00+00:00,98.85,4090.85,0.0,-1349.1
2025-06-05 01:00:00+00:00,97.12,4028.78,0.0,-1418.6
2025-06-05 02:00:00+00:00,99.92,4098.65,2.33,-1481.6
2025-06-05 03:00:00+00:00,104.71,4268.33,157.9,-1456.9
2025-06-05 04:00:00+00:00,111.33,4709.6,581.33,-1210.7
2025-06-05 05:00:00+00:00,127.19,4770.13,1253.28,-315.3
2025-06-05 06:00:00+00:00,113.31,4551.03,2400.15,735.5
2025-06-05 07:00:00+00:00,79.53,4459.33,3158.93,1698.9
2025-06-05 08:00:00+00:00,66.09,4488.75,3767.28,2125.3
2025-06-05 09:00:00+00:00,48.68,4445.83,4095.85,2231.9
2025-06-05 10:00:00+00:00,20.35,4147.53,3548.65,2363.9
2025-06-05 11:00:00+00:00,12.13,4189.75,3646.03,2257.3
2025-06-05 12:00:00+00:00,8.35,4357.78,3872.48,1932.1
2025-06-05 13:00:00+00:00,23.11,4683.38,3268.25,1403.6
2025-06-05 14:00:00+00:00,76.96,4992.13,2662.2,607.0
2025-06-05 15:00:00+00:00,96.41,5179.63,1748.45,-571.1
2025-06-05 16:00:00+00:00,133.02,5477.63,731.68,-1353.9
2025-06-05 17:00:00+00:00,167.39,5674.8,267.9,-1850.1
2025-06-05 18:00:00+00:00,246.61,5693.58,22.7,-1922.9
2025-06-05 19:00:00+00:00,134.41,5598.75,0.0,-1989.4
2025-06-05 20:00:00+00:00,118.51,5310.7,0.0,-2132.3
2025-06-05 21:00:00+00:00,117.63,5075.4,0.0,-2121.0
2025-06-05 22:00:00+00:00,102.02,4702.68,0.0,-2288.2
2025-06-05 23:00:00+00:00,118.44,4395.65,0.0,-2084.2
2025-06-06 00:00:00+00:00,104.75,4266.08,0.0,-2120.3
2025-06-06 01:00:00+00:00,98.89,4211.53,0.0,-2092.8
2025-06-06 02:00:00+00:00,104.9,4232.0,3.4,-2129.2
2025-06-06 03:00:00+00:00,96.02,4316.83,163.0,-2097.7
2025-06-06 04:00:00+00:00,104.57,4563.58,585.7,-1666.5
2025-06-06 05:00:00+00:00,97.17,4683.0,1293.18,-734.3
2025-06-06 06:00:00+00:00,65.67,4467.85,2444.58,135.0
2025-06-06 07:00:00+00:00,8.39,4299.2,3165.43,1000.4
2025-06-06 08:00:00+00:00,0.04,4218.7,3729.1,1494.1
2025-06-06 09:00:00+00:00,1.54,4191.68,4094.03,1664.3
2025-06-06 10:00:00+00:00,9.81,4052.85,3586.43,1446.1
2025-06-06 11:00:00+00:00,23.23,4050.55,3669.68,1207.1
2025-06-06 12:00:00+00:00,19.73,4150.98,3432.58,1081.5
2025-06-06 13:00:00+00:00,35.27,4395.95,2776.55,930.9
2025-06-06 14:00:00+00:00,78.12,4747.83,2450.78,-64.1
2025-06-06 15:00:00+00:00,101.41,5063.35,1526.75,-1285.0
2025-06-06 16:00:00+00:00,164.01,5495.95,665.65,-2141.8
2025-06-06 17:00:00+00:00,144.9,5629.23,265.48,-2583.6
2025-06-06 18:00:00+00:00,177.51,5596.43,23.93,-2493.5
2025-06-06 19:00:00+00:00,136.81,5554.35,0.0,-2493.1
2025-06-06 20:00:00+00:00,125.31,5305.85,0.0,-2708.7
2025-06-06 21:00:00+00:00,108.43,5098.88,0.0,-2513.4
2025-06-06 22:00:00+00:00,101.56,4700.03,0.0,-2413.4
2025-06-06 23:00:00+00:00,99.16,4356.33,0.0,-2001.4
2025-06-07 00:00:00+00:00,96.25,4108.68,0.0,-1863.5
2025-06-07 01:00:00+00:00,97.16,4025.28,0.0,-1783.6
2025-06-07 02:00:00+00:00,91.98,3966.98,3.0,-1716.2
2025-06-07 03:00:00+00:00,90.58,3867.9,157.83,-1562.0
2025-06-07 04:00:00+00:00,81.66,3945.18,562.63,-1058.5
2025-06-07 05:00:00+00:00,81.28,4113.18,1242.53,25.7
2025-06-07 06:00:00+00:00,74.24,4113.58,2074.13,1024.3
2025-06-07 07:00:00+00:00,60.04,4025.73,2735.2,1643.3
2025-06-07 08:00:00+00:00,28.25,3982.03,3355.85,2020.9
2025-06-07 09:00:00+00:00,9.44,4035.6,3854.9,2070.8
2025-06-07 10:00:00+00:00,1.19,3994.9,3566.48,2100.1
2025-06-07 11:00:00+00:00,-0.01,3930.83,3605.68,2029.2
2025-06-07 12:00:00+00:00,-0.02,3950.48,3285.35,1616.6
2025-06-07 13:00:00+00:00,-0.02,4098.58,2821.93,1089.7
2025-06-07 14:00:00+00:00,5.34,4373.65,2454.5,274.4
2025-06-07 15:00:00+00:00,105.66,4629.95,1617.35,-767.1
2025-06-07 16:00:00+00:00,150.86,4927.43,710.48,-1660.6
2025-06-07 17:00:00+00:00,200.87,5079.2,277.85,-2839.1
2025-06-07 18:00:00+00:00,249.53,5095.08,23.1,-3092.6
2025-06-07 19:00:00+00:00,178.19,5136.35,0.0,-3251.5
2025-06-07 20:00:00+00:00,127.28,4910.05,0.0,-2765.5
2025-06-07 21:00:00+00:00,125.97,4636.5,0.0,-2616.2
2025-06-07 22:00:00+00:00,95.74,4115.65,0.0,-2307.7
2025-06-07 23:00:00+00:00,88.35,3942.85,0.0,-2110.6
2025-06-08 00:00:00+00:00,85.96,3648.58,0.0,-2013.1
2025-06-08 01:00:00+00:00,83.74,3556.68,0.0,-1950.2
2025-06-08 02:00:00+00:00,78.16,3452.35,2.28,-1856.3
2025-06-08 03:00:00+00:00,65.26,3278.43,148.38,-1583.5
2025-06-08 04:00:00+00:00,45.04,3132.98,514.33,-895.5
2025-06-08 05:00:00+00:00,4.0,3234.25,1245.45,156.0
2025-06-08 06:00:00+00:00,0.0,3154.65,2385.9,1131.8
2025-06-08 07:00:00+00:00,-0.5,3082.6,3094.25,1906.5
2025-06-08 08:00:00+00:00,-2.0,2981.63,3605.9,2589.6
2025-06-08 09:00:00+00:00,-3.1,3010.7,3810.7,2528.5
2025-06-08 10:00:00+00:00,-17.01,3017.1,3172.43,1885.1
2025-06-08 11:00:00+00:00,-25.0,2894.4,2862.83,1681.7
2025-06-08 12:00:00+00:00,-31.59,2916.45,2494.68,1239.9
2025-06-08 13:00:00+00:00,-18.83,3012.83,2278.38,892.4
2025-06-08 14:00:00+00:00,0.72,3254.58,1953.48,627.8
2025-06-08 15:00:00+00:00,89.99,3547.73,1162.4,-425.0
2025-06-08 16:00:00+00:00,121.77,4057.83,428.75,-1731.6
2025-06-08 17:00:00+00:00,143.7,4364.78,216.35,-2736.0
2025-06-08 18:00:00+00:00,170.91,4358.28,16.35,-2874.3
2025-06-08 19:00:00+00:00,138.77,4358.0,0.0,-2804.0
2025-06-08 20:00:00+00:00,105.07,4138.7,0.0,-2195.2
2025-06-08 21:00:00+00:00,87.26,3940.78,0.0,-2167.5
2025-06-08 22:00:00+00:00,81.7,3594.6,0.0,-1466.4
2025-06-08 23:00:00+00:00,72.94,3407.25,0.0,-1363.3
2025-06-09 00:00:00+00:00,63.5,3332.95,0.0,-1413.8
2025-06-09 01:00:00+00:00,61.93,3281.83,0.0,-1400.5
2025-06-09 02:00:00+00:00,64.12,3239.33,1.48,-1365.1
2025-06-09 03:00:00+00:00,71.2,3109.5,52.08,-1057.8
2025-06-09 04:00:00+00:00,89.0,2821.78,138.88,-489.5
2025-06-09 05:00:00+00:00,81.35,2697.4,402.83,232.4
2025-06-09 06:00:00+00:00,51.63,2574.38,829.18,757.0
2025-06-09 07:00:00+00:00,12.09,2497.23,1240.25,1111.9
2025-06-09 08:00:00+00:00,6.82,2457.88,1556.6,1368.0
2025-06-09 09:00:00+00:00,9.98,2415.2,1906.75,1483.2
2025-06-09 10:00:00+00:00,7.35,2362.05,1770.95,1874.6
2025-06-09 11:00:00+00:00,2.95,2303.43,2312.98,2099.2
2025-06-09 12:00:00+00:00,-6.29,2483.08,3025.03,2385.8
2025-06-09 13:00:00+00:00,3.93,2775.03,2836.9,2160.4
2025-06-09 14:00:00+00:00,6.63,3185.15,2528.68,1633.6
2025-06-09 15:00:00+00:00,78.38,3604.48,1763.1,238.5
2025-06-09 16:00:00+00:00,114.4,4207.75,833.35,-923.1
2025-06-09 17:00:00+00:00,156.1,4436.95,322.75,-1625.6
2025-06-09 18:00:00+00:00,214.39,4433.03,30.4,-1668.8
2025-06-09 19:00:00+00:00,160.23,4369.1,0.0,-1700.8
2025-06-09 20:00:00+00:00,124.76,4151.35,0.0,-1513.9
2025-06-09 21:00:00+00:00,105.6,3929.53,0.0,-1302.4
2025-06-09 22:00:00+00:00,89.72,3592.2,0.0,-1037.6
2025-06-09 23:00:00+00:00,81.58,3327.65,0.0,-1020.3
2025-06-10 00:00:00+00:00,70.98,3339.7,0.0,-1161.0
2025-06-10 01:00:00+00:00,61.71,3361.53,0.0,-1244.8
2025-06-10 02:00:00+00:00,56.05,4022.15,3.63,-1747.0
2025-06-10 03:00:00+00:00,68.89,4211.73,184.5,-1654.3
2025-06-10 04:00:00+00:00,80.92,4791.6,648.9,-1747.3
2025-06-10 05:00:00+00:00,84.86,4624.75,1387.48,-302.7
2025-06-10 06:00:00+00:00,85.81,4123.0,2633.8,886.2
2025-06-10 07:00:00+00:00,65.21,3981.85,3413.98,1756.0
2025-06-10 08:00:00+00:00,23.0,3929.25,3993.7,2344.2
2025-06-10 09:00:00+00:00,0.79,3982.4,4305.35,2625.6
2025-06-10 10:00:00+00:00,0.08,4246.65,3727.73,2484.3
2025-06-10 11:00:00+00:00,0.01,4076.18,3871.73,2366.4
2025-06-10 12:00:00+00:00,21.12,4081.9,4096.53,2043.6
2025-06-10 13:00:00+00:00,54.93,4386.85,3473.53,1489.0
2025-06-10 14:00:00+00:00,74.64,4710.98,2915.6,606.0
2025-06-10 15:00:00+00:00,105.27,5031.83,1896.03,-612.0
2025-06-10 16:00:00+00:00,135.47,5357.58,825.25,-1761.1
2025-06-10 17:00:00+00:00,195.55,5603.43,311.88,-2480.6
2025-06-10 18:00:00+00:00,223.23,5548.65,32.18,-2446.2
2025-06-10 19:00:00+00:00,137.32,5378.4,0.0,-2460.8
2025-06-10 20:00:00+00:00,101.8,5080.23,0.0,-2271.8
2025-06-10 21:00:00+00:00,93.48,4882.2,0.0,-2173.1
2025-06-10 22:00:00+00:00,81.82,4494.13,0.0,-2469.9
2025-06-10 23:00:00+00:00,75.7,4155.55,0.0,-2187.7
2025-06-11 00:00:00+00:00,69.33,4071.23,0.0,-2021.3
2025-06-11 01:00:00+00:00,72.45,4057.13,0.0,-1938.2
2025-06-11 02:00:00+00:00,73.3,4137.88,3.05,-1739.7
2025-06-11 03:00:00+00:00,85.47,4236.2,163.55,-1695.2
2025-06-11 04:00:00+00:00,108.99,4343.03,548.28,-1380.3
2025-06-11 05:00:00+00:00,106.61,4790.2,1279.85,-789.4
2025-06-11 06:00:00+00:00,83.12,4998.28,2343.58,126.8
2025-06-11 07:00:00+00:00,60.51,4826.95,3057.8,1084.5
2025-06-11 08:00:00+00:00,20.21,4645.83,3606.43,1697.5
2025-06-11 09:00:00+00:00,1.22,4270.33,3582.4,1414.7
2025-06-11 10:00:00+00:00,4.28,3719.3,3529.7,1307.1
2025-06-11 11:00:00+00:00,8.56,4047.08,3368.65,1445.5
2025-06-11 12:00:00+00:00,12.92,4209.55,3751.68,1534.1
2025-06-11 13:00:00+00:00,29.47,4419.65,3227.63,1236.5
2025-06-11 14:00:00+00:00,71.65,4715.13,2747.68,195.0
2025-06-11 15:00:00+00:00,103.09,4922.1,1876.45,-917.5
2025-06-11 16:00:00+00:00,111.71,5049.68,837.93,-1924.4
2025-06-11 17:00:00+00:00,149.84,5490.0,325.08,-2545.5
2025-06-11 18:00:00+00:00,219.16,5661.3,33.73,-2598.1
2025-06-11 19:00:00+00:00,185.7,5492.73,0.0,-2877.7
2025-06-11 20:00:00+00:00,123.06,5121.85,0.0,-2598.5
2025-06-11 21:00:00+00:00,103.19,4897.45,0.0,-2562.0
2025-06-11 22:00:00+00:00,105.57,4550.13,0.0,-2136.7
2025-06-11 23:00:00+00:00,89.33,4223.98,0.0,-1778.1
2025-06-12 00:00:00+00:00,84.86,4085.1,0.0,-1601.7
2025-06-12 01:00:00+00:00,85.14,4051.6,0.0,-1542.4
2025-06-12 02:00:00+00:00,89.39,3723.08,3.48,-1202.0
2025-06-12 03:00:00+00:00,96.72,3943.93,172.3,-1253.9
2025-06-12 04:00:00+00:00,112.31,4393.4,593.75,-1410.8
2025-06-12 05:00:00+00:00,101.74,4423.53,1330.85,-496.0
2025-06-12 06:00:00+00:00,77.45,4255.2,2358.73,732.3
2025-06-12 07:00:00+00:00,36.67,4029.0,3012.23,1684.0
2025-06-12 08:00:00+00:00,0.01,3883.4,3499.73,2137.4
2025-06-12 09:00:00+00:00,3.54,3780.83,3881.68,1896.9
2025-06-12 10:00:00+00:00,10.72,3880.6,3705.83,2122.9
2025-06-12 11:00:00+00:00,10.73,3712.45,3740.93,2155.9
2025-06-12 12:00:00+00:00,26.25,3768.8,3962.73,1882.1
2025-06-12 13:00:00+00:00,35.69,4015.18,3403.35,1374.3
2025-06-12 14:00:00+00:00,32.7,4342.45,2874.98,266.5
2025-06-12 15:00:00+00:00,75.85,4703.0,1843.7,-809.5
2025-06-12 16:00:00+00:00,121.08,5091.0,858.85,-1906.5
2025-06-12 17:00:00+00:00,180.84,5353.43,330.45,-2654.2
2025-06-12 18:00:00+00:00,217.97,5415.55,35.13,-2780.0
2025-06-12 19:00:00+00:00,151.49,5282.48,0.0,-3036.7
2025-06-12 20:00:00+00:00,128.44,4988.43,0.0,-2639.8
2025-06-12 21:00:00+00:00,106.42,4817.93,0.0,-2507.1
2025-06-12 22:00:00+00:00,110.76,4427.43,0.0,-2289.2
2025-06-12 23:00:00+00:00,96.02,4130.25,0.0,-1977.6
2025-06-13 00:00:00+00:00,90.67,3976.9,0.0,-1825.8
2025-06-13 01:00:00+00:00,87.98,3963.4,0.0,-1807.0
2025-06-13 02:00:00+00:00,85.95,3916.53,3.55,-1772.7
2025-06-13 03:00:00+00:00,93.44,4061.03,180.68,-1737.7
2025-06-13 04:00:00+00:00,100.12,4437.4,644.43,-1564.8
2025-06-13 05:00:00+00:00,87.07,4412.88,1385.95,-505.6
2025-06-13 06:00:00+00:00,76.13,4123.35,2550.88,805.6
2025-06-13 07:00:00+00:00,40.14,3916.0,3385.48,1854.2
2025-06-13 08:00:00+00:00,4.68,3822.55,4040.38,2334.9
2025-06-13 09:00:00+00:00,0.03,3855.15,4329.08,2214.4
2025-06-13 10:00:00+00:00,1.5,3713.75,3782.58,2213.3
2025-06-13 11:00:00+00:00,0.01,3744.88,3909.23,2194.3
2025-06-13 12:00:00+00:00,5.9,3763.28,4162.38,1947.9
2025-06-13 13:00:00+00:00,31.17,3914.83,3504.38,1662.6
2025-06-13 14:00:00+00:00,39.65,4251.25,2910.78,570.4
2025-06-13 15:00:00+00:00,87.09,4607.03,1783.83,-578.1
2025-06-13 16:00:00+00:00,87.17,5047.55,852.63,-1800.2
2025-06-13 17:00:00+00:00,138.14,5254.65,329.98,-2620.1
2025-06-13 18:00:00+00:00,174.42,5287.48,35.38,-2705.5
2025-06-13 19:00:00+00:00,150.52,5223.38,0.0,-2863.1
2025-06-13 20:00:00+00:00,132.12,5032.4,0.0,-2635.6
2025-06-13 21:00:00+00:00,113.36,4824.6,0.0,-2512.4
2025-06-13 22:00:00+00:00,110.76,4333.85,0.0,-2120.8
2025-06-13 23:00:00+00:00,93.07,4002.48,0.0,-1998.0
2025-06-14 00:00:00+00:00,89.96,3943.9,0.0,-2119.6
2025-06-14 01:00:00+00:00,83.36,3894.85,0.0,-2169.3
2025-06-14 02:00:00+00:00,70.28,3855.48,2.95,-2225.5
2025-06-14 03:00:00+00:00,64.32,3738.9,182.7,-1944.5
2025-06-14 04:00:00+00:00,52.2,3593.28,628.73,-1377.9
2025-06-14 05:00:00+00:00,22.19,3607.58,1366.43,-439.3
2025-06-14 06:00:00+00:00,8.38,3593.13,2608.98,235.6
2025-06-14 07:00:00+00:00,0.0,3589.08,3378.95,889.2
2025-06-14 08:00:00+00:00,-2.68,3601.6,3928.85,1351.3
2025-06-14 09:00:00+00:00,-10.36,3593.88,4194.53,1312.0
2025-06-14 10:00:00+00:00,-23.34,3596.08,3713.88,1062.0
2025-06-14 11:00:00+00:00,-25.64,3537.68,3725.68,875.1
2025-06-14 12:00:00+00:00,-27.79,3645.93,4029.68,1122.0
2025-06-14 13:00:00+00:00,-7.49,3882.85,3376.43,649.2
2025-06-14 14:00:00+00:00,-0.68,4191.78,2745.88,153.1
2025-06-14 15:00:00+00:00,4.08,4505.43,1807.38,-1989.6
2025-06-14 16:00:00+00:00,89.47,4821.38,857.6,-2543.0
2025-06-14 17:00:00+00:00,153.69,4993.7,328.3,-3518.2
2025-06-14 18:00:00+00:00,211.0,5011.68,37.33,-4037.1
2025-06-14 19:00:00+00:00,168.19,4957.3,0.0,-3684.8
2025-06-14 20:00:00+00:00,158.64,4629.25,0.0,-2851.1
2025-06-14 21:00:00+00:00,112.08,4350.28,0.0,-2642.3
2025-06-14 22:00:00+00:00,92.06,4003.73,0.0,-2000.6
2025-06-14 23:00:00+00:00,87.92,3732.35,0.0,-1940.0
2025-06-15 00:00:00+00:00,86.24,3693.63,0.0,-2005.3
2025-06-15 01:00:00+00:00,88.33,3687.18,0.0,-1906.2
2025-06-15 02:00:00+00:00,90.48,3673.2,3.4,-1812.0
2025-06-15 03:00:00+00:00,91.0,3565.95,179.03,-1537.4
2025-06-15 04:00:00+00:00,81.18,3411.83,611.25,-1066.9
2025-06-15 05:00:00+00:00,60.48,3464.45,1338.53,58.6
2025-06-15 06:00:00+00:00,8.01,3541.75,2566.68,688.5
2025-06-15 07:00:00+00:00,0.1,3582.55,3322.5,1214.8
2025-06-15 08:00:00+00:00,0.0,3635.6,3886.2,1677.5
2025-06-15 09:00:00+00:00,-0.02,3661.18,4170.03,1871.6
2025-06-15 10:00:00+00:00,-1.54,3614.6,3642.95,1970.8
2025-06-15 11:00:00+00:00,-5.85,3548.25,3768.0,1890.6
2025-06-15 12:00:00+00:00,-5.0,3784.48,3984.28,1678.2
2025-06-15 13:00:00+00:00,-2.0,4141.3,3358.85,956.1
2025-06-15 14:00:00+00:00,-0.01,4496.65,2821.68,199.5
2025-06-15 15:00:00+00:00,60.69,4722.48,1821.83,-1007.8
2025-06-15 16:00:00+00:00,104.43,4853.5,819.95,-2240.5
2025-06-15 17:00:00+00:00,137.18,5000.03,324.55,-3111.1
2025-06-15 18:00:00+00:00,161.83,5115.3,37.83,-3651.5
2025-06-15 19:00:00+00:00,147.43,5044.3,0.0,-3515.8
2025-06-15 20:00:00+00:00,135.9,4722.63,0.0,-2961.7
2025-06-15 21:00:00+00:00,111.54,4443.3,0.0,-2634.4
2025-06-15 22:00:00+00:00,104.18,4039.95,0.0,-2150.1
2025-06-15 23:00:00+00:00,91.76,3876.28,0.0,-1883.1
2025-06-16 00:00:00+00:00,87.02,3705.33,0.0,-1725.0
2025-06-16 01:00:00+00:00,85.55,3660.85,0.0,-1637.9
2025-06-16 02:00:00+00:00,83.08,3688.9,3.63,-1606.7
2025-06-16 03:00:00+00:00,100.36,3880.65,169.55,-1587.1
2025-06-16 04:00:00+00:00,110.02,4327.55,549.43,-1561.9
2025-06-16 05:00:00+00:00,122.95,4442.28,1092.08,-568.9
2025-06-16 06:00:00+00:00,106.88,4345.1,1998.48,531.7
2025-06-16 07:00:00+00:00,82.19,4148.45,2601.83,1388.0
2025-06-16 08:00:00+00:00,64.27,4011.63,3002.43,1922.9
2025-06-16 09:00:00+00:00,42.61,3923.95,3176.63,1699.7
2025-06-16 10:00:00+00:00,42.17,3852.35,2863.38,1869.8
2025-06-16 11:00:00+00:00,40.97,3828.03,2888.68,1681.2
2025-06-16 12:00:00+00:00,40.58,3855.55,2401.13,1328.1
2025-06-16 13:00:00+00:00,59.47,4062.48,2278.1,745.8
2025-06-16 14:00:00+00:00,78.62,4334.7,1780.13,85.6
2025-06-16 15:00:00+00:00,89.23,4639.63,1117.15,-867.5
2025-06-16 16:00:00+00:00,112.29,5070.7,403.18,-2050.2
2025-06-16 17:00:00+00:00,128.31,5380.95,208.75,-2613.4
2025-06-16 18:00:00+00:00,189.07,5316.78,21.85,-2740.3
2025-06-16 19:00:00+00:00,194.29,5310.05,0.0,-2917.7
2025-06-16 20:00:00+00:00,137.98,5079.68,0.0,-2519.3
2025-06-16 21:00:00+00:00,117.38,4958.58,0.0,-2434.6
2025-06-16 22:00:00+00:00,104.77,4462.93,0.0,-2106.5
2025-06-16 23:00:00+00:00,96.61,4235.33,0.0,-1818.8
2025-06-17 00:00:00+00:00,94.3,4081.95,0.0,-1630.8
2025-06-17 01:00:00+00:00,93.81,4031.1,0.0,-1552.8
2025-06-17 02:00:00+00:00,94.71,4064.35,2.35,-1521.9
2025-06-17 03:00:00+00:00,102.51,4141.88,101.3,-1572.7
2025-06-17 04:00:00+00:00,117.37,4444.2,305.55,-1551.2
2025-06-17 05:00:00+00:00,105.87,4515.93,867.38,-903.2
2025-06-17 06:00:00+00:00,96.73,4102.9,1001.53,32.0
2025-06-17 07:00:00+00:00,66.59,3811.73,1431.58,565.2
2025-06-17 08:00:00+00:00,6.1,3630.75,1866.15,932.4
2025-06-17 09:00:00+00:00,8.01,3663.75,2077.55,905.4
2025-06-17 10:00:00+00:00,10.59,4069.7,2210.0,1007.3
2025-06-17 11:00:00+00:00,10.75,3724.88,2523.78,946.4
2025-06-17 12:00:00+00:00,19.6,3582.1,2519.3,760.3
2025-06-17 13:00:00+00:00,29.22,3863.93,2252.48,546.0
2025-06-17 14:00:00+00:00,70.15,4195.1,1929.95,12.0
2025-06-17 15:00:00+00:00,98.46,4649.35,1178.35,-829.7
2025-06-17 16:00:00+00:00,119.14,5332.73,670.93,-1928.8
2025-06-17 17:00:00+00:00,152.12,5425.45,265.15,-2884.8
2025-06-17 18:00:00+00:00,245.06,5319.05,31.45,-2824.0
2025-06-17 19:00:00+00:00,241.97,5292.9,0.0,-2745.7
2025-06-17 20:00:00+00:00,139.31,5081.45,0.0,-2383.8
2025-06-17 21:00:00+00:00,118.51,4942.63,0.0,-2287.8
2025-06-17 22:00:00+00:00,112.84,4493.95,0.0,-1685.3
2025-06-17 23:00:00+00:00,106.38,4185.58,0.0,-1428.9
2025-06-18 00:00:00+00:00,101.34,4071.45,0.0,-1405.5
2025-06-18 01:00:00+00:00,95.2,4022.43,0.0,-1451.3
2025-06-18 02:00:00+00:00,96.46,4066.13,3.1,-1514.9
2025-06-18 03:00:00+00:00,102.43,4228.45,150.35,-1584.9
2025-06-18 04:00:00+00:00,111.37,4647.4,570.5,-1910.9
2025-06-18 05:00:00+00:00,114.37,4761.78,1161.73,-1132.2
2025-06-18 06:00:00+00:00,107.04,4398.18,2143.2,-193.1
2025-06-18 07:00:00+00:00,67.72,4250.35,2902.2,392.2
2025-06-18 08:00:00+00:00,22.07,4228.83,3432.55,997.6
2025-06-18 09:00:00+00:00,1.17,4359.9,3693.65,1198.2
2025-06-18 10:00:00+00:00,2.95,4703.05,3242.95,1163.3
2025-06-18 11:00:00+00:00,4.88,4337.5,3077.15,1048.4
2025-06-18 12:00:00+00:00,9.68,4389.18,3295.95,537.6
2025-06-18 13:00:00+00:00,57.01,4602.35,2978.13,-313.7
2025-06-18 14:00:00+00:00,87.2,4872.43,2578.45,-1022.6
2025-06-18 15:00:00+00:00,105.2,5176.58,1680.13,-1493.7
2025-06-18 16:00:00+00:00,133.44,5392.03,709.88,-2220.5
2025-06-18 17:00:00+00:00,170.99,5587.88,284.4,-2817.8
2025-06-18 18:00:00+00:00,244.89,5723.1,38.2,-3186.4
2025-06-18 19:00:00+00:00,177.32,5562.9,0.0,-3326.8
2025-06-18 20:00:00+00:00,135.38,5278.95,0.0,-3135.3
2025-06-18 21:00:00+00:00,116.28,5086.65,0.0,-2751.5
2025-06-18 22:00:00+00:00,113.53,4644.15,0.0,-2110.9
2025-06-18 23:00:00+00:00,107.32,4311.2,0.0,-1928.0
2025-06-19 00:00:00+00:00,103.65,4184.73,0.0,-1905.8
2025-06-19 01:00:00+00:00,100.03,4151.58,0.0,-1921.2
2025-06-19 02:00:00+00:00,98.49,4190.58,3.48,-2045.6
2025-06-19 03:00:00+00:00,99.84,4338.33,171.5,-2193.3
2025-06-19 04:00:00+00:00,98.74,4756.88,567.73,-2083.0
2025-06-19 05:00:00+00:00,86.63,4983.2,1276.63,-1681.9
2025-06-19 06:00:00+00:00,78.44,5028.6,2422.25,-1269.3
2025-06-19 07:00:00+00:00,8.11,4936.75,3062.75,-632.3
2025-06-19 08:00:00+00:00,0.81,4909.25,3427.68,-240.3
2025-06-19 09:00:00+00:00,9.59,4820.43,3665.08,-26.6
2025-06-19 10:00:00+00:00,9.9,4366.78,3182.63,44.8
2025-06-19 11:00:00+00:00,11.5,4533.95,3006.58,-41.7
2025-06-19 12:00:00+00:00,28.17,4801.65,2984.68,-439.7
2025-06-19 13:00:00+00:00,69.32,4918.05,2596.8,-873.4
2025-06-19 14:00:00+00:00,78.89,5016.23,2067.6,-1212.1
2025-06-19 15:00:00+00:00,116.37,5198.08,1503.1,-1573.7
2025-06-19 16:00:00+00:00,154.52,5483.5,717.2,-2102.2
2025-06-19 17:00:00+00:00,161.73,5681.7,304.43,-2988.1
2025-06-19 18:00:00+00:00,185.2,5779.83,38.5,-3519.6
2025-06-19 19:00:00+00:00,160.75,5658.1,0.0,-3281.2
2025-06-19 20:00:00+00:00,149.82,5339.7,0.0,-2920.2
2025-06-19 21:00:00+00:00,129.11,5102.75,0.0,-2598.4
2025-06-19 22:00:00+00:00,114.16,4595.35,0.0,-2204.5
2025-06-19 23:00:00+00:00,107.52,4336.98,0.0,-1931.2
2025-06-20 00:00:00+00:00,105.99,4194.33,0.0,-1770.3
2025-06-20 01:00:00+00:00,105.97,4161.65,0.0,-1727.9
2025-06-20 02:00:00+00:00,104.32,4181.6,2.15,-1757.0
2025-06-20 03:00:00+00:00,109.29,4206.53,156.63,-1723.7
2025-06-20 04:00:00+00:00,120.06,4478.8,553.45,-1634.5
2025-06-20 05:00:00+00:00,116.66,4616.15,1317.6,-905.5
2025-06-20 06:00:00+00:00,101.18,4442.0,2436.4,-120.7
2025-06-20 07:00:00+00:00,56.98,4254.03,3259.58,801.8
2025-06-20 08:00:00+00:00,14.27,4143.93,3972.9,1667.2
2025-06-20 09:00:00+00:00,3.24,4162.78,4323.3,1908.8
2025-06-20 10:00:00+00:00,-0.38,4285.0,3783.18,1871.2
2025-06-20 11:00:00+00:00,0.01,4113.95,4006.78,1877.1
2025-06-20 12:00:00+00:00,0.0,4145.88,4201.05,1464.6
2025-06-20 13:00:00+00:00,6.55,4345.6,3566.03,338.7
2025-06-20 14:00:00+00:00,56.72,4591.78,2979.3,-878.3
2025-06-20 15:00:00+00:00,99.4,4897.58,1909.75,-1547.9
2025-06-20 16:00:00+00:00,118.87,5300.58,912.98,-2263.8
2025-06-20 17:00:00+00:00,136.44,5443.88,355.95,-3099.2
2025-06-20 18:00:00+00:00,202.93,5360.1,44.98,-3587.7
2025-06-20 19:00:00+00:00,180.0,5250.98,0.0,-3381.6
2025-06-20 20:00:00+00:00,137.05,4997.93,0.0,-2973.5
2025-06-20 21:00:00+00:00,121.38,4830.9,0.0,-2512.2
2025-06-20 22:00:00+00:00,119.21,4409.78,0.0,-1868.4
2025-06-20 23:00:00+00:00,110.48,4091.58,0.0,-1667.2
2025-06-21 00:00:00+00:00,108.15,3941.0,0.0,-1529.2
2025-06-21 01:00:00+00:00,106.99,3891.68,0.0,-1471.5
2025-06-21 02:00:00+00:00,108.67,3847.18,2.35,-1416.1
2025-06-21 03:00:00+00:00,104.21,3751.75,185.0,-1162.1
2025-06-21 04:00:00+00:00,100.69,3682.13,618.23,-549.1
2025-06-21 05:00:00+00:00,90.74,3673.08,1369.35,575.4
2025-06-21 06:00:00+00:00,75.93,3605.5,2651.3,1619.9
2025-06-21 07:00:00+00:00,23.4,3510.55,3388.45,1966.0
2025-06-21 08:00:00+00:00,-0.06,3428.88,3770.58,2518.5
2025-06-21 09:00:00+00:00,-3.23,3359.6,4094.08,2587.0
2025-06-21 10:00:00+00:00,-20.01,3268.23,3776.35,2620.7
2025-06-21 11:00:00+00:00,-40.01,3159.68,3762.58,2709.6
2025-06-21 12:00:00+00:00,-25.05,3235.6,3934.43,2662.1
2025-06-21 13:00:00+00:00,-1.82,3487.65,3422.6,2312.5
2025-06-21 14:00:00+00:00,0.0,3832.58,2889.55,1288.2
2025-06-21 15:00:00+00:00,72.79,4195.3,1927.23,417.7
2025-06-21 16:00:00+00:00,115.18,4575.78,908.88,-1015.9
2025-06-21 17:00:00+00:00,133.04,4817.88,358.83,-2536.5
2025-06-21 18:00:00+00:00,159.01,4860.6,43.78,-2822.6
2025-06-21 19:00:00+00:00,166.9,4860.23,0.0,-2877.2
2025-06-21 20:00:00+00:00,141.25,4611.93,0.0,-2695.2
2025-06-21 21:00:00+00:00,125.9,4352.5,0.0,-2242.3
2025-06-21 22:00:00+00:00,108.92,3978.73,0.0,-1846.4
2025-06-21 23:00:00+00:00,100.99,3682.9,0.0,-1607.5
2025-06-22 00:00:00+00:00,96.42,3677.55,0.0,-1549.4
2025-06-22 01:00:00+00:00,92.99,3618.45,0.0,-1526.4
2025-06-22 02:00:00+00:00,90.76,3575.7,3.85,-1522.6
2025-06-22 03:00:00+00:00,88.13,3469.6,181.6,-1304.5
2025-06-22 04:00:00+00:00,73.52,3372.3,629.9,-768.8
2025-06-22 05:00:00+00:00,26.44,3346.53,1348.5,291.0
2025-06-22 06:00:00+00:00,0.0,3401.25,2558.98,1323.3
2025-06-22 07:00:00+00:00,-0.09,3423.7,3333.78,2028.6
2025-06-22 08:00:00+00:00,-11.11,3433.08,3921.68,2429.0
2025-06-22 09:00:00+00:00,-39.06,3388.18,4212.6,2537.6
2025-06-22 10:00:00+00:00,-65.28,3287.13,3640.9,2538.1
2025-06-22 11:00:00+00:00,-89.39,3190.18,3796.43,2476.6
2025-06-22 12:00:00+00:00,-76.9,3326.55,4148.1,2101.6
2025-06-22 13:00:00+00:00,-40.0,3608.55,3492.28,1726.7
2025-06-22 14:00:00+00:00,-3.09,3964.68,2930.23,819.0
2025-06-22 15:00:00+00:00,20.66,4336.1,1893.35,5.1
2025-06-22 16:00:00+00:00,95.56,4713.68,836.45,-1388.1
2025-06-22 17:00:00+00:00,126.56,4951.08,320.9,-2614.3
2025-06-22 18:00:00+00:00,143.56,5068.9,43.4,-2867.7
2025-06-22 19:00:00+00:00,138.22,5036.05,0.0,-2981.1
2025-06-22 20:00:00+00:00,126.54,4739.85,0.0,-2770.2
2025-06-22 21:00:00+00:00,101.63,4440.33,0.0,-2514.4
2025-06-22 22:00:00+00:00,85.86,4088.78,0.0,-2287.7
2025-06-22 23:00:00+00:00,80.14,3882.95,0.0,-2169.6
2025-06-23 00:00:00+00:00,72.04,3697.3,0.0,-2065.0
2025-06-23 01:00:00+00:00,72.28,3689.68,0.0,-1948.4
2025-06-23 02:00:00+00:00,83.0,3778.6,2.98,-1983.7
2025-06-23 03:00:00+00:00,101.34,3937.18,169.13,-1955.2
2025-06-23 04:00:00+00:00,114.62,4354.35,575.65,-1866.3
2025-06-23 05:00:00+00:00,106.33,4499.48,1269.73,-945.7
2025-06-23 06:00:00+00:00,87.96,4349.53,2471.8,-249.7
2025-06-23 07:00:00+00:00,34.41,4228.85,3243.48,844.5
2025-06-23 08:00:00+00:00,18.34,4180.2,3830.15,1474.5
2025-06-23 09:00:00+00:00,19.56,4188.33,4070.8,1402.0
2025-06-23 10:00:00+00:00,34.8,4149.15,3517.5,1106.5
2025-06-23 11:00:00+00:00,40.0,4144.75,3615.98,1331.8
2025-06-23 12:00:00+00:00,37.62,4287.9,3956.83,610.3
2025-06-23 13:00:00+00:00,60.96,4581.03,3298.18,-49.3
2025-06-23 14:00:00+00:00,93.19,4857.03,2617.83,-1082.8
2025-06-23 15:00:00+00:00,139.0,5178.63,1633.88,-1593.0
2025-06-23 16:00:00+00:00,210.15,5516.35,721.6,-2476.0
2025-06-23 17:00:00+00:00,191.01,5787.73,287.83,-3256.0
2025-06-23 18:00:00+00:00,168.85,5821.4,32.28,-3887.7
2025-06-23 19:00:00+00:00,155.9,5757.9,0.0,-3735.4
2025-06-23 20:00:00+00:00,134.66,5488.23,0.0,-3211.1
2025-06-23 21:00:00+00:00,135.22,5240.08,0.0,-2932.0
2025-06-23 22:00:00+00:00,104.08,4678.1,0.0,-2449.9
2025-06-23 23:00:00+00:00,104.05,4395.93,0.0,-2158.6
2025-06-24 00:00:00+00:00,99.68,4279.2,0.0,-2055.3
2025-06-24 01:00:00+00:00,95.61,4270.58,0.0,-2057.7
2025-06-24 02:00:00+00:00,89.88,4317.9,1.78,-2175.4
2025-06-24 03:00:00+00:00,105.79,4388.73,133.18,-2182.7
2025-06-24 04:00:00+00:00,107.32,4553.98,420.55,-2435.4
2025-06-24 05:00:00+00:00,107.71,4697.63,1093.98,-1572.3
2025-06-24 06:00:00+00:00,90.51,4445.83,2106.48,-880.7
2025-06-24 07:00:00+00:00,60.01,4243.83,2837.85,-160.2
2025-06-24 08:00:00+00:00,25.07,4155.13,3409.53,387.0
2025-06-24 09:00:00+00:00,20.31,4131.78,3751.08,503.1
2025-06-24 10:00:00+00:00,20.27,4147.03,3126.2,497.1
2025-06-24 11:00:00+00:00,18.77,4073.78,3180.4,730.1
2025-06-24 12:00:00+00:00,18.41,4139.48,3521.88,195.3
2025-06-24 13:00:00+00:00,34.18,4439.05,3020.3,-690.1
2025-06-24 14:00:00+00:00,62.99,4725.75,2600.75,-1566.5
2025-06-24 15:00:00+00:00,108.13,5090.6,1573.03,-1877.5
2025-06-24 16:00:00+00:00,147.3,5591.08,666.93,-2654.7
2025-06-24 17:00:00+00:00,177.2,5781.73,305.83,-3206.8
2025-06-24 18:00:00+00:00,165.95,5692.5,39.05,-3882.9
2025-06-24 19:00:00+00:00,156.59,5595.68,0.0,-3705.1
2025-06-24 20:00:00+00:00,148.63,5346.08,0.0,-3180.8
2025-06-24 21:00:00+00:00,142.56,5161.58,0.0,-2834.1
2025-06-24 22:00:00+00:00,127.56,4670.1,0.0,-2144.3
2025-06-24 23:00:00+00:00,114.84,4393.13,0.0,-2015.4
2025-06-25 00:00:00+00:00,106.84,4224.33,0.0,-1970.8
2025-06-25 01:00:00+00:00,104.16,4172.83,0.0,-1905.4
2025-06-25 02:00:00+00:00,113.73,4214.08,2.6,-1915.6
2025-06-25 03:00:00+00:00,116.35,4359.65,159.35,-2061.6
2025-06-25 04:00:00+00:00,108.41,4709.28,564.55,-2328.0
2025-06-25 05:00:00+00:00,111.9,4824.13,1251.03,-1551.3
2025-06-25 06:00:00+00:00,98.73,4598.43,2395.28,-343.5
2025-06-25 07:00:00+00:00,72.97,4457.85,3140.15,633.4
2025-06-25 08:00:00+00:00,25.3,4395.43,3730.58,1339.8
2025-06-25 09:00:00+00:00,14.05,4363.73,4045.45,1324.4
2025-06-25 10:00:00+00:00,15.94,4343.23,3592.35,1127.3
2025-06-25 11:00:00+00:00,13.9,4353.35,3687.95,1085.0
2025-06-25 12:00:00+00:00,31.74,4505.13,3850.23,958.1
2025-06-25 13:00:00+00:00,45.09,4805.85,3246.43,461.1
2025-06-25 14:00:00+00:00,88.6,5059.63,2703.4,-191.4
2025-06-25 15:00:00+00:00,109.44,5398.33,1763.85,-1886.1
2025-06-25 16:00:00+00:00,136.22,5852.05,724.0,-3292.7
2025-06-25 17:00:00+00:00,179.19,6044.98,298.8,-3891.6
2025-06-25 18:00:00+00:00,209.96,5981.63,40.65,-3306.8
2025-06-25 19:00:00+00:00,248.76,5849.33,0.0,-3111.8
2025-06-25 20:00:00+00:00,175.22,5533.7,0.0,-2765.5
2025-06-25 21:00:00+00:00,131.32,5324.4,0.0,-2819.0
2025-06-25 22:00:00+00:00,119.95,4856.13,0.0,-1915.8
2025-06-25 23:00:00+00:00,108.64,4541.73,0.0,-1758.1
2025-06-26 00:00:00+00:00,104.1,4431.45,0.0,-1651.1
2025-06-26 01:00:00+00:00,101.5,4361.48,0.0,-1680.2
2025-06-26 02:00:00+00:00,101.55,4397.78,2.5,-1758.9
2025-06-26 03:00:00+00:00,107.42,4480.05,149.33,-1837.5
2025-06-26 04:00:00+00:00,119.67,4771.98,526.33,-1765.9
2025-06-26 05:00:00+00:00,120.99,4958.63,1225.95,-966.1
2025-06-26 06:00:00+00:00,106.79,4853.75,2366.65,-82.4
2025-06-26 07:00:00+00:00,97.08,4721.2,3117.2,1034.9
2025-06-26 08:00:00+00:00,88.12,4631.25,3649.23,1645.5
2025-06-26 09:00:00+00:00,81.23,4620.23,3795.53,1612.8
2025-06-26 10:00:00+00:00,70.63,4584.05,3311.15,1364.9
2025-06-26 11:00:00+00:00,68.2,4479.4,3450.6,1250.5
2025-06-26 12:00:00+00:00,68.3,4621.13,3660.25,781.0
2025-06-26 13:00:00+00:00,85.75,4923.7,3142.83,195.7
2025-06-26 14:00:00+00:00,100.79,5230.53,2613.8,-586.4
2025-06-26 15:00:00+00:00,115.67,5602.75,1708.5,-1822.2
2025-06-26 16:00:00+00:00,151.02,6115.3,665.85,-2945.8
2025-06-26 17:00:00+00:00,223.28,6245.28,247.85,-3628.9
2025-06-26 18:00:00+00:00,232.03,6188.2,38.08,-3779.4
2025-06-26 19:00:00+00:00,186.14,6102.45,0.0,-3974.0
2025-06-26 20:00:00+00:00,151.47,5768.2,0.0,-3286.1
2025-06-26 21:00:00+00:00,131.35,5432.15,0.0,-2863.8
2025-06-26 22:00:00+00:00,126.27,4889.55,0.0,-2512.3
2025-06-26 23:00:00+00:00,123.23,4631.23,0.0,-2205.5
2025-06-27 00:00:00+00:00,116.92,4523.88,0.0,-2148.0
2025-06-27 01:00:00+00:00,114.18,4440.78,0.0,-2078.5
2025-06-27 02:00:00+00:00,112.48,4491.33,1.75,-2056.9
2025-06-27 03:00:00+00:00,109.54,4502.9,117.03,-2030.1
2025-06-27 04:00:00+00:00,107.91,4617.75,420.88,-2074.7
2025-06-27 05:00:00+00:00,113.2,4820.63,983.83,-1512.0
2025-06-27 06:00:00+00:00,107.7,4580.38,1519.45,-766.5
2025-06-27 07:00:00+00:00,91.28,4465.18,2263.4,76.2
2025-06-27 08:00:00+00:00,79.22,4421.98,2798.4,424.1
2025-06-27 09:00:00+00:00,67.45,4452.33,3375.15,752.8
2025-06-27 10:00:00+00:00,55.03,4631.73,3173.25,680.0
2025-06-27 11:00:00+00:00,67.61,4425.23,3286.88,709.1
2025-06-27 12:00:00+00:00,77.15,4409.65,3502.75,520.2
2025-06-27 13:00:00+00:00,93.78,4678.9,2993.85,14.3
2025-06-27 14:00:00+00:00,94.04,5043.55,2581.8,-711.7
2025-06-27 15:00:00+00:00,120.64,5494.63,1656.98,-1951.8
2025-06-27 16:00:00+00:00,147.03,6067.13,638.83,-2999.1
2025-06-27 17:00:00+00:00,158.0,6055.0,262.9,-3773.1
2025-06-27 18:00:00+00:00,167.93,5961.0,34.85,-3710.7
2025-06-27 19:00:00+00:00,141.74,5840.93,0.0,-3728.5
2025-06-27 20:00:00+00:00,130.16,5543.35,0.0,-3147.4
2025-06-27 21:00:00+00:00,115.37,5325.8,0.0,-3098.4
2025-06-27 22:00:00+00:00,102.11,4753.7,0.0,-2907.7
2025-06-27 23:00:00+00:00,89.99,4451.75,0.0,-2710.1
2025-06-28 00:00:00+00:00,82.54,4275.55,0.0,-2438.5
2025-06-28 01:00:00+00:00,78.26,4168.43,0.0,-2363.9
2025-06-28 02:00:00+00:00,70.82,4092.6,1.43,-2243.7
2025-06-28 03:00:00+00:00,76.46,3948.8,125.6,-2063.6
2025-06-28 04:00:00+00:00,75.46,3855.8,401.18,-1699.1
2025-06-28 05:00:00+00:00,59.28,3854.63,1067.95,-606.2
2025-06-28 06:00:00+00:00,27.8,3673.9,2170.53,312.3
2025-06-28 07:00:00+00:00,2.34,3561.63,2941.05,1383.6
2025-06-28 08:00:00+00:00,0.01,3478.75,3537.35,1762.4
2025-06-28 09:00:00+00:00,0.09,3418.93,3553.2,1856.6
2025-06-28 10:00:00+00:00,-0.29,3326.93,3433.83,2170.8
2025-06-28 11:00:00+00:00,-0.01,3196.83,3394.55,2508.9
2025-06-28 12:00:00+00:00,0.5,3220.93,3797.58,2272.1
2025-06-28 13:00:00+00:00,0.12,3490.7,3236.58,1768.7
2025-06-28 14:00:00+00:00,22.03,3857.63,2675.68,615.2
2025-06-28 15:00:00+00:00,82.53,4221.28,1830.28,-509.2
2025-06-28 16:00:00+00:00,96.97,4670.88,851.83,-1399.6
2025-06-28 17:00:00+00:00,112.24,4918.9,339.83,-2517.6
2025-06-28 18:00:00+00:00,123.98,4956.55,44.05,-2884.1
2025-06-28 19:00:00+00:00,126.43,5004.28,0.0,-3185.6
2025-06-28 20:00:00+00:00,120.04,4781.53,0.0,-2903.9
2025-06-28 21:00:00+00:00,103.5,4549.6,0.0,-2789.7
2025-06-28 22:00:00+00:00,95.07,4140.45,0.0,-2563.2
2025-06-28 23:00:00+00:00,89.42,3886.53,0.0,-2298.9
2025-06-29 00:00:00+00:00,89.66,3825.53,0.0,-2076.7
2025-06-29 01:00:00+00:00,86.82,3749.33,0.0,-1976.1
2025-06-29 02:00:00+00:00,85.23,3692.4,1.98,-1836.3
2025-06-29 03:00:00+00:00,85.3,3594.4,150.48,-1676.1
2025-06-29 04:00:00+00:00,86.35,3531.33,538.58,-1273.6
2025-06-29 05:00:00+00:00,77.53,3546.2,1228.2,-206.9
2025-06-29 06:00:00+00:00,49.46,3413.58,2309.98,720.1
2025-06-29 07:00:00+00:00,2.0,3355.78,3018.13,1681.1
2025-06-29 08:00:00+00:00,0.0,3335.05,3614.35,2031.0
2025-06-29 09:00:00+00:00,-0.24,3325.55,3752.83,1903.2
2025-06-29 10:00:00+00:00,-4.67,3233.68,2970.0,1017.2
2025-06-29 11:00:00+00:00,-13.55,3130.88,2496.35,620.2
2025-06-29 12:00:00+00:00,-5.16,3225.55,3172.33,410.1
2025-06-29 13:00:00+00:00,0.21,3512.48,2671.35,8.5
2025-06-29 14:00:00+00:00,1.06,3889.03,2389.25,-390.7
2025-06-29 15:00:00+00:00,47.06,4293.23,1578.4,-1692.2
2025-06-29 16:00:00+00:00,92.89,4736.3,661.23,-2093.9
2025-06-29 17:00:00+00:00,102.14,5012.83,291.1,-2881.4
2025-06-29 18:00:00+00:00,111.98,5180.23,40.5,-3066.6
2025-06-29 19:00:00+00:00,118.07,5258.88,0.0,-3244.9
2025-06-29 20:00:00+00:00,113.73,4973.9,0.0,-2916.3
2025-06-29 21:00:00+00:00,101.0,4655.78,0.0,-2678.8
2025-06-29 22:00:00+00:00,98.73,4447.73,0.0,-2578.7
2025-06-29 23:00:00+00:00,89.03,4187.9,0.0,-2267.4
2025-06-30 00:00:00+00:00,85.03,4041.95,0.0,-1970.7
2025-06-30 01:00:00+00:00,84.13,4031.95,0.0,-1881.8
2025-06-30 02:00:00+00:00,86.25,4109.13,1.9,-1848.0
2025-06-30 03:00:00+00:00,96.39,4287.68,142.25,-1858.2
2025-06-30 04:00:00+00:00,113.94,4741.73,523.18,-1854.3
2025-06-30 05:00:00+00:00,111.87,5095.78,1207.73,-1466.4
2025-06-30 06:00:00+00:00,104.24,5230.1,2354.85,-655.6
2025-06-30 07:00:00+00:00,97.15,5138.58,3088.33,333.4
2025-06-30 08:00:00+00:00,85.23,5107.4,3415.98,806.7
2025-06-30 09:00:00+00:00,55.47,5119.53,3653.05,804.2
2025-06-30 10:00:00+00:00,42.13,4801.18,3239.15,733.6
2025-06-30 11:00:00+00:00,45.07,4606.93,3565.03,651.1
2025-06-30 12:00:00+00:00,52.95,4571.1,3539.98,390.9
2025-06-30 13:00:00+00:00,104.61,4772.1,2919.63,-128.8
2025-06-30 14:00:00+00:00,97.58,5077.08,2353.93,-1020.0
2025-06-30 15:00:00+00:00,105.67,5475.78,1576.78,-1979.4
2025-06-30 16:00:00+00:00,111.86,5821.13,733.48,-2762.8
2025-06-30 17:00:00+00:00,178.94,5975.78,310.78,-3354.7
2025-06-30 18:00:00+00:00,278.08,5903.45,42.15,-3360.3
2025-06-30 19:00:00+00:00,231.27,5655.63,0.0,-3356.4
2025-06-30 20:00:00+00:00,157.0,5314.58,0.0,-2956.7
2025-06-30 21:00:00+00:00,122.65,5084.95,0.0,-2778.1
2025-06-30 22:00:00+00:00,111.28,4687.13,0.0,-2456.9
2025-06-30 23:00:00+00:00,100.09,4374.2,0.0,-2136.2
2025-07-01 00:00:00+00:00,89.1,4138.08,0.0,-1762.7
2025-07-01 01:00:00+00:00,88.48,4108.48,0.0,-1667.4
2025-07-01 02:00:00+00:00,90.01,4148.85,2.18,-1711.9
2025-07-01 03:00:00+00:00,102.14,4188.7,132.95,-1774.2
2025-07-01 04:00:00+00:00,114.97,4620.0,653.5,-1758.9
2025-07-01 05:00:00+00:00,121.21,4888.03,1326.3,-1379.3
2025-07-01 06:00:00+00:00,110.48,5030.7,2520.5,-213.9
2025-07-01 07:00:00+00:00,61.76,4967.05,3328.65,771.2
2025-07-01 08:00:00+00:00,50.1,4967.93,3917.35,1263.0
2025-07-01 09:00:00+00:00,41.02,4933.83,4163.08,1119.0
2025-07-01 10:00:00+00:00,45.46,4309.85,3593.13,859.8
2025-07-01 11:00:00+00:00,45.15,4451.6,3789.35,674.3
2025-07-01 12:00:00+00:00,67.14,4503.45,4140.0,413.5
2025-07-01 13:00:00+00:00,78.33,4723.48,3513.13,-76.3
2025-07-01 14:00:00+00:00,90.8,5051.75,2954.68,-1151.9
2025-07-01 15:00:00+00:00,115.65,5482.9,1939.33,-2250.7
2025-07-01 16:00:00+00:00,152.11,5864.08,890.35,-3115.3
2025-07-01 17:00:00+00:00,301.84,6034.3,353.95,-3440.8
2025-07-01 18:00:00+00:00,462.05,5937.2,46.33,-2956.3
2025-07-01 19:00:00+00:00,394.02,5669.75,0.0,-2769.2
2025-07-01 20:00:00+00:00,242.92,5324.38,0.0,-2783.0
2025-07-01 21:00:00+00:00,145.09,5099.4,0.0,-2583.7
2025-07-01 22:00:00+00:00,119.29,4606.55,0.0,-2194.0
2025-07-01 23:00:00+00:00,102.8,4339.15,0.0,-1810.0
2025-07-02 00:00:00+00:00,92.54,4166.63,0.0,-1670.3
2025-07-02 01:00:00+00:00,92.08,4108.93,0.0,-1641.2
2025-07-02 02:00:00+00:00,90.67,4123.48,1.68,-1632.4
2025-07-02 03:00:00+00:00,99.5,4218.95,156.18,-1578.2
2025-07-02 04:00:00+00:00,114.67,4513.33,592.28,-1621.8
2025-07-02 05:00:00+00:00,110.04,4677.4,1311.0,-772.6
2025-07-02 06:00:00+00:00,104.52,4700.9,2485.7,212.3
2025-07-02 07:00:00+00:00,90.06,4693.43,3268.0,1197.0
2025-07-02 08:00:00+00:00,76.53,4716.93,3835.15,1330.6
2025-07-02 09:00:00+00:00,65.48,4681.53,4136.68,1453.9
2025-07-02 10:00:00+00:00,45.53,4362.08,3658.1,1085.3
2025-07-02 11:00:00+00:00,32.76,4394.15,3662.03,856.6
2025-07-02 12:00:00+00:00,54.43,4630.78,3631.33,542.8
2025-07-02 13:00:00+00:00,72.11,4881.4,3191.38,-128.1
2025-07-02 14:00:00+00:00,85.88,5179.95,2567.35,-321.6
2025-07-02 15:00:00+00:00,114.76,5587.4,1919.03,-1412.6
2025-07-02 16:00:00+00:00,171.58,5926.43,879.25,-2590.2
2025-07-02 17:00:00+00:00,387.6,6126.68,353.55,-3939.4
2025-07-02 18:00:00+00:00,413.43,6118.15,45.73,-3819.7
2025-07-02 19:00:00+00:00,199.5,5902.3,0.0,-3591.1
2025-07-02 20:00:00+00:00,137.15,5555.73,0.0,-3532.4
2025-07-02 21:00:00+00:00,112.41,5330.28,0.0,-3174.8
2025-07-02 22:00:00+00:00,98.53,4922.6,0.0,-2493.3
2025-07-02 23:00:00+00:00,89.89,4565.93,0.0,-2200.7
2025-07-03 00:00:00+00:00,79.0,4366.83,0.0,-2218.3
2025-07-03 01:00:00+00:00,78.93,4314.28,0.0,-2274.2
2025-07-03 02:00:00+00:00,80.88,4330.4,1.18,-2283.7
2025-07-03 03:00:00+00:00,90.89,4416.13,152.83,-2284.3
2025-07-03 04:00:00+00:00,103.92,4725.93,575.8,-2568.1
2025-07-03 05:00:00+00:00,107.13,4842.53,1287.45,-1839.8
2025-07-03 06:00:00+00:00,104.9,4819.58,2430.65,-970.0
2025-07-03 07:00:00+00:00,90.45,4753.15,3199.53,-170.1
2025-07-03 08:00:00+00:00,75.06,4714.68,3767.03,-197.9
2025-07-03 09:00:00+00:00,57.35,4697.05,4043.08,335.1
2025-07-03 10:00:00+00:00,42.16,4573.18,3512.3,-24.5
2025-07-03 11:00:00+00:00,41.1,4565.85,3858.53,-50.1
2025-07-03 12:00:00+00:00,56.05,4711.25,4015.93,-50.0
2025-07-03 13:00:00+00:00,72.35,5016.73,3399.28,-230.3
2025-07-03 14:00:00+00:00,95.0,5368.85,2871.7,-1073.1
2025-07-03 15:00:00+00:00,118.04,5717.2,1888.28,-2165.9
2025-07-03 16:00:00+00:00,150.55,6050.9,860.53,-3103.0
2025-07-03 17:00:00+00:00,205.0,6236.98,341.4,-4245.9
2025-07-03 18:00:00+00:00,260.66,6158.45,45.15,-4943.9
2025-07-03 19:00:00+00:00,176.99,6026.63,0.0,-5099.0
2025-07-03 20:00:00+00:00,138.4,5700.18,0.0,-3973.3
2025-07-03 21:00:00+00:00,119.78,5460.5,0.0,-3424.0
2025-07-03 22:00:00+00:00,119.54,5013.95,0.0,-2379.9
2025-07-03 23:00:00+00:00,108.57,4673.08,0.0,-1973.5
2025-07-04 00:00:00+00:00,103.72,4488.43,0.0,-1758.9
2025-07-04 01:00:00+00:00,97.34,4432.55,0.0,-1679.4
2025-07-04 02:00:00+00:00,103.62,4443.4,1.25,-1664.4
2025-07-04 03:00:00+00:00,107.8,4457.13,136.93,-1631.9
2025-07-04 04:00:00+00:00,120.86,4638.5,498.28,-1750.5
2025-07-04 05:00:00+00:00,115.95,4784.15,1165.75,-878.1
2025-07-04 06:00:00+00:00,100.0,4686.1,2040.98,-4.6
2025-07-04 07:00:00+00:00,91.15,4555.05,2721.88,747.8
2025-07-04 08:00:00+00:00,70.01,4555.73,3225.28,618.3
2025-07-04 09:00:00+00:00,59.72,4571.68,3490.65,521.0
2025-07-04 10:00:00+00:00,71.68,4556.25,2815.3,11.7
2025-07-04 11:00:00+00:00,60.05,4518.25,2972.15,-84.7
2025-07-04 12:00:00+00:00,63.05,4463.6,3017.85,-454.7
2025-07-04 13:00:00+00:00,78.54,4677.65,2450.93,-1042.1
2025-07-04 14:00:00+00:00,87.72,4982.2,1914.58,-1633.5
2025-07-04 15:00:00+00:00,124.07,5397.55,1202.78,-2348.3
2025-07-04 16:00:00+00:00,138.76,5973.7,619.13,-3115.6
2025-07-04 17:00:00+00:00,146.42,5966.2,252.9,-4184.4
2025-07-04 18:00:00+00:00,171.32,5822.9,31.3,-5001.3
2025-07-04 19:00:00+00:00,154.71,5751.88,0.0,-5171.4
2025-07-04 20:00:00+00:00,130.03,5475.75,0.0,-3746.1
2025-07-04 21:00:00+00:00,113.43,5137.58,0.0,-3311.0
2025-07-04 22:00:00+00:00,109.5,4549.0,0.0,-2334.1
2025-07-04 23:00:00+00:00,103.09,4302.33,0.0,-2102.1
2025-07-05 00:00:00+00:00,99.01,3988.48,0.0,-1960.8
2025-07-05 01:00:00+00:00,95.28,3906.85,0.0,-1903.7
2025-07-05 02:00:00+00:00,92.25,3872.15,0.75,-1806.7
2025-07-05 03:00:00+00:00,87.91,3778.28,136.13,-1717.3
2025-07-05 04:00:00+00:00,82.87,3767.98,472.05,-1341.3
2025-07-05 05:00:00+00:00,45.66,3894.08,1237.18,-490.7
2025-07-05 06:00:00+00:00,17.86,3764.55,2497.18,500.7
2025-07-05 07:00:00+00:00,3.34,3746.35,3300.83,1544.2
2025-07-05 08:00:00+00:00,0.0,3731.2,3814.28,1637.0
2025-07-05 09:00:00+00:00,-0.11,3670.35,4070.25,1845.6
2025-07-05 10:00:00+00:00,-1.57,3543.73,3429.75,1739.6
2025-07-05 11:00:00+00:00,2.0,3390.1,3725.33,1870.1
2025-07-05 12:00:00+00:00,-3.08,3461.55,3998.15,1655.5
2025-07-05 13:00:00+00:00,10.25,3687.38,3388.7,1464.2
2025-07-05 14:00:00+00:00,79.97,4005.9,2816.38,709.8
2025-07-05 15:00:00+00:00,112.89,4397.68,1830.13,-739.4
2025-07-05 16:00:00+00:00,170.08,4804.8,711.45,-1739.0
2025-07-05 17:00:00+00:00,192.18,5091.53,306.63,-2673.9
2025-07-05 18:00:00+00:00,170.64,5149.58,39.85,-2943.8
2025-07-05 19:00:00+00:00,156.8,5096.1,0.0,-3000.4
2025-07-05 20:00:00+00:00,137.26,4844.33,0.0,-2772.4
2025-07-05 21:00:00+00:00,121.42,4572.63,0.0,-2644.6
2025-07-05 22:00:00+00:00,108.86,4218.13,0.0,-2781.6
2025-07-05 23:00:00+00:00,100.84,3978.13,0.0,-2677.6
2025-07-06 00:00:00+00:00,93.7,3851.15,0.0,-2601.9
2025-07-06 01:00:00+00:00,93.99,3795.45,0.0,-2490.8
2025-07-06 02:00:00+00:00,93.94,3758.05,0.68,-2425.5
2025-07-06 03:00:00+00:00,88.8,3642.83,127.75,-2259.0
2025-07-06 04:00:00+00:00,76.08,3546.98,477.43,-1777.8
2025-07-06 05:00:00+00:00,75.05,3673.08,1154.73,-517.0
2025-07-06 06:00:00+00:00,67.55,3612.35,1941.18,896.1
2025-07-06 07:00:00+00:00,35.01,3653.4,2614.85,1766.4
2025-07-06 08:00:00+00:00,19.25,3715.13,3130.78,1801.4
2025-07-06 09:00:00+00:00,15.35,3716.2,3527.9,1812.9
2025-07-06 10:00:00+00:00,13.19,3677.75,2862.1,1743.4
2025-07-06 11:00:00+00:00,7.68,3724.0,3290.83,1693.0
2025-07-06 12:00:00+00:00,11.3,3824.5,3427.83,1233.9
2025-07-06 13:00:00+00:00,62.31,4006.7,2773.85,1263.5
2025-07-06 14:00:00+00:00,76.84,4315.85,2254.98,271.2
2025-07-06 15:00:00+00:00,101.99,4634.93,1457.48,-1402.3
2025-07-06 16:00:00+00:00,120.3,5007.08,532.53,-2750.1
2025-07-06 17:00:00+00:00,164.68,5309.33,233.28,-3367.3
2025-07-06 18:00:00+00:00,185.58,5416.13,35.2,-2948.1
2025-07-06 19:00:00+00:00,153.59,5361.9,0.0,-3254.8
2025-07-06 20:00:00+00:00,128.12,5037.65,0.0,-3052.8
2025-07-06 21:00:00+00:00,112.74,4676.75,0.0,-2523.1
2025-07-06 22:00:00+00:00,117.99,4278.03,0.0,-2184.3
2025-07-06 23:00:00+00:00,105.64,4115.35,0.0,-1910.5
2025-07-07 00:00:00+00:00,100.98,4024.18,0.0,-1896.3
2025-07-07 01:00:00+00:00,97.67,4038.55,0.0,-1867.8
2025-07-07 02:00:00+00:00,99.34,4139.85,0.6,-1831.9
2025-07-07 03:00:00+00:00,109.29,4280.63,112.33,-1784.9
2025-07-07 04:00:00+00:00,131.7,4538.48,491.95,-1675.0
2025-07-07 05:00:00+00:00,139.17,4789.08,1123.55,-712.8
2025-07-07 06:00:00+00:00,145.28,4835.73,1617.95,233.6
2025-07-07 07:00:00+00:00,130.87,4826.6,2315.6,920.4
2025-07-07 08:00:00+00:00,110.6,4841.35,2662.63,1250.8
2025-07-07 09:00:00+00:00,106.29,5016.18,2875.85,1100.8
2025-07-07 10:00:00+00:00,89.26,5082.0,2283.48,-665.4
2025-07-07 11:00:00+00:00,93.93,5030.7,2089.68,-340.2
2025-07-07 12:00:00+00:00,89.91,5101.18,1915.48,-909.5
2025-07-07 13:00:00+00:00,94.0,5162.68,1530.15,-862.3
2025-07-07 14:00:00+00:00,114.9,5179.48,1156.48,-995.5
2025-07-07 15:00:00+00:00,126.38,5323.38,893.15,-1927.9
2025-07-07 16:00:00+00:00,172.33,5432.73,479.5,-2770.3
2025-07-07 17:00:00+00:00,180.21,5630.38,244.23,-4292.2
2025-07-07 18:00:00+00:00,199.11,5576.35,37.65,-4930.8
2025-07-07 19:00:00+00:00,158.29,5405.85,0.0,-4813.2
2025-07-07 20:00:00+00:00,129.89,5140.18,0.0,-3537.4
2025-07-07 21:00:00+00:00,111.44,4940.28,0.0,-3259.0
2025-07-07 22:00:00+00:00,108.33,4452.68,0.0,-2281.5
2025-07-07 23:00:00+00:00,94.92,4195.88,0.0,-1978.5
2025-07-08 00:00:00+00:00,90.53,4112.0,0.0,-1959.2
2025-07-08 01:00:00+00:00,90.07,4074.53,0.0,-1936.0
2025-07-08 02:00:00+00:00,90.52,4139.38,0.53,-1989.9
2025-07-08 03:00:00+00:00,93.6,4218.65,104.38,-1984.5
2025-07-08 04:00:00+00:00,111.97,4523.15,335.18,-1994.1
2025-07-08 05:00:00+00:00,117.8,4730.95,801.65,-1150.2
2025-07-08 06:00:00+00:00,113.87,4523.85,741.13,-300.0
2025-07-08 07:00:00+00:00,88.03,4484.98,932.48,11.7
2025-07-08 08:00:00+00:00,84.64,4476.8,1051.53,-135.4
2025-07-08 09:00:00+00:00,83.59,4563.83,1126.98,-589.6
2025-07-08 10:00:00+00:00,87.01,4729.53,1378.43,-1129.9
2025-07-08 11:00:00+00:00,80.24,4805.63,1743.63,-709.5
2025-07-08 12:00:00+00:00,76.02,4826.4,1098.28,-987.2
2025-07-08 13:00:00+00:00,87.44,4881.65,936.48,-971.8
2025-07-08 14:00:00+00:00,101.2,4955.28,819.88,-1178.9
2025-07-08 15:00:00+00:00,108.22,5044.65,726.65,-2006.0
2025-07-08 16:00:00+00:00,165.01,4810.65,445.13,-2473.6
2025-07-08 17:00:00+00:00,165.01,5205.55,225.53,-3638.0
2025-07-08 18:00:00+00:00,160.08,5360.05,16.23,-3716.3
2025-07-08 19:00:00+00:00,146.02,5176.73,0.0,-3274.0
2025-07-08 20:00:00+00:00,126.5,4970.38,0.0,-2908.2
2025-07-08 21:00:00+00:00,102.92,4838.83,0.0,-2697.6
2025-07-08 22:00:00+00:00,104.06,4479.65,0.0,-1990.9
2025-07-08 23:00:00+00:00,92.99,4127.0,0.0,-1552.3
2025-07-09 00:00:00+00:00,91.06,4070.78,0.0,-1483.4
2025-07-09 01:00:00+00:00,88.71,4042.08,0.0,-1497.1
2025-07-09 02:00:00+00:00,89.19,4100.0,0.25,-1600.5
2025-07-09 03:00:00+00:00,96.05,4218.4,77.35,-1596.8
2025-07-09 04:00:00+00:00,113.66,4480.73,269.78,-1893.2
2025-07-09 05:00:00+00:00,115.18,4652.18,579.9,-1722.0
2025-07-09 06:00:00+00:00,113.15,4581.35,1122.53,-1505.3
2025-07-09 07:00:00+00:00,95.63,4435.5,1221.85,-1020.4
2025-07-09 08:00:00+00:00,82.75,4408.8,1133.23,-873.6
2025-07-09 09:00:00+00:00,72.76,4573.95,1152.4,-1242.5
2025-07-09 10:00:00+00:00,61.33,4750.33,1212.18,-1332.5
2025-07-09 11:00:00+00:00,44.1,4890.38,1279.93,-1386.9
2025-07-09 12:00:00+00:00,35.37,4988.6,1495.03,-1386.6
2025-07-09 13:00:00+00:00,50.99,4806.13,1232.43,-1423.9
2025-07-09 14:00:00+00:00,69.87,4507.83,1007.55,-2099.2
2025-07-09 15:00:00+00:00,87.18,4687.55,820.55,-1972.3
2025-07-09 16:00:00+00:00,107.37,5166.03,381.43,-3425.8
2025-07-09 17:00:00+00:00,120.03,4965.0,149.98,-2785.8
2025-07-09 18:00:00+00:00,140.57,5004.8,24.25,-2927.6
2025-07-09 19:00:00+00:00,139.99,4985.88,0.0,-3232.2
2025-07-09 20:00:00+00:00,123.2,4833.48,0.0,-2575.7
2025-07-09 21:00:00+00:00,104.64,4765.2,0.0,-2310.1
2025-07-09 22:00:00+00:00,100.91,4478.13,0.0,-1689.8
2025-07-09 23:00:00+00:00,95.73,4138.3,0.0,-1357.0
2025-07-10 00:00:00+00:00,89.1,4117.45,0.0,-1338.5
2025-07-10 01:00:00+00:00,86.33,4086.05,0.0,-1365.7
2025-07-10 02:00:00+00:00,87.47,4152.0,0.1,-1443.9
2025-07-10 03:00:00+00:00,98.25,4255.28,62.95,-1414.0
2025-07-10 04:00:00+00:00,106.72,4632.95,304.15,-1806.5
2025-07-10 05:00:00+00:00,110.11,4825.23,781.45,-1429.3
2025-07-10 06:00:00+00:00,105.67,4808.5,1305.65,-914.2
2025-07-10 07:00:00+00:00,88.47,4924.3,1977.7,-503.9
2025-07-10 08:00:00+00:00,77.78,5138.05,2691.8,-499.7
2025-07-10 09:00:00+00:00,61.4,5126.53,2827.65,-291.6
2025-07-10 10:00:00+00:00,45.05,5295.15,2656.33,-185.2
2025-07-10 11:00:00+00:00,38.88,5091.73,2720.25,-561.0
2025-07-10 12:00:00+00:00,38.85,5169.93,2823.35,76.1
2025-07-10 13:00:00+00:00,55.94,5080.53,2151.7,-390.1
2025-07-10 14:00:00+00:00,76.21,4983.98,1874.48,-1208.5
2025-07-10 15:00:00+00:00,88.76,5089.5,1209.2,-1815.7
2025-07-10 16:00:00+00:00,106.89,5272.7,528.23,-3228.1
2025-07-10 17:00:00+00:00,125.83,5195.95,257.6,-2904.9
2025-07-10 18:00:00+00:00,150.04,5182.5,32.15,-3050.7
2025-07-10 19:00:00+00:00,142.04,5051.53,0.0,-3257.7
2025-07-10 20:00:00+00:00,122.65,4870.3,0.0,-2533.2
2025-07-10 21:00:00+00:00,108.23,4755.15,0.0,-2141.4
2025-07-10 22:00:00+00:00,103.55,4458.0,0.0,-1486.9
2025-07-10 23:00:00+00:00,96.49,4174.75,0.0,-1165.6
2025-07-11 00:00:00+00:00,91.89,4041.3,0.0,-1128.2
2025-07-11 01:00:00+00:00,88.41,4018.55,0.0,-1178.7
2025-07-11 02:00:00+00:00,89.19,4101.68,0.15,-1232.5
2025-07-11 03:00:00+00:00,95.55,4200.83,93.95,-1229.8
2025-07-11 04:00:00+00:00,104.47,4458.28,379.25,-1809.4
2025-07-11 05:00:00+00:00,102.99,4677.23,894.05,-1574.4
2025-07-11 06:00:00+00:00,96.92,5015.3,1623.58,-857.5
2025-07-11 07:00:00+00:00,90.49,5117.65,2421.25,-316.5
2025-07-11 08:00:00+00:00,79.74,5315.35,2848.35,-245.9
2025-07-11 09:00:00+00:00,69.3,5139.1,2768.98,-23.2
2025-07-11 10:00:00+00:00,60.53,4560.93,2432.68,29.6
2025-07-11 11:00:00+00:00,40.34,5049.98,2706.9,6.6
2025-07-11 12:00:00+00:00,32.04,5195.13,2829.65,-476.2
2025-07-11 13:00:00+00:00,64.77,5136.2,2410.35,-1026.4
2025-07-11 14:00:00+00:00,91.08,5129.33,1869.05,-1471.6
2025-07-11 15:00:00+00:00,115.37,5056.75,1069.85,-1878.2
2025-07-11 16:00:00+00:00,136.02,4968.53,492.7,-3274.7
2025-07-11 17:00:00+00:00,143.83,5100.48,243.13,-3312.7
2025-07-11 18:00:00+00:00,139.51,5116.85,32.68,-3333.3
2025-07-11 19:00:00+00:00,134.08,5033.5,0.0,-3192.3
2025-07-11 20:00:00+00:00,129.82,4811.73,0.0,-2841.8
2025-07-11 21:00:00+00:00,105.42,4677.5,0.0,-2544.3
2025-07-11 22:00:00+00:00,112.1,4399.28,0.0,-2196.9
2025-07-11 23:00:00+00:00,103.97,4033.35,0.0,-2139.9
2025-07-12 00:00:00+00:00,102.67,4015.6,0.0,-2172.9
2025-07-12 01:00:00+00:00,95.84,3959.8,0.0,-2160.8
2025-07-12 02:00:00+00:00,91.65,3955.3,0.23,-2162.6
2025-07-12 03:00:00+00:00,88.78,3851.1,95.75,-1858.4
2025-07-12 04:00:00+00:00,84.04,3728.6,329.68,-808.1
2025-07-12 05:00:00+00:00,86.65,3632.33,938.73,675.5
2025-07-12 06:00:00+00:00,81.81,3588.3,2033.7,1716.7
2025-07-12 07:00:00+00:00,60.68,3543.98,2635.68,2199.2
2025-07-12 08:00:00+00:00,18.19,3535.95,2752.18,1865.5
2025-07-12 09:00:00+00:00,3.0,3467.0,3245.8,1719.9
2025-07-12 10:00:00+00:00,0.22,3363.68,2619.15,1625.3
2025-07-12 11:00:00+00:00,0.0,3270.65,2681.0,1519.4
2025-07-12 12:00:00+00:00,0.0,3395.85,2738.5,708.0
2025-07-12 13:00:00+00:00,0.22,3664.58,2328.45,-311.3
2025-07-12 14:00:00+00:00,32.98,4011.63,1800.43,-862.0
2025-07-12 15:00:00+00:00,91.57,4386.43,1296.63,-1302.0
2025-07-12 16:00:00+00:00,103.49,4723.1,547.2,-2638.1
2025-07-12 17:00:00+00:00,108.73,4921.08,230.03,-2924.4
2025-07-12 18:00:00+00:00,126.76,5071.03,28.38,-2767.9
2025-07-12 19:00:00+00:00,131.38,4988.45,0.0,-2969.1
2025-07-12 20:00:00+00:00,124.99,4718.35,0.0,-2315.1
2025-07-12 21:00:00+00:00,116.05,4382.33,0.0,-2349.3
2025-07-12 22:00:00+00:00,113.94,4024.05,0.0,-1854.6
2025-07-12 23:00:00+00:00,107.35,3721.95,0.0,-1641.2
2025-07-13 00:00:00+00:00,105.8,3682.78,0.0,-1597.3
2025-07-13 01:00:00+00:00,104.07,3632.63,0.0,-1522.8
2025-07-13 02:00:00+00:00,101.11,3595.25,0.15,-1465.5
2025-07-13 03:00:00+00:00,97.47,3490.6,97.73,-1317.1
2025-07-13 04:00:00+00:00,92.46,3368.63,380.78,-788.1
2025-07-13 05:00:00+00:00,90.53,3534.03,1070.88,48.3
2025-07-13 06:00:00+00:00,74.38,3639.98,2294.48,776.2
2025-07-13 07:00:00+00:00,28.57,3706.68,3128.58,1357.3
2025-07-13 08:00:00+00:00,4.28,3744.45,3749.63,1672.5
2025-07-13 09:00:00+00:00,0.05,3705.98,3758.2,1783.1
2025-07-13 10:00:00+00:00,0.0,3646.18,2997.65,1853.2
2025-07-13 11:00:00+00:00,0.0,3620.35,3274.48,1798.7
2025-07-13 12:00:00+00:00,0.0,3731.2,3428.55,1219.3
2025-07-13 13:00:00+00:00,0.0,3939.25,2796.6,537.0
2025-07-13 14:00:00+00:00,2.24,4300.7,2298.73,-307.0
2025-07-13 15:00:00+00:00,68.33,4707.68,1320.65,-1331.9
2025-07-13 16:00:00+00:00,104.48,5110.43,528.5,-2406.9
2025-07-13 17:00:00+00:00,114.53,5319.73,222.73,-2812.9
2025-07-13 18:00:00+00:00,124.53,5435.23,28.33,-2884.1
2025-07-13 19:00:00+00:00,128.4,5358.88,0.0,-3025.6
2025-07-13 20:00:00+00:00,126.94,5024.55,0.0,-2579.1
2025-07-13 21:00:00+00:00,115.94,4684.43,0.0,-2237.3
2025-07-13 22:00:00+00:00,113.24,4165.9,0.0,-1579.9
2025-07-13 23:00:00+00:00,101.6,3959.2,0.0,-1261.1
2025-07-14 00:00:00+00:00,95.35,3853.63,0.0,-1218.2
2025-07-14 01:00:00+00:00,91.39,3828.4,0.0,-1185.9
2025-07-14 02:00:00+00:00,94.21,3919.9,0.05,-1172.8
2025-07-14 03:00:00+00:00,106.2,4082.18,88.4,-1126.2
2025-07-14 04:00:00+00:00,116.69,4511.8,429.0,-1438.1
2025-07-14 05:00:00+00:00,117.17,4798.38,1048.6,-1028.5
2025-07-14 06:00:00+00:00,101.85,4787.25,1944.7,-251.3
2025-07-14 07:00:00+00:00,85.81,4641.68,2675.15,667.0
2025-07-14 08:00:00+00:00,78.5,4500.03,3286.78,1139.8
2025-07-14 09:00:00+00:00,75.89,4488.7,3505.35,1275.2
2025-07-14 10:00:00+00:00,72.68,4601.33,3386.93,1087.9
2025-07-14 11:00:00+00:00,65.63,4570.1,3319.28,1158.6
2025-07-14 12:00:00+00:00,58.64,4581.68,3317.2,1320.7
2025-07-14 13:00:00+00:00,76.4,4734.73,2674.73,611.1
2025-07-14 14:00:00+00:00,104.34,4977.6,2322.33,-574.7
2025-07-14 15:00:00+00:00,115.42,5135.65,1373.2,-1441.2
2025-07-14 16:00:00+00:00,132.05,5336.45,510.88,-2791.9
2025-07-14 17:00:00+00:00,172.99,5527.4,215.18,-3063.2
2025-07-14 18:00:00+00:00,228.01,5628.23,26.05,-3293.7
2025-07-14 19:00:00+00:00,182.28,5602.93,0.0,-3315.9
2025-07-14 20:00:00+00:00,130.28,5352.3,0.0,-2826.5
2025-07-14 21:00:00+00:00,115.81,5106.25,0.0,-2392.4
2025-07-14 22:00:00+00:00,107.41,4662.05,0.0,-1478.1
2025-07-14 23:00:00+00:00,100.64,4406.93,0.0,-1168.9
2025-07-15 00:00:00+00:00,90.89,4246.63,0.0,-1175.0
2025-07-15 01:00:00+00:00,87.07,4204.5,0.0,-1192.0
2025-07-15 02:00:00+00:00,85.94,4276.68,0.1,-1234.3
2025-07-15 03:00:00+00:00,92.06,4355.2,66.35,-1191.4
2025-07-15 04:00:00+00:00,108.62,4590.48,334.95,-1483.0
2025-07-15 05:00:00+00:00,111.88,4843.93,860.03,-1135.3
2025-07-15 06:00:00+00:00,106.3,4839.48,1815.35,-565.1
2025-07-15 07:00:00+00:00,89.25,4694.38,2653.88,168.2
2025-07-15 08:00:00+00:00,73.7,4550.75,3271.6,892.8
2025-07-15 09:00:00+00:00,62.89,4436.15,3411.6,782.1
2025-07-15 10:00:00+00:00,61.51,4236.55,3104.53,680.8
2025-07-15 11:00:00+00:00,49.51,4473.73,3176.8,900.0
2025-07-15 12:00:00+00:00,56.09,4525.15,3218.38,1171.4
2025-07-15 13:00:00+00:00,83.01,4692.7,2888.9,711.5
2025-07-15 14:00:00+00:00,105.06,4923.5,2321.13,-370.1
2025-07-15 15:00:00+00:00,116.64,5116.65,1438.9,-953.7
2025-07-15 16:00:00+00:00,125.88,5557.13,580.5,-2469.5
2025-07-15 17:00:00+00:00,155.01,5643.55,239.33,-2719.9
2025-07-15 18:00:00+00:00,166.72,5587.85,26.65,-3017.2
2025-07-15 19:00:00+00:00,147.28,5533.55,0.0,-3014.6
2025-07-15 20:00:00+00:00,119.81,5282.35,0.0,-2604.8
2025-07-15 21:00:00+00:00,108.59,5098.85,0.0,-2035.6
2025-07-15 22:00:00+00:00,97.2,4571.73,0.0,-1639.1
2025-07-15 23:00:00+00:00,90.82,4359.18,0.0,-1387.2
2025-07-16 00:00:00+00:00,83.79,4172.28,0.0,-1165.4
2025-07-16 01:00:00+00:00,80.21,4168.28,0.0,-1069.2
2025-07-16 02:00:00+00:00,80.63,4231.43,0.0,-1147.8
2025-07-16 03:00:00+00:00,86.43,4341.63,56.18,-1346.6
2025-07-16 04:00:00+00:00,104.65,4649.05,221.25,-1866.4
2025-07-16 05:00:00+00:00,111.34,4748.95,500.73,-1271.2
2025-07-16 06:00:00+00:00,110.23,4501.48,882.65,-158.6
2025-07-16 07:00:00+00:00,101.0,4314.75,1135.35,387.0
2025-07-16 08:00:00+00:00,88.79,4209.28,1330.03,345.0
2025-07-16 09:00:00+00:00,90.66,4209.78,1870.15,547.0
2025-07-16 10:00:00+00:00,91.02,4330.48,1848.68,497.4
2025-07-16 11:00:00+00:00,90.75,4160.9,1777.9,831.2
2025-07-16 12:00:00+00:00,95.25,4215.3,1757.45,651.1
2025-07-16 13:00:00+00:00,103.72,4432.73,1533.95,-332.3
2025-07-16 14:00:00+00:00,108.24,4747.3,1331.5,-1311.5
2025-07-16 15:00:00+00:00,111.33,5038.15,1064.95,-1825.9
2025-07-16 16:00:00+00:00,126.47,5316.35,430.95,-1910.6
2025-07-16 17:00:00+00:00,148.26,5540.1,224.68,-2854.5
2025-07-16 18:00:00+00:00,159.77,5480.7,23.23,-3361.2
2025-07-16 19:00:00+00:00,148.04,5301.55,0.0,-2885.5
2025-07-16 20:00:00+00:00,148.02,5066.5,0.0,-1747.9
2025-07-16 21:00:00+00:00,125.34,4876.55,0.0,-1693.5
2025-07-16 22:00:00+00:00,107.32,4440.48,0.0,-1187.6
2025-07-16 23:00:00+00:00,101.17,4211.43,0.0,-935.1
2025-07-17 00:00:00+00:00,92.75,4072.48,0.0,-740.4
2025-07-17 01:00:00+00:00,92.0,3996.4,0.0,-571.6
2025-07-17 02:00:00+00:00,92.81,4061.65,0.0,-601.8
2025-07-17 03:00:00+00:00,96.88,4180.85,51.28,-852.3
2025-07-17 04:00:00+00:00,113.62,4488.75,253.0,-1574.2
2025-07-17 05:00:00+00:00,118.2,4637.1,583.85,-1254.9
2025-07-17 06:00:00+00:00,105.92,4424.35,1497.2,-804.0
2025-07-17 07:00:00+00:00,93.1,4392.93,2243.93,-428.8
2025-07-17 08:00:00+00:00,85.0,4457.93,2720.83,-279.8
2025-07-17 09:00:00+00:00,77.07,4375.45,2701.93,-396.4
2025-07-17 10:00:00+00:00,70.17,4337.1,2587.68,-251.9
2025-07-17 11:00:00+00:00,63.25,4199.4,2621.78,65.9
2025-07-17 12:00:00+00:00,62.45,4196.2,2484.43,130.5
2025-07-17 13:00:00+00:00,69.09,4372.0,2136.5,65.3
2025-07-17 14:00:00+00:00,103.17,4680.9,1995.63,-965.0
2025-07-17 15:00:00+00:00,105.18,4944.23,1262.18,-1576.0
2025-07-17 16:00:00+00:00,122.96,5138.58,545.13,-1850.2
2025-07-17 17:00:00+00:00,140.79,5341.75,244.08,-2463.1
2025-07-17 18:00:00+00:00,152.72,5297.28,26.4,-2391.3
2025-07-17 19:00:00+00:00,135.83,5148.6,0.0,-2630.8
2025-07-17 20:00:00+00:00,125.07,4913.95,0.0,-2472.2
2025-07-17 21:00:00+00:00,114.18,4765.98,0.0,-1996.7
2025-07-17 22:00:00+00:00,108.34,4370.23,0.0,-1278.7
2025-07-17 23:00:00+00:00,99.74,4053.9,0.0,-867.9
2025-07-18 00:00:00+00:00,96.65,3961.55,0.0,-559.6
2025-07-18 01:00:00+00:00,95.72,3936.98,0.0,-378.9
2025-07-18 02:00:00+00:00,96.76,4017.6,0.0,-389.2
2025-07-18 03:00:00+00:00,106.09,4174.23,73.35,-562.2
2025-07-18 04:00:00+00:00,116.41,4571.63,305.48,-998.4
2025-07-18 05:00:00+00:00,115.18,4796.25,945.0,-631.5
2025-07-18 06:00:00+00:00,109.45,4636.95,1401.28,143.7
2025-07-18 07:00:00+00:00,97.79,4495.98,1628.05,875.7
2025-07-18 08:00:00+00:00,85.26,4434.1,1662.88,1138.9
2025-07-18 09:00:00+00:00,82.0,4320.2,1732.95,680.8
2025-07-18 10:00:00+00:00,80.0,4440.83,1735.28,-249.0
2025-07-18 11:00:00+00:00,73.02,4348.2,2296.83,101.9
2025-07-18 12:00:00+00:00,71.2,4371.38,2132.08,460.3
2025-07-18 13:00:00+00:00,72.68,4558.58,1944.9,246.5
2025-07-18 14:00:00+00:00,102.35,4765.9,1800.4,-1119.9
2025-07-18 15:00:00+00:00,106.83,4863.93,1211.35,-1371.3
2025-07-18 16:00:00+00:00,129.67,4942.08,554.73,-1656.1
2025-07-18 17:00:00+00:00,143.43,5123.98,232.3,-2092.5
2025-07-18 18:00:00+00:00,171.09,5158.3,22.38,-1724.3
2025-07-18 19:00:00+00:00,168.08,5082.5,0.0,-1756.4
2025-07-18 20:00:00+00:00,133.38,4881.65,0.0,-1866.1
2025-07-18 21:00:00+00:00,126.83,4756.55,0.0,-1541.0
2025-07-18 22:00:00+00:00,129.77,4328.7,0.0,-1286.8
2025-07-18 23:00:00+00:00,111.36,4065.5,0.0,-1089.8
2025-07-19 00:00:00+00:00,109.21,3920.55,0.0,-962.0
2025-07-19 01:00:00+00:00,109.39,3858.78,0.0,-841.7
2025-07-19 02:00:00+00:00,98.92,3848.2,0.0,-779.4
2025-07-19 03:00:00+00:00,101.74,3746.03,85.18,-621.6
2025-07-19 04:00:00+00:00,94.67,3639.8,442.7,-177.2
2025-07-19 05:00:00+00:00,84.3,3602.5,1006.13,406.1
2025-07-19 06:00:00+00:00,76.83,3573.28,2264.65,1482.2
2025-07-19 07:00:00+00:00,51.26,3536.58,2981.1,2015.6
2025-07-19 08:00:00+00:00,10.0,3568.18,3341.33,2620.6
2025-07-19 09:00:00+00:00,0.65,3673.65,3487.68,2378.6
2025-07-19 10:00:00+00:00,0.0,3635.1,3295.75,2189.2
2025-07-19 11:00:00+00:00,-0.01,3509.33,3250.0,2275.9
2025-07-19 12:00:00+00:00,0.0,3553.2,3245.55,2281.2
2025-07-19 13:00:00+00:00,8.01,3683.43,2493.88,2033.4
2025-07-19 14:00:00+00:00,62.1,3939.4,2312.43,1555.0
2025-07-19 15:00:00+00:00,100.68,4245.5,1428.83,536.6
2025-07-19 16:00:00+00:00,125.99,4552.58,707.78,-526.4
2025-07-19 17:00:00+00:00,141.83,4757.93,270.23,-1329.0
2025-07-19 18:00:00+00:00,149.0,4988.13,22.93,-1893.9
2025-07-19 19:00:00+00:00,171.84,4958.0,0.0,-1984.3
2025-07-19 20:00:00+00:00,139.99,4683.1,0.0,-1781.7
2025-07-19 21:00:00+00:00,131.83,4483.5,0.0,-1688.7
2025-07-19 22:00:00+00:00,108.65,3980.0,0.0,-1700.7
2025-07-19 23:00:00+00:00,108.98,3786.18,0.0,-1319.4
2025-07-20 00:00:00+00:00,92.78,3785.65,0.0,-1196.8
2025-07-20 01:00:00+00:00,101.42,3739.68,0.0,-1102.9
2025-07-20 02:00:00+00:00,98.47,3740.2,0.0,-954.1
2025-07-20 03:00:00+00:00,98.19,3628.65,62.7,-825.7
2025-07-20 04:00:00+00:00,94.24,3473.93,425.38,-438.5
2025-07-20 05:00:00+00:00,75.05,3477.95,1031.2,170.9
2025-07-20 06:00:00+00:00,70.76,3530.15,1859.68,1222.0
2025-07-20 07:00:00+00:00,37.91,3511.63,2843.18,1805.4
2025-07-20 08:00:00+00:00,7.4,3510.18,3484.7,2462.5
2025-07-20 09:00:00+00:00,1.87,3459.05,3801.4,2560.9
2025-07-20 10:00:00+00:00,0.0,3325.65,3306.95,2578.8
2025-07-20 11:00:00+00:00,-0.01,3313.58,3359.58,2679.4
2025-07-20 12:00:00+00:00,0.0,3482.9,3729.6,2535.6
2025-07-20 13:00:00+00:00,8.2,3748.43,3218.53,1945.9
2025-07-20 14:00:00+00:00,70.69,4146.75,2685.9,1140.5
2025-07-20 15:00:00+00:00,98.17,4454.78,1655.18,24.6
2025-07-20 16:00:00+00:00,115.78,4753.85,704.93,-1103.1
2025-07-20 17:00:00+00:00,132.71,5000.55,265.7,-1886.6
2025-07-20 18:00:00+00:00,141.69,5137.8,21.9,-2188.6
2025-07-20 19:00:00+00:00,138.54,5015.95,0.0,-2281.6
2025-07-20 20:00:00+00:00,129.97,4708.93,0.0,-1886.5
2025-07-20 21:00:00+00:00,116.47,4427.45,0.0,-1685.8
2025-07-20 22:00:00+00:00,99.06,4210.18,0.0,-1570.5
2025-07-20 23:00:00+00:00,87.84,3957.9,0.0,-1295.0
2025-07-21 00:00:00+00:00,83.42,3861.23,0.0,-1141.4
2025-07-21 01:00:00+00:00,83.1,3851.25,0.0,-1037.3
2025-07-21 02:00:00+00:00,88.99,3960.23,0.0,-1082.3
2025-07-21 03:00:00+00:00,96.3,4114.55,72.55,-1267.8
2025-07-21 04:00:00+00:00,119.55,4609.13,419.1,-1286.2
2025-07-21 05:00:00+00:00,120.28,4883.95,1093.28,-609.6
2025-07-21 06:00:00+00:00,112.91,4964.1,2258.4,358.8
2025-07-21 07:00:00+00:00,98.67,5028.23,3077.88,1191.0
2025-07-21 08:00:00+00:00,90.18,5076.68,3612.5,1532.0
2025-07-21 09:00:00+00:00,87.55,5204.93,3787.6,1299.8
2025-07-21 10:00:00+00:00,84.94,5274.6,3114.1,720.1
2025-07-21 11:00:00+00:00,85.26,5073.73,3165.45,1079.6
2025-07-21 12:00:00+00:00,79.12,5073.88,3037.68,1470.7
2025-07-21 13:00:00+00:00,80.93,5227.2,2568.35,967.4
2025-07-21 14:00:00+00:00,101.76,5268.28,2091.85,-214.4
2025-07-21 15:00:00+00:00,106.04,5317.48,1320.08,-763.1
2025-07-21 16:00:00+00:00,148.7,5412.65,540.8,-1603.1
2025-07-21 17:00:00+00:00,204.33,5618.63,224.48,-1991.7
2025-07-21 18:00:00+00:00,192.71,5753.23,18.35,-2105.4
2025-07-21 19:00:00+00:00,151.54,5681.13,0.0,-2698.5
2025-07-21 20:00:00+00:00,125.36,5337.8,0.0,-2592.9
2025-07-21 21:00:00+00:00,105.87,5041.58,0.0,-2231.9
2025-07-21 22:00:00+00:00,103.77,4572.18,0.0,-1922.8
2025-07-21 23:00:00+00:00,92.0,4333.6,0.0,-1624.3
2025-07-22 00:00:00+00:00,87.81,4155.15,0.0,-1505.1
2025-07-22 01:00:00+00:00,85.96,4107.95,0.0,-1453.2
2025-07-22 02:00:00+00:00,88.39,4167.58,0.0,-1446.3
2025-07-22 03:00:00+00:00,98.0,4204.4,72.08,-1640.8
2025-07-22 04:00:00+00:00,109.97,4300.23,420.23,-1471.6
2025-07-22 05:00:00+00:00,108.84,4691.1,1111.8,-943.4
2025-07-22 06:00:00+00:00,99.36,4817.35,2064.5,-163.9
2025-07-22 07:00:00+00:00,94.05,4872.45,2721.85,459.1
2025-07-22 08:00:00+00:00,83.96,4920.18,3194.78,689.2
2025-07-22 09:00:00+00:00,70.81,4865.25,3528.3,648.0
2025-07-22 10:00:00+00:00,56.33,4563.38,2869.48,513.8
2025-07-22 11:00:00+00:00,32.23,4807.2,3403.13,628.4
2025-07-22 12:00:00+00:00,32.79,4902.23,3741.2,601.5
2025-07-22 13:00:00+00:00,73.34,5044.35,3249.63,63.4
2025-07-22 14:00:00+00:00,100.41,5084.63,2741.8,-765.7
2025-07-22 15:00:00+00:00,110.6,5203.43,1811.75,-1438.9
2025-07-22 16:00:00+00:00,153.94,5647.0,692.65,-2203.0
2025-07-22 17:00:00+00:00,188.1,5566.63,259.4,-2148.9
2025-07-22 18:00:00+00:00,210.99,5513.53,20.8,-2178.1
2025-07-22 19:00:00+00:00,163.39,5422.55,0.0,-2633.6
2025-07-22 20:00:00+00:00,143.76,5180.5,0.0,-2450.0
2025-07-22 21:00:00+00:00,116.83,5045.7,0.0,-2161.3
2025-07-22 22:00:00+00:00,120.31,4463.13,0.0,-1686.8
2025-07-22 23:00:00+00:00,116.08,4272.33,0.0,-1242.8
2025-07-23 00:00:00+00:00,108.98,4091.83,0.0,-993.4
2025-07-23 01:00:00+00:00,110.12,4058.03,0.0,-1050.5
2025-07-23 02:00:00+00:00,110.28,4103.6,0.0,-1394.4
2025-07-23 03:00:00+00:00,102.7,4224.3,49.33,-1561.8
2025-07-23 04:00:00+00:00,106.69,4480.38,288.88,-1940.2
2025-07-23 05:00:00+00:00,107.31,4622.98,1018.88,-805.2
2025-07-23 06:00:00+00:00,96.5,4511.28,1845.78,-43.3
2025-07-23 07:00:00+00:00,85.03,4463.75,2527.65,497.4
2025-07-23 08:00:00+00:00,78.77,4472.98,3081.05,546.1
2025-07-23 09:00:00+00:00,75.02,4482.15,3549.8,849.6
2025-07-23 10:00:00+00:00,74.46,4276.03,3050.33,905.3
2025-07-23 11:00:00+00:00,75.81,4604.65,3399.8,710.6
2025-07-23 12:00:00+00:00,76.16,4816.95,3674.88,321.0
2025-07-23 13:00:00+00:00,81.03,5026.08,2978.88,-687.8
2025-07-23 14:00:00+00:00,112.95,5273.08,2352.6,-1385.7
2025-07-23 15:00:00+00:00,135.04,5420.28,1498.78,-1946.6
2025-07-23 16:00:00+00:00,203.01,5583.1,558.18,-2590.9
2025-07-23 17:00:00+00:00,300.53,5815.98,231.2,-3316.4
2025-07-23 18:00:00+00:00,290.87,5857.75,17.98,-3289.0
2025-07-23 19:00:00+00:00,215.6,5660.38,0.0,-2635.0
2025-07-23 20:00:00+00:00,175.86,5313.5,0.0,-2635.0
2025-07-23 21:00:00+00:00,139.74,5082.63,0.0,-2170.1
2025-07-23 22:00:00+00:00,121.59,4682.53,0.0,-1700.0
2025-07-23 23:00:00+00:00,104.15,4337.35,0.0,-1390.3
2025-07-24 00:00:00+00:00,98.99,4228.58,0.0,-1146.7
2025-07-24 01:00:00+00:00,97.33,4181.93,0.0,-1142.8
2025-07-24 02:00:00+00:00,97.9,4227.98,0.0,-1294.0
2025-07-24 03:00:00+00:00,106.0,4330.3,54.2,-1104.3
2025-07-24 04:00:00+00:00,110.58,4579.13,309.73,-1081.6
2025-07-24 05:00:00+00:00,114.99,4709.4,1032.53,-214.1
2025-07-24 06:00:00+00:00,109.77,4564.25,1974.78,940.1
2025-07-24 07:00:00+00:00,96.54,4454.95,2825.35,1796.0
2025-07-24 08:00:00+00:00,90.27,4447.33,3305.2,2131.3
2025-07-24 09:00:00+00:00,85.51,4424.75,3301.08,2244.3
2025-07-24 10:00:00+00:00,83.28,4310.13,2821.05,2281.0
2025-07-24 11:00:00+00:00,88.92,4418.2,3173.93,2038.5
2025-07-24 12:00:00+00:00,91.87,4562.05,3137.13,1758.9
2025-07-24 13:00:00+00:00,100.64,4753.55,2424.95,1128.7
2025-07-24 14:00:00+00:00,108.23,5054.68,2019.33,-242.2
2025-07-24 15:00:00+00:00,115.56,5393.98,1230.23,-1476.4
2025-07-24 16:00:00+00:00,203.19,5689.4,455.38,-2499.6
2025-07-24 17:00:00+00:00,335.47,5836.4,179.3,-2529.1
2025-07-24 18:00:00+00:00,379.99,5868.0,12.7,-2500.8
2025-07-24 19:00:00+00:00,216.31,5764.65,0.0,-2639.6
2025-07-24 20:00:00+00:00,159.69,5432.8,0.0,-2639.6
2025-07-24 21:00:00+00:00,118.63,5113.8,0.0,-2329.2
2025-07-24 22:00:00+00:00,113.88,4655.53,0.0,-1999.3
2025-07-24 23:00:00+00:00,105.61,4320.15,0.0,-1730.8
2025-07-25 00:00:00+00:00,101.21,4254.08,0.0,-1540.6
2025-07-25 01:00:00+00:00,100.95,4194.85,0.0,-1613.5
2025-07-25 02:00:00+00:00,102.09,4239.83,0.0,-1711.2
2025-07-25 03:00:00+00:00,107.86,4278.7,58.9,-1623.1
2025-07-25 04:00:00+00:00,115.01,4378.3,363.28,-1528.7
2025-07-25 05:00:00+00:00,112.41,4606.53,1038.98,-717.8
2025-07-25 06:00:00+00:00,111.93,4498.48,1875.03,258.8
2025-07-25 07:00:00+00:00,99.42,4406.58,2387.58,1009.6
2025-07-25 08:00:00+00:00,96.91,4368.48,2834.1,1154.3
2025-07-25 09:00:00+00:00,87.12,4278.65,3317.7,1363.9
2025-07-25 10:00:00+00:00,85.4,4346.45,2949.4,1416.3
2025-07-25 11:00:00+00:00,85.24,4228.0,3032.33,826.2
2025-07-25 12:00:00+00:00,85.16,4324.65,3119.85,362.2
2025-07-25 13:00:00+00:00,98.04,4546.05,2511.13,-225.5
2025-07-25 14:00:00+00:00,109.85,4906.7,1915.3,-1174.8
2025-07-25 15:00:00+00:00,126.57,5275.4,1136.28,-1830.1
2025-07-25 16:00:00+00:00,243.77,5684.2,514.18,-2647.5
2025-07-25 17:00:00+00:00,346.73,5721.7,188.7,-2700.6
2025-07-25 18:00:00+00:00,386.03,5619.18,6.75,-3022.2
2025-07-25 19:00:00+00:00,165.63,5575.95,0.0,-2825.6
2025-07-25 20:00:00+00:00,159.3,5297.33,0.0,-2738.9
2025-07-25 21:00:00+00:00,120.07,4969.15,0.0,-2647.5
2025-07-25 22:00:00+00:00,115.99,4745.03,0.0,-2107.9
2025-07-25 23:00:00+00:00,107.75,4473.15,0.0,-1831.0
2025-07-26 00:00:00+00:00,121.18,4280.98,0.0,-1584.8
2025-07-26 01:00:00+00:00,108.99,4190.38,0.0,-1483.5
2025-07-26 02:00:00+00:00,106.57,4174.78,0.0,-1423.6
2025-07-26 03:00:00+00:00,101.56,4067.7,50.35,-1378.4
2025-07-26 04:00:00+00:00,102.41,3972.75,360.58,-1555.2
2025-07-26 05:00:00+00:00,99.81,3944.3,771.63,-829.8
2025-07-26 06:00:00+00:00,89.48,3791.33,1567.85,374.8
2025-07-26 07:00:00+00:00,88.24,3714.35,2140.7,1396.3
2025-07-26 08:00:00+00:00,82.38,3699.43,2320.88,1541.2
2025-07-26 09:00:00+00:00,77.96,3668.48,2335.9,1576.6
2025-07-26 10:00:00+00:00,68.6,3709.18,2595.95,1320.5
2025-07-26 11:00:00+00:00,66.23,3647.23,2334.9,1227.8
2025-07-26 12:00:00+00:00,65.39,3747.23,2516.63,969.0
2025-07-26 13:00:00+00:00,78.03,3927.35,1855.18,761.4
2025-07-26 14:00:00+00:00,104.95,4141.03,1469.85,-197.6
2025-07-26 15:00:00+00:00,135.12,4424.88,1001.1,-1184.3
2025-07-26 16:00:00+00:00,150.4,4757.9,398.13,-1833.3
2025-07-26 17:00:00+00:00,188.01,4902.2,126.48,-2395.0
2025-07-26 18:00:00+00:00,235.46,5007.83,5.2,-2474.5
2025-07-26 19:00:00+00:00,191.43,4986.95,0.0,-2614.3
2025-07-26 20:00:00+00:00,131.47,4727.23,0.0,-2376.3
2025-07-26 21:00:00+00:00,109.78,4485.85,0.0,-2160.2
2025-07-26 22:00:00+00:00,100.13,4116.45,0.0,-1825.6
2025-07-26 23:00:00+00:00,94.51,3857.5,0.0,-1616.8
2025-07-27 00:00:00+00:00,90.45,3823.2,0.0,-1728.7
2025-07-27 01:00:00+00:00,86.72,3751.98,0.0,-1646.8
2025-07-27 02:00:00+00:00,90.0,3749.95,0.0,-1633.7
2025-07-27 03:00:00+00:00,91.32,3626.03,16.8,-1579.3
2025-07-27 04:00:00+00:00,87.79,3366.2,174.3,-1444.0
2025-07-27 05:00:00+00:00,84.31,3389.83,376.65,-915.6
2025-07-27 06:00:00+00:00,78.05,3309.15,675.93,-183.4
2025-07-27 07:00:00+00:00,78.44,3305.03,961.35,118.2
2025-07-27 08:00:00+00:00,78.11,3318.15,1196.03,587.9
2025-07-27 09:00:00+00:00,71.86,3278.93,1151.6,506.9
2025-07-27 10:00:00+00:00,46.44,3187.4,1824.73,430.9
2025-07-27 11:00:00+00:00,15.04,3100.5,1575.05,641.8
2025-07-27 12:00:00+00:00,8.85,3176.7,1645.33,173.5
2025-07-27 13:00:00+00:00,24.83,3397.53,1370.0,91.6
2025-07-27 14:00:00+00:00,83.26,3776.33,1226.5,-340.6
2025-07-27 15:00:00+00:00,95.12,4113.2,874.0,-1175.1
2025-07-27 16:00:00+00:00,141.02,4532.03,489.15,-2157.4
2025-07-27 17:00:00+00:00,132.01,4758.93,166.6,-2659.6
2025-07-27 18:00:00+00:00,165.01,4889.45,7.08,-2659.6
2025-07-27 19:00:00+00:00,180.0,4780.98,0.0,-2659.6
2025-07-27 20:00:00+00:00,163.93,4499.45,0.0,-2330.3
2025-07-27 21:00:00+00:00,121.78,4198.48,0.0,-2044.3
2025-07-27 22:00:00+00:00,95.96,3732.93,0.0,-1918.1
2025-07-27 23:00:00+00:00,85.2,3562.28,0.0,-1729.1
2025-07-28 00:00:00+00:00,80.94,3549.23,0.0,-1574.7
2025-07-28 01:00:00+00:00,80.82,3524.43,0.0,-1698.3
2025-07-28 02:00:00+00:00,81.71,3634.05,0.0,-1866.4
2025-07-28 03:00:00+00:00,92.58,3774.4,37.03,-1890.8
2025-07-28 04:00:00+00:00,108.09,4014.38,293.5,-1691.4
2025-07-28 05:00:00+00:00,115.61,4237.3,756.9,-976.6
2025-07-28 06:00:00+00:00,117.72,4154.05,1652.98,-86.6
2025-07-28 07:00:00+00:00,110.18,4117.05,2066.7,498.3
2025-07-28 08:00:00+00:00,102.53,4084.13,2475.68,684.0
2025-07-28 09:00:00+00:00,95.15,4122.93,2744.6,861.1
2025-07-28 10:00:00+00:00,86.28,4087.63,2597.9,1257.0
2025-07-28 11:00:00+00:00,82.77,4154.4,2787.6,365.4
2025-07-28 12:00:00+00:00,75.9,4323.25,2766.25,122.2
2025-07-28 13:00:00+00:00,80.81,4564.83,2278.65,-834.8
2025-07-28 14:00:00+00:00,84.14,4821.15,1836.73,-1483.8
2025-07-28 15:00:00+00:00,102.41,5141.8,1268.93,-1789.5
2025-07-28 16:00:00+00:00,150.98,5456.98,508.0,-2656.9
2025-07-28 17:00:00+00:00,171.0,5496.83,187.45,-2544.0
2025-07-28 18:00:00+00:00,184.26,5380.1,9.68,-2656.9
2025-07-28 19:00:00+00:00,163.37,5206.48,0.0,-2730.7
2025-07-28 20:00:00+00:00,121.63,4894.73,0.0,-2966.2
2025-07-28 21:00:00+00:00,94.65,4693.65,0.0,-2639.5
2025-07-28 22:00:00+00:00,92.36,4204.6,0.0,-2022.5
2025-07-28 23:00:00+00:00,91.28,3942.65,0.0,-1781.4
2025-07-29 00:00:00+00:00,86.06,3873.1,0.0,-1598.4
2025-07-29 01:00:00+00:00,85.52,3827.63,0.0,-1630.4
2025-07-29 02:00:00+00:00,88.03,3908.1,0.0,-1710.5
2025-07-29 03:00:00+00:00,97.82,3990.2,40.45,-1662.2
2025-07-29 04:00:00+00:00,102.45,4220.4,280.63,-1854.4
2025-07-29 05:00:00+00:00,108.51,4360.65,755.0,-1175.4
2025-07-29 06:00:00+00:00,95.38,4241.63,1425.0,-354.0
2025-07-29 07:00:00+00:00,83.43,4186.13,2074.55,382.2
2025-07-29 08:00:00+00:00,70.4,4138.53,2249.45,654.0
2025-07-29 09:00:00+00:00,56.96,4118.45,2641.7,713.7
2025-07-29 10:00:00+00:00,25.44,3969.43,2525.03,791.1
2025-07-29 11:00:00+00:00,16.25,4132.05,2635.48,468.8
2025-07-29 12:00:00+00:00,31.76,4369.4,2580.28,213.3
2025-07-29 13:00:00+00:00,48.95,4622.28,2054.08,-651.6
2025-07-29 14:00:00+00:00,74.31,4877.15,1536.78,-1400.0
2025-07-29 15:00:00+00:00,103.7,5090.83,966.25,-1900.7
2025-07-29 16:00:00+00:00,146.92,5076.7,358.3,-2616.7
2025-07-29 17:00:00+00:00,144.12,5281.2,117.73,-2483.4
2025-07-29 18:00:00+00:00,156.34,5419.95,4.68,-2759.0
2025-07-29 19:00:00+00:00,161.26,5250.15,0.0,-3040.1
2025-07-29 20:00:00+00:00,122.58,4945.73,0.0,-3171.2
2025-07-29 21:00:00+00:00,104.01,4734.75,0.0,-2558.4
2025-07-29 22:00:00+00:00,96.94,4292.6,0.0,-1702.3
2025-07-29 23:00:00+00:00,92.86,3987.55,0.0,-1547.2
2025-07-30 00:00:00+00:00,87.09,3873.48,0.0,-1471.9
2025-07-30 01:00:00+00:00,86.44,3803.55,0.0,-1418.1
2025-07-30 02:00:00+00:00,88.64,3868.1,0.0,-1487.7
2025-07-30 03:00:00+00:00,98.76,3968.5,28.3,-1490.1
2025-07-30 04:00:00+00:00,107.29,4263.68,300.63,-1727.6
2025-07-30 05:00:00+00:00,102.07,4370.7,934.33,-1176.7
2025-07-30 06:00:00+00:00,89.17,4338.83,2060.7,-376.2
2025-07-30 07:00:00+00:00,69.94,4301.63,2974.15,344.4
2025-07-30 08:00:00+00:00,54.42,4244.03,3401.13,672.7
2025-07-30 09:00:00+00:00,40.46,4144.05,3500.28,575.2
2025-07-30 10:00:00+00:00,24.79,4013.2,2968.95,533.0
2025-07-30 11:00:00+00:00,17.69,4013.7,2991.43,586.6
2025-07-30 12:00:00+00:00,10.7,4169.13,3126.03,345.9
2025-07-30 13:00:00+00:00,28.36,4389.98,2836.08,230.7
2025-07-30 14:00:00+00:00,69.31,4670.48,2167.8,-137.8
2025-07-30 15:00:00+00:00,90.22,4891.6,1554.35,-1056.8
2025-07-30 16:00:00+00:00,158.0,4992.8,609.05,-2479.1
2025-07-30 17:00:00+00:00,170.02,5153.73,211.15,-2866.3
2025-07-30 18:00:00+00:00,208.92,5311.53,8.2,-2764.9
2025-07-30 19:00:00+00:00,170.08,5169.38,0.0,-3233.7
2025-07-30 20:00:00+00:00,130.07,4864.03,0.0,-2550.0
2025-07-30 21:00:00+00:00,100.65,4651.95,0.0,-2173.8
2025-07-30 22:00:00+00:00,99.49,4289.08,0.0,-1937.3
2025-07-30 23:00:00+00:00,93.86,3988.55,0.0,-1794.9
2025-07-31 00:00:00+00:00,77.98,3884.48,0.0,-1707.0
2025-07-31 01:00:00+00:00,74.84,3817.63,0.0,-1681.3
2025-07-31 02:00:00+00:00,78.26,3906.43,0.0,-1722.0
2025-07-31 03:00:00+00:00,90.99,4025.0,34.03,-1750.3
2025-07-31 04:00:00+00:00,103.26,4332.85,328.73,-1782.2
2025-07-31 05:00:00+00:00,101.06,4429.15,1010.48,-1138.4
2025-07-31 06:00:00+00:00,93.87,4301.65,1672.25,-184.0
2025-07-31 07:00:00+00:00,83.72,4127.55,2432.53,754.2
2025-07-31 08:00:00+00:00,72.99,4047.0,3350.85,1439.1
2025-07-31 09:00:00+00:00,72.84,3991.98,3743.2,1745.0
2025-07-31 10:00:00+00:00,63.11,3929.65,3001.2,1600.3
2025-07-31 11:00:00+00:00,50.18,4064.68,3259.9,1373.4
2025-07-31 12:00:00+00:00,33.82,4272.4,3434.6,1098.6
2025-07-31 13:00:00+00:00,57.26,4514.98,3066.05,232.4
2025-07-31 14:00:00+00:00,74.91,4733.9,2463.5,-405.1
2025-07-31 15:00:00+00:00,99.54,4827.7,1676.78,-987.6
2025-07-31 16:00:00+00:00,141.3,4991.73,571.53,-2477.8
2025-07-31 17:00:00+00:00,133.59,5146.6,204.9,-2810.7
2025-07-31 18:00:00+00:00,149.91,5146.9,6.6,-2873.5
2025-07-31 19:00:00+00:00,152.84,5004.4,0.0,-3113.4
2025-07-31 20:00:00+00:00,142.46,4776.85,0.0,-2509.4
2025-07-31 21:00:00+00:00,103.59,4569.38,0.0,-2051.1
2025-07-31 22:00:00+00:00,105.68,4187.35,0.0,-1742.9
2025-07-31 23:00:00+00:00,99.08,3944.68,0.0,-1544.7
2025-08-01 00:00:00+00:00,91.74,3782.68,0.0,-1425.3
2025-08-01 01:00:00+00:00,87.98,3740.23,0.0,-1374.2
2025-08-01 02:00:00+00:00,93.62,3824.15,0.0,-1456.0
2025-08-01 03:00:00+00:00,100.53,3972.0,29.13,-1548.8
2025-08-01 04:00:00+00:00,105.99,4257.65,331.7,-1552.6
2025-08-01 05:00:00+00:00,109.54,4334.23,970.68,-863.7
2025-08-01 06:00:00+00:00,105.61,4226.8,2130.4,163.9
2025-08-01 07:00:00+00:00,93.95,4046.88,3090.23,1121.2
2025-08-01 08:00:00+00:00,65.28,3942.18,3589.25,1719.5
2025-08-01 09:00:00+00:00,66.7,3863.43,3662.48,1794.1
2025-08-01 10:00:00+00:00,67.79,3722.28,3377.98,1885.0
2025-08-01 11:00:00+00:00,64.77,3824.7,3282.33,1790.3
2025-08-01 12:00:00+00:00,51.29,4031.75,3215.58,1722.6
2025-08-01 13:00:00+00:00,51.83,4266.1,2811.68,1027.8
2025-08-01 14:00:00+00:00,74.01,4527.1,2254.05,124.9
2025-08-01 15:00:00+00:00,103.86,4723.15,1401.03,-943.9
2025-08-01 16:00:00+00:00,141.22,4958.3,455.23,-2641.7
2025-08-01 17:00:00+00:00,154.83,5122.75,173.38,-2989.6
2025-08-01 18:00:00+00:00,196.02,5157.0,5.98,-3038.7
2025-08-01 19:00:00+00:00,196.0,5057.05,0.0,-3197.9
2025-08-01 20:00:00+00:00,131.01,4805.38,0.0,-2909.3
2025-08-01 21:00:00+00:00,109.62,4613.45,0.0,-2240.6
2025-08-01 22:00:00+00:00,110.86,4365.75,0.0,-1871.9
2025-08-01 23:00:00+00:00,100.97,4042.53,0.0,-1727.1
2025-08-02 00:00:00+00:00,96.99,3792.1,0.0,-1952.5
2025-08-02 01:00:00+00:00,90.82,3676.98,0.0,-1836.4
2025-08-02 02:00:00+00:00,89.96,3681.0,0.0,-1858.4
2025-08-02 03:00:00+00:00,89.59,3626.8,28.7,-1767.4
2025-08-02 04:00:00+00:00,88.21,3662.33,286.85,-1447.9
2025-08-02 05:00:00+00:00,83.45,3741.15,921.9,-1001.5
2025-08-02 06:00:00+00:00,76.25,3682.83,1636.88,-106.4
2025-08-02 07:00:00+00:00,58.64,3801.03,2322.15,341.2
2025-08-02 08:00:00+00:00,33.26,3979.95,2820.9,806.7
2025-08-02 09:00:00+00:00,5.68,4013.48,3209.05,687.4
2025-08-02 10:00:00+00:00,2.95,3920.38,2409.83,714.1
2025-08-02 11:00:00+00:00,0.0,4037.58,3014.88,559.8
2025-08-02 12:00:00+00:00,0.0,4083.23,3248.1,602.9
2025-08-02 13:00:00+00:00,0.0,4315.4,2666.28,9.6
2025-08-02 14:00:00+00:00,5.58,4665.3,2111.4,-1046.0
2025-08-02 15:00:00+00:00,63.45,4860.98,1098.85,-1895.5
2025-08-02 16:00:00+00:00,95.07,4923.18,327.53,-2830.3
2025-08-02 17:00:00+00:00,131.89,5067.43,131.9,-2939.8
2025-08-02 18:00:00+00:00,171.98,5054.45,3.45,-3138.9
2025-08-02 19:00:00+00:00,144.31,4868.25,0.0,-2981.3
2025-08-02 20:00:00+00:00,118.58,4537.55,0.0,-2629.3
2025-08-02 21:00:00+00:00,96.2,4276.35,0.0,-2059.3
2025-08-02 22:00:00+00:00,95.02,3927.1,0.0,-1669.6
2025-08-02 23:00:00+00:00,78.16,3660.88,0.0,-1545.3
2025-08-03 00:00:00+00:00,71.14,3635.65,0.0,-1782.6
2025-08-03 01:00:00+00:00,69.6,3559.48,0.0,-1607.0
2025-08-03 02:00:00+00:00,67.42,3557.68,0.0,-1654.1
2025-08-03 03:00:00+00:00,61.57,3443.3,23.38,-1592.3
2025-08-03 04:00:00+00:00,47.63,3360.1,216.85,-1514.1
2025-08-03 05:00:00+00:00,26.22,3511.68,557.33,-1191.7
2025-08-03 06:00:00+00:00,6.16,3796.68,972.8,-523.8
2025-08-03 07:00:00+00:00,0.0,3938.65,1499.45,-427.6
2025-08-03 08:00:00+00:00,-1.01,3952.73,2202.73,215.1
2025-08-03 09:00:00+00:00,-2.1,3990.38,2581.15,232.8
2025-08-03 10:00:00+00:00,-3.0,3866.8,2731.0,623.8
2025-08-03 11:00:00+00:00,-9.9,3759.45,2620.95,533.3
2025-08-03 12:00:00+00:00,-10.08,3846.73,2466.35,409.2
2025-08-03 13:00:00+00:00,-4.98,3802.58,2093.33,104.6
2025-08-03 14:00:00+00:00,0.28,4041.4,1479.5,-539.0
2025-08-03 15:00:00+00:00,86.81,4322.3,1088.08,-1299.1
2025-08-03 16:00:00+00:00,116.62,4500.5,421.8,-2478.7
2025-08-03 17:00:00+00:00,111.0,4687.1,128.73,-2941.2
2025-08-03 18:00:00+00:00,149.65,4875.85,2.73,-3055.2
2025-08-03 19:00:00+00:00,125.82,4747.48,0.0,-2858.0
2025-08-03 20:00:00+00:00,112.56,4420.03,0.0,-2564.8
2025-08-03 21:00:00+00:00,85.09,4150.98,0.0,-1964.4
2025-08-03 22:00:00+00:00,85.69,3589.53,0.0,-1621.8
2025-08-03 23:00:00+00:00,70.07,3416.1,0.0,-1571.3
2025-08-04 00:00:00+00:00,69.97,3405.18,0.0,-1542.0
2025-08-04 01:00:00+00:00,69.54,3361.33,0.0,-1482.7
2025-08-04 02:00:00+00:00,72.62,3461.25,0.0,-1476.4
2025-08-04 03:00:00+00:00,84.78,3627.48,24.1,-1519.4
2025-08-04 04:00:00+00:00,93.77,3888.28,275.68,-1648.6
2025-08-04 05:00:00+00:00,101.41,4001.43,767.78,-1034.2
2025-08-04 06:00:00+00:00,97.19,3855.6,1728.53,-104.0
2025-08-04 07:00:00+00:00,88.72,3686.5,2365.18,747.5
2025-08-04 08:00:00+00:00,68.89,3569.85,2799.13,1325.2
2025-08-04 09:00:00+00:00,50.23,3566.65,3263.73,1504.7
2025-08-04 10:00:00+00:00,14.72,3634.88,3064.78,1343.8
2025-08-04 11:00:00+00:00,4.05,3724.7,3007.25,1221.0
2025-08-04 12:00:00+00:00,0.66,3889.48,3129.6,1121.4
2025-08-04 13:00:00+00:00,26.23,4051.13,2433.63,367.3
2025-08-04 14:00:00+00:00,51.04,4341.4,1959.95,-462.1
2025-08-04 15:00:00+00:00,113.08,4600.5,1269.88,-1331.2
2025-08-04 16:00:00+00:00,145.89,4905.08,467.18,-3193.8
2025-08-04 17:00:00+00:00,189.01,5032.68,140.58,-3062.4
2025-08-04 18:00:00+00:00,212.34,5006.25,2.5,-3183.8
2025-08-04 19:00:00+00:00,134.62,4788.7,0.0,-3486.9
2025-08-04 20:00:00+00:00,119.49,4548.58,0.0,-2983.1
2025-08-04 21:00:00+00:00,87.04,4375.93,0.0,-2614.6
2025-08-04 22:00:00+00:00,82.52,4015.83,0.0,-2500.8
2025-08-04 23:00:00+00:00,15.93,3740.35,0.0,-2352.4
2025-08-05 00:00:00+00:00,40.57,3651.63,0.0,-2148.5
2025-08-05 01:00:00+00:00,24.89,3610.78,0.0,-2051.7
2025-08-05 02:00:00+00:00,61.71,3727.9,0.0,-2122.4
2025-08-05 03:00:00+00:00,87.18,3876.73,23.85,-2201.8
2025-08-05 04:00:00+00:00,99.38,4159.48,346.83,-2417.2
2025-08-05 05:00:00+00:00,94.23,4122.93,1015.6,-1652.0
2025-08-05 06:00:00+00:00,73.87,3896.2,1909.58,-573.6
2025-08-05 07:00:00+00:00,3.83,3741.83,2671.15,213.8
2025-08-05 08:00:00+00:00,0.0,3644.65,3102.95,118.3
2025-08-05 09:00:00+00:00,-1.82,3699.63,3445.45,-102.9
2025-08-05 10:00:00+00:00,-4.92,3922.08,3423.18,123.9
2025-08-05 11:00:00+00:00,-0.78,3837.8,3055.98,196.0
2025-08-05 12:00:00+00:00,-11.91,3969.45,3456.3,296.7
2025-08-05 13:00:00+00:00,-1.08,4158.18,3002.4,160.3
2025-08-05 14:00:00+00:00,41.34,4463.2,2396.08,-331.7
2025-08-05 15:00:00+00:00,98.87,4736.78,1502.53,-1645.1
2025-08-05 16:00:00+00:00,116.73,5071.63,558.7,-3239.9
2025-08-05 17:00:00+00:00,140.02,5195.78,177.55,-3621.9
2025-08-05 18:00:00+00:00,166.49,5177.9,2.53,-3699.0
2025-08-05 19:00:00+00:00,130.9,4962.88,0.0,-3676.4
2025-08-05 20:00:00+00:00,117.02,4727.93,0.0,-3288.8
2025-08-05 21:00:00+00:00,87.89,4594.2,0.0,-3065.5
2025-08-05 22:00:00+00:00,76.8,4273.5,0.0,-2743.9
2025-08-05 23:00:00+00:00,60.0,3936.15,0.0,-1238.1
2025-08-06 00:00:00+00:00,71.43,3811.15,0.0,-1696.7
2025-08-06 01:00:00+00:00,75.38,3779.2,0.0,-1272.1
2025-08-06 02:00:00+00:00,71.24,3867.3,0.0,-1760.0
2025-08-06 03:00:00+00:00,82.3,4062.25,14.95,-2203.7
2025-08-06 04:00:00+00:00,96.8,4320.78,199.88,-2274.5
2025-08-06 05:00:00+00:00,98.07,4270.88,525.18,-1959.7
2025-08-06 06:00:00+00:00,83.98,4061.03,895.58,-1455.1
2025-08-06 07:00:00+00:00,27.83,3886.8,1503.03,27.6
2025-08-06 08:00:00+00:00,0.01,3769.88,1877.9,597.4
2025-08-06 09:00:00+00:00,0.5,3762.1,2450.95,781.3
2025-08-06 10:00:00+00:00,2.73,3628.75,2737.1,1694.4
2025-08-06 11:00:00+00:00,2.01,3789.2,3284.88,1897.4
2025-08-06 12:00:00+00:00,1.67,3921.4,3188.23,1858.4
2025-08-06 13:00:00+00:00,29.06,4117.55,2900.38,1134.4
2025-08-06 14:00:00+00:00,51.0,4445.48,2497.43,279.1
2025-08-06 15:00:00+00:00,88.47,4686.33,1562.7,-1911.7
2025-08-06 16:00:00+00:00,105.63,4964.68,569.1,-2817.6
2025-08-06 17:00:00+00:00,140.82,5111.8,158.1,-3408.9
2025-08-06 18:00:00+00:00,182.2,5129.7,1.8,-3746.9
2025-08-06 19:00:00+00:00,156.72,4938.25,0.0,-3202.8
2025-08-06 20:00:00+00:00,110.0,4676.98,0.0,-2812.7
2025-08-06 21:00:00+00:00,101.27,4465.48,0.0,-1987.4
2025-08-06 22:00:00+00:00,97.46,4168.4,0.0,-1622.5
2025-08-06 23:00:00+00:00,97.0,3891.53,0.0,-332.9
2025-08-07 00:00:00+00:00,91.37,3765.53,0.0,-775.1
2025-08-07 01:00:00+00:00,89.35,3712.95,0.0,-515.8
2025-08-07 02:00:00+00:00,89.42,3805.1,0.0,-955.0
2025-08-07 03:00:00+00:00,93.92,3937.08,20.98,-1549.3
2025-08-07 04:00:00+00:00,109.04,4181.48,271.65,-1887.5
2025-08-07 05:00:00+00:00,104.0,4287.83,886.65,-1394.1
2025-08-07 06:00:00+00:00,61.24,4011.03,1871.93,-566.4
2025-08-07 07:00:00+00:00,27.06,3804.65,2853.5,1028.6
2025-08-07 08:00:00+00:00,0.01,3680.38,3641.3,1534.4
2025-08-07 09:00:00+00:00,0.0,3755.88,4024.55,1795.3
2025-08-07 10:00:00+00:00,-0.16,3761.38,3459.58,1928.5
2025-08-07 11:00:00+00:00,-3.1,3701.83,3631.73,1902.7
2025-08-07 12:00:00+00:00,-0.14,3834.63,4099.4,2043.6
2025-08-07 13:00:00+00:00,0.01,4129.8,3553.38,970.8
2025-08-07 14:00:00+00:00,34.48,4439.73,2815.93,267.6
2025-08-07 15:00:00+00:00,80.94,4712.58,1727.85,-1287.1
2025-08-07 16:00:00+00:00,117.19,4947.05,626.55,-2237.4
2025-08-07 17:00:00+00:00,155.66,5161.7,169.65,-3218.2
2025-08-07 18:00:00+00:00,165.49,5216.75,1.43,-3375.8
2025-08-07 19:00:00+00:00,130.39,5032.65,0.0,-3417.4
2025-08-07 20:00:00+00:00,110.0,4723.75,0.0,-2966.7
2025-08-07 21:00:00+00:00,101.28,4486.13,0.0,-2325.0
2025-08-07 22:00:00+00:00,94.16,4111.4,0.0,-1904.0
2025-08-07 23:00:00+00:00,90.06,3859.23,0.0,-771.2
2025-08-08 00:00:00+00:00,86.25,3749.23,0.0,-1005.6
2025-08-08 01:00:00+00:00,83.07,3700.5,0.0,-854.7
2025-08-08 02:00:00+00:00,81.36,3787.7,0.0,-1182.7
2025-08-08 03:00:00+00:00,91.3,3924.9,20.83,-1562.9
2025-08-08 04:00:00+00:00,101.0,4176.7,353.88,-1834.6
2025-08-08 05:00:00+00:00,102.39,4351.83,1034.5,-1233.7
2025-08-08 06:00:00+00:00,87.07,4354.65,2114.65,201.0
2025-08-08 07:00:00+00:00,54.36,4248.9,3040.3,1179.2
2025-08-08 08:00:00+00:00,15.01,4119.28,3681.05,1607.4
2025-08-08 09:00:00+00:00,7.13,3962.38,3976.5,1966.4
2025-08-08 10:00:00+00:00,0.0,3515.85,3507.95,2004.9
2025-08-08 11:00:00+00:00,-0.01,3656.15,3692.33,1966.1
2025-08-08 12:00:00+00:00,-0.01,3843.38,3992.58,1798.6
2025-08-08 13:00:00+00:00,0.0,4081.75,3438.58,944.9
2025-08-08 14:00:00+00:00,10.49,4449.83,2695.03,490.1
2025-08-08 15:00:00+00:00,81.3,4791.2,1636.43,-1436.0
2025-08-08 16:00:00+00:00,132.04,5058.25,643.1,-2386.0
2025-08-08 17:00:00+00:00,158.05,5220.45,166.73,-3465.4
2025-08-08 18:00:00+00:00,206.64,5341.75,0.88,-3687.4
2025-08-08 19:00:00+00:00,155.73,5243.38,0.0,-3464.9
2025-08-08 20:00:00+00:00,124.77,4998.68,0.0,-2877.7
2025-08-08 21:00:00+00:00,108.94,4723.35,0.0,-2303.2
2025-08-08 22:00:00+00:00,102.89,4285.3,0.0,-2088.7
2025-08-08 23:00:00+00:00,102.38,4010.7,0.0,-1665.8
2025-08-09 00:00:00+00:00,101.65,3843.15,0.0,-1530.0
2025-08-09 01:00:00+00:00,98.72,3758.03,0.0,-1442.7
2025-08-09 02:00:00+00:00,98.64,3750.13,0.0,-1456.2
2025-08-09 03:00:00+00:00,98.7,3703.48,17.08,-1380.8
2025-08-09 04:00:00+00:00,98.09,3794.8,301.2,-969.4
2025-08-09 05:00:00+00:00,93.88,3792.83,932.08,-158.7
2025-08-09 06:00:00+00:00,68.44,3802.03,1738.7,637.1
2025-08-09 07:00:00+00:00,15.34,3835.13,2460.3,976.5
2025-08-09 08:00:00+00:00,-0.02,3785.93,3000.65,1448.3
2025-08-09 09:00:00+00:00,-1.0,3786.9,3782.85,1966.0
2025-08-09 10:00:00+00:00,-9.94,3702.08,3306.88,2021.4
2025-08-09 11:00:00+00:00,-16.38,3715.05,3653.4,2028.2
2025-08-09 12:00:00+00:00,-15.01,3821.0,3858.43,1812.0
2025-08-09 13:00:00+00:00,-2.87,4145.28,3327.85,1277.9
2025-08-09 14:00:00+00:00,0.03,4539.15,2605.85,546.3
2025-08-09 15:00:00+00:00,64.38,4682.8,1527.05,-759.2
2025-08-09 16:00:00+00:00,154.48,4902.9,593.65,-1787.9
2025-08-09 17:00:00+00:00,164.51,5116.05,153.9,-2673.2
2025-08-09 18:00:00+00:00,202.83,5097.33,0.75,-2805.8
2025-08-09 19:00:00+00:00,135.1,4961.0,0.0,-2910.4
2025-08-09 20:00:00+00:00,118.64,4643.25,0.0,-2501.2
2025-08-09 21:00:00+00:00,95.2,4398.85,0.0,-2173.6
2025-08-09 22:00:00+00:00,84.71,4022.35,0.0,-2075.4
2025-08-09 23:00:00+00:00,83.04,3800.35,0.0,-1751.5
2025-08-10 00:00:00+00:00,82.81,3683.93,0.0,-1681.7
2025-08-10 01:00:00+00:00,77.61,3558.05,0.0,-1626.5
2025-08-10 02:00:00+00:00,80.28,3568.83,0.0,-1629.1
2025-08-10 03:00:00+00:00,83.24,3578.4,15.1,-1538.1
2025-08-10 04:00:00+00:00,81.55,3695.18,320.7,-1249.2
2025-08-10 05:00:00+00:00,70.17,3789.1,960.85,-608.1
2025-08-10 06:00:00+00:00,26.44,3921.53,2026.48,369.5
2025-08-10 07:00:00+00:00,-0.01,4063.38,2928.8,937.4
2025-08-10 08:00:00+00:00,-3.46,4144.68,3529.3,1202.2
2025-08-10 09:00:00+00:00,-15.6,4039.1,3819.83,1699.2
2025-08-10 10:00:00+00:00,-38.28,3798.78,3395.33,1787.1
2025-08-10 11:00:00+00:00,-60.59,3767.7,3471.28,1620.5
2025-08-10 12:00:00+00:00,-49.36,4028.18,3363.93,1170.0
2025-08-10 13:00:00+00:00,-20.01,4153.0,2924.88,812.1
2025-08-10 14:00:00+00:00,0.04,4316.63,2262.75,271.7
2025-08-10 15:00:00+00:00,29.51,4474.33,1401.18,-1090.3
2025-08-10 16:00:00+00:00,94.33,4665.25,576.88,-2300.0
2025-08-10 17:00:00+00:00,119.87,4889.95,141.73,-2885.8
2025-08-10 18:00:00+00:00,134.4,5064.9,0.48,-3004.9
2025-08-10 19:00:00+00:00,121.27,4983.93,0.0,-2977.6
2025-08-10 20:00:00+00:00,106.76,4668.98,0.0,-2429.5
2025-08-10 21:00:00+00:00,98.23,4408.28,0.0,-2052.2
2025-08-10 22:00:00+00:00,99.9,3832.9,0.0,-1857.5
2025-08-10 23:00:00+00:00,91.79,3706.55,0.0,-806.8
2025-08-11 00:00:00+00:00,87.35,3592.5,0.0,-1045.6
2025-08-11 01:00:00+00:00,84.91,3516.45,0.0,-838.2
2025-08-11 02:00:00+00:00,92.98,3580.43,0.0,-1098.0
2025-08-11 03:00:00+00:00,104.14,3755.55,13.13,-1465.4
2025-08-11 04:00:00+00:00,130.05,4097.93,308.08,-1574.6
2025-08-11 05:00:00+00:00,131.02,4270.65,946.75,-1048.5
2025-08-11 06:00:00+00:00,105.94,4060.78,1889.25,401.4
2025-08-11 07:00:00+00:00,46.6,3831.18,2747.03,1328.7
2025-08-11 08:00:00+00:00,9.94,3664.8,3407.3,1787.9
2025-08-11 09:00:00+00:00,2.54,3575.95,3797.25,1984.9
2025-08-11 10:00:00+00:00,0.0,3417.08,3612.6,2023.6
2025-08-11 11:00:00+00:00,0.0,3436.73,3859.88,2226.9
2025-08-11 12:00:00+00:00,0.0,3611.03,3869.13,2088.8
2025-08-11 13:00:00+00:00,9.0,3946.7,3340.13,1416.6
2025-08-11 14:00:00+00:00,58.96,4378.4,2594.93,436.6
2025-08-11 15:00:00+00:00,96.56,4741.65,1601.23,-1426.1
2025-08-11 16:00:00+00:00,138.0,5104.23,632.35,-2923.2
2025-08-11 17:00:00+00:00,185.35,5330.28,150.78,-3667.9
2025-08-11 18:00:00+00:00,233.41,5244.2,0.28,-3861.1
2025-08-11 19:00:00+00:00,140.52,5002.88,0.0,-3513.7
2025-08-11 20:00:00+00:00,108.87,4698.9,0.0,-2794.8
2025-08-11 21:00:00+00:00,96.0,4466.38,0.0,-2075.5
2025-08-11 22:00:00+00:00,93.0,3983.08,0.0,-1784.3
2025-08-11 23:00:00+00:00,89.67,3836.1,0.0,-919.7
2025-08-12 00:00:00+00:00,85.41,3667.2,0.0,-1039.6
2025-08-12 01:00:00+00:00,85.29,3593.9,0.0,-858.7
2025-08-12 02:00:00+00:00,86.82,3665.78,0.0,-1089.1
2025-08-12 03:00:00+00:00,94.31,3845.85,12.5,-1389.7
2025-08-12 04:00:00+00:00,108.4,4141.5,334.35,-1480.8
2025-08-12 05:00:00+00:00,107.05,4277.55,1044.43,-972.0
2025-08-12 06:00:00+00:00,98.66,4056.3,2079.18,488.1
2025-08-12 07:00:00+00:00,83.47,3863.28,3032.55,1492.6
2025-08-12 08:00:00+00:00,23.14,3735.18,3658.43,1983.8
2025-08-12 09:00:00+00:00,15.96,3743.35,3936.68,2191.0
2025-08-12 10:00:00+00:00,8.38,3873.45,3518.93,2294.7
2025-08-12 11:00:00+00:00,3.0,3630.88,3823.83,2246.9
2025-08-12 12:00:00+00:00,5.15,3714.25,3963.63,2039.1
2025-08-12 13:00:00+00:00,35.05,4054.73,3434.0,1464.5
2025-08-12 14:00:00+00:00,73.16,4486.93,2660.75,418.2
2025-08-12 15:00:00+00:00,107.1,4864.85,1692.1,-1372.2
2025-08-12 16:00:00+00:00,136.42,5430.58,670.95,-2714.1
2025-08-12 17:00:00+00:00,220.41,5559.35,140.6,-3482.8
2025-08-12 18:00:00+00:00,259.24,5336.03,0.25,-3573.2
2025-08-12 19:00:00+00:00,148.87,5051.6,0.0,-3379.8
2025-08-12 20:00:00+00:00,114.46,4754.4,0.0,-2933.5
2025-08-12 21:00:00+00:00,98.16,4614.38,0.0,-2365.2
2025-08-12 22:00:00+00:00,96.68,4277.93,0.0,-1300.4
2025-08-12 23:00:00+00:00,90.0,3997.48,0.0,-852.7
2025-08-13 00:00:00+00:00,86.89,3779.08,0.0,-626.8
2025-08-13 01:00:00+00:00,84.71,3718.6,0.0,-631.1
2025-08-13 02:00:00+00:00,87.07,3813.43,0.0,-904.0
2025-08-13 03:00:00+00:00,93.95,4009.25,10.48,-1267.5
2025-08-13 04:00:00+00:00,108.93,4364.4,324.73,-2172.8
2025-08-13 05:00:00+00:00,108.87,4435.23,991.1,-1189.5
2025-08-13 06:00:00+00:00,106.74,4307.63,2112.03,597.8
2025-08-13 07:00:00+00:00,68.56,4213.33,3074.43,2043.7
2025-08-13 08:00:00+00:00,21.22,4150.73,3719.33,2268.4
2025-08-13 09:00:00+00:00,19.97,4104.53,3975.1,2516.3
2025-08-13 10:00:00+00:00,11.11,4062.85,3436.65,2036.0
2025-08-13 11:00:00+00:00,11.69,4030.35,3618.65,2245.4
2025-08-13 12:00:00+00:00,41.25,4212.98,3954.68,2240.2
2025-08-13 13:00:00+00:00,70.9,4529.4,3416.53,1657.8
2025-08-13 14:00:00+00:00,84.3,4948.55,2639.7,-260.4
2025-08-13 15:00:00+00:00,96.64,5332.68,1595.6,-1761.6
2025-08-13 16:00:00+00:00,137.7,5759.48,594.9,-3175.6
2025-08-13 17:00:00+00:00,274.61,5786.65,129.63,-3866.2
2025-08-13 18:00:00+00:00,317.2,5681.0,0.0,-3198.4
2025-08-13 19:00:00+00:00,155.13,5393.65,0.0,-3683.7
2025-08-13 20:00:00+00:00,123.21,5059.68,0.0,-2509.7
2025-08-13 21:00:00+00:00,106.27,4870.0,0.0,-1942.2
2025-08-13 22:00:00+00:00,98.1,4556.25,0.0,-1457.5
2025-08-13 23:00:00+00:00,92.0,4237.38,0.0,-1110.2
2025-08-14 00:00:00+00:00,88.45,4065.15,0.0,-1033.5
2025-08-14 01:00:00+00:00,87.75,4037.6,0.0,-1033.8
2025-08-14 02:00:00+00:00,88.11,4116.93,0.0,-1131.3
2025-08-14 03:00:00+00:00,96.9,4258.38,8.33,-1289.5
2025-08-14 04:00:00+00:00,108.85,4516.63,304.6,-2067.7
2025-08-14 05:00:00+00:00,111.37,4630.45,947.78,-1135.7
2025-08-14 06:00:00+00:00,101.67,4477.23,1963.68,440.3
2025-08-14 07:00:00+00:00,93.54,4330.48,2888.15,2008.1
2025-08-14 08:00:00+00:00,79.41,4221.6,3541.35,2371.2
2025-08-14 09:00:00+00:00,69.32,4238.25,3812.48,2473.0
2025-08-14 10:00:00+00:00,53.73,4296.03,3385.23,2165.2
2025-08-14 11:00:00+00:00,42.85,4204.18,3504.88,2159.3
2025-08-14 12:00:00+00:00,54.9,4345.85,3804.3,2125.1
2025-08-14 13:00:00+00:00,69.43,4642.48,3263.83,1253.7
2025-08-14 14:00:00+00:00,78.99,5061.88,2481.3,-137.6
2025-08-14 15:00:00+00:00,101.97,5445.75,1514.18,-1655.2
2025-08-14 16:00:00+00:00,138.83,5886.15,570.53,-3255.1
2025-08-14 17:00:00+00:00,261.43,5945.6,125.78,-4442.5
2025-08-14 18:00:00+00:00,305.94,5859.63,0.0,-4278.8
2025-08-14 19:00:00+00:00,158.12,5681.13,0.0,-3436.0
2025-08-14 20:00:00+00:00,122.9,5338.55,0.0,-2990.5
2025-08-14 21:00:00+00:00,105.95,5047.85,0.0,-2351.1
2025-08-14 22:00:00+00:00,99.51,4588.18,0.0,-1668.9
2025-08-14 23:00:00+00:00,98.48,4317.45,0.0,-1239.3
2025-08-15 00:00:00+00:00,92.98,4180.45,0.0,-1204.5
2025-08-15 01:00:00+00:00,88.94,4138.33,0.0,-1266.0
2025-08-15 02:00:00+00:00,90.91,4209.55,0.0,-1366.2
2025-08-15 03:00:00+00:00,95.07,4274.05,7.05,-1661.1
2025-08-15 04:00:00+00:00,99.9,4427.93,296.65,-2521.1
2025-08-15 05:00:00+00:00,99.95,4639.83,927.3,-1921.4
2025-08-15 06:00:00+00:00,94.53,4510.38,1965.88,-824.9
2025-08-15 07:00:00+00:00,72.19,4402.75,2890.98,393.5
2025-08-15 08:00:00+00:00,25.52,4327.35,3558.68,1335.1
2025-08-15 09:00:00+00:00,3.0,4318.4,3802.83,964.0
2025-08-15 10:00:00+00:00,0.08,4344.5,3341.3,521.4
2025-08-15 11:00:00+00:00,0.0,4302.78,3370.83,420.9
2025-08-15 12:00:00+00:00,0.0,4404.53,3596.63,-24.0
2025-08-15 13:00:00+00:00,1.73,4695.93,3034.08,-744.2
2025-08-15 14:00:00+00:00,39.11,5091.73,2337.73,-1577.2
2025-08-15 15:00:00+00:00,84.44,5513.05,1439.03,-2638.0
2025-08-15 16:00:00+00:00,105.76,5921.13,521.38,-3801.9
2025-08-15 17:00:00+00:00,119.45,5906.53,108.7,-4618.2
2025-08-15 18:00:00+00:00,132.12,5813.9,0.0,-4948.9
2025-08-15 19:00:00+00:00,111.84,5643.5,0.0,-4293.2
2025-08-15 20:00:00+00:00,105.83,5329.83,0.0,-3756.3
2025-08-15 21:00:00+00:00,95.82,5071.13,0.0,-3169.0
2025-08-15 22:00:00+00:00,94.88,4335.13,0.0,-2328.2
2025-08-15 23:00:00+00:00,89.9,4130.8,0.0,-2103.5
2025-08-16 00:00:00+00:00,88.65,3927.35,0.0,-1900.1
2025-08-16 01:00:00+00:00,83.61,3847.75,0.0,-1820.4
2025-08-16 02:00:00+00:00,82.07,3869.88,0.0,-1787.7
2025-08-16 03:00:00+00:00,84.9,3851.45,5.6,-1786.8
2025-08-16 04:00:00+00:00,87.98,3732.0,272.53,-1458.7
2025-08-16 05:00:00+00:00,87.69,3800.28,905.48,-365.5
2025-08-16 06:00:00+00:00,78.37,3770.15,1884.53,1118.0
2025-08-16 07:00:00+00:00,65.74,3751.05,2718.88,1700.2
2025-08-16 08:00:00+00:00,26.04,3678.28,3333.25,1827.5
2025-08-16 09:00:00+00:00,3.8,3633.93,3421.35,1783.5
2025-08-16 10:00:00+00:00,0.17,3520.65,3104.38,1681.1
2025-08-16 11:00:00+00:00,-0.01,3588.15,3034.45,1595.6
2025-08-16 12:00:00+00:00,-0.01,3698.1,3270.5,1147.7
2025-08-16 13:00:00+00:00,0.01,4026.2,2921.75,561.8
2025-08-16 14:00:00+00:00,37.36,4446.0,2179.5,-102.4
2025-08-16 15:00:00+00:00,84.33,4710.13,1149.4,-1590.4
2025-08-16 16:00:00+00:00,150.0,5002.58,321.63,-2686.5
2025-08-16 17:00:00+00:00,192.29,5320.33,77.6,-3318.8
2025-08-16 18:00:00+00:00,204.89,5294.38,0.0,-3439.2
2025-08-16 19:00:00+00:00,154.39,5117.3,0.0,-3219.0
2025-08-16 20:00:00+00:00,105.48,4751.38,0.0,-2822.6
2025-08-16 21:00:00+00:00,89.81,4358.1,0.0,-2345.2
2025-08-16 22:00:00+00:00,90.29,3997.08,0.0,-1916.4
2025-08-16 23:00:00+00:00,84.01,3824.8,0.0,-1749.8
2025-08-17 00:00:00+00:00,84.59,3721.53,0.0,-1639.4
2025-08-17 01:00:00+00:00,83.66,3656.98,0.0,-1599.7
2025-08-17 02:00:00+00:00,84.19,3684.05,0.0,-1624.8
2025-08-17 03:00:00+00:00,85.62,3646.5,3.65,-1590.3
2025-08-17 04:00:00+00:00,85.59,3384.98,196.25,-1321.4
2025-08-17 05:00:00+00:00,76.15,3497.45,733.7,-356.8
2025-08-17 06:00:00+00:00,74.35,3506.6,1463.9,835.3
2025-08-17 07:00:00+00:00,25.61,3494.8,1853.23,1062.9
2025-08-17 08:00:00+00:00,7.39,3537.88,2110.88,1057.6
2025-08-17 09:00:00+00:00,0.39,3544.38,2509.08,1197.9
2025-08-17 10:00:00+00:00,0.01,3511.53,2702.8,1099.6
2025-08-17 11:00:00+00:00,-0.7,3420.95,2605.55,1315.2
2025-08-17 12:00:00+00:00,-0.84,3510.13,2443.58,903.2
2025-08-17 13:00:00+00:00,0.65,3816.18,2396.95,483.0
2025-08-17 14:00:00+00:00,16.38,4226.83,1791.83,-278.5
2025-08-17 15:00:00+00:00,67.94,4582.18,1098.78,-1634.5
2025-08-17 16:00:00+00:00,101.4,4942.65,366.95,-2750.4
2025-08-17 17:00:00+00:00,112.69,5161.68,74.83,-3346.3
2025-08-17 18:00:00+00:00,116.16,5142.48,0.0,-3470.4
2025-08-17 19:00:00+00:00,110.36,4855.68,0.0,-3009.1
2025-08-17 20:00:00+00:00,104.96,4452.08,0.0,-2375.3
2025-08-17 21:00:00+00:00,102.1,4148.75,0.0,-1930.7
2025-08-17 22:00:00+00:00,90.72,3663.68,0.0,-1197.6
2025-08-17 23:00:00+00:00,86.0,3535.35,0.0,-947.6
2025-08-18 00:00:00+00:00,83.3,3597.4,0.0,-967.9
2025-08-18 01:00:00+00:00,81.73,3560.8,0.0,-995.8
2025-08-18 02:00:00+00:00,86.84,3664.23,0.0,-1039.8
2025-08-18 03:00:00+00:00,97.47,3814.38,3.53,-1134.1
2025-08-18 04:00:00+00:00,115.02,3971.43,257.55,-1386.9
2025-08-18 05:00:00+00:00,121.87,4171.1,812.58,-651.8
2025-08-18 06:00:00+00:00,107.62,4180.15,1763.03,653.0
2025-08-18 07:00:00+00:00,88.04,4138.0,2646.93,1430.7
2025-08-18 08:00:00+00:00,68.62,4143.5,3293.13,1683.9
2025-08-18 09:00:00+00:00,45.93,4152.53,3509.1,1889.7
2025-08-18 10:00:00+00:00,20.04,4221.45,3527.98,2136.2
2025-08-18 11:00:00+00:00,14.23,4274.35,3251.58,1797.2
2025-08-18 12:00:00+00:00,18.34,4401.23,3074.53,1556.4
2025-08-18 13:00:00+00:00,54.56,4729.0,2689.0,709.1
2025-08-18 14:00:00+00:00,72.34,5119.28,1941.88,-265.4
2025-08-18 15:00:00+00:00,97.5,5465.4,1257.35,-1507.5
2025-08-18 16:00:00+00:00,113.47,5856.33,513.55,-2851.2
2025-08-18 17:00:00+00:00,182.91,5875.5,84.2,-3691.5
2025-08-18 18:00:00+00:00,213.49,5749.95,0.0,-3892.1
2025-08-18 19:00:00+00:00,125.25,5385.3,0.0,-3208.7
2025-08-18 20:00:00+00:00,106.86,4970.8,0.0,-2649.4
2025-08-18 21:00:00+00:00,100.08,4688.15,0.0,-2214.6
2025-08-18 22:00:00+00:00,100.56,4095.73,0.0,-1387.8
2025-08-18 23:00:00+00:00,93.79,3823.98,0.0,-971.4
2025-08-19 00:00:00+00:00,87.26,3832.38,0.0,-858.3
2025-08-19 01:00:00+00:00,85.23,3769.35,0.0,-754.3
2025-08-19 02:00:00+00:00,88.69,3776.4,0.0,-786.8
2025-08-19 03:00:00+00:00,100.98,3974.58,3.03,-864.8
2025-08-19 04:00:00+00:00,109.64,4162.05,253.08,-1297.9
2025-08-19 05:00:00+00:00,108.74,4285.53,912.7,-449.9
2025-08-19 06:00:00+00:00,98.05,4194.45,1789.5,709.1
2025-08-19 07:00:00+00:00,88.57,4191.73,2610.95,1783.5
2025-08-19 08:00:00+00:00,69.64,4224.83,3208.33,1996.3
2025-08-19 09:00:00+00:00,43.23,4174.98,3875.78,2221.6
2025-08-19 10:00:00+00:00,28.45,3990.73,3416.55,2232.2
2025-08-19 11:00:00+00:00,34.66,4277.5,3429.25,1903.5
2025-08-19 12:00:00+00:00,41.55,4548.45,3575.93,1291.2
2025-08-19 13:00:00+00:00,53.91,4880.9,3047.13,362.6
2025-08-19 14:00:00+00:00,71.01,5049.2,2281.15,-270.6
2025-08-19 15:00:00+00:00,102.4,5247.5,1375.7,-1320.1
2025-08-19 16:00:00+00:00,127.29,5200.88,499.3,-2552.9
2025-08-19 17:00:00+00:00,173.71,5432.23,89.03,-3436.7
2025-08-19 18:00:00+00:00,178.28,5545.65,0.0,-3585.6
2025-08-19 19:00:00+00:00,117.25,5123.95,0.0,-2983.2
2025-08-19 20:00:00+00:00,105.21,4708.63,0.0,-2612.0
2025-08-19 21:00:00+00:00,98.56,4361.78,0.0,-1973.1
2025-08-19 22:00:00+00:00,96.84,3995.23,0.0,-1595.3
2025-08-19 23:00:00+00:00,92.06,3684.6,0.0,-1300.8
2025-08-20 00:00:00+00:00,86.6,3524.9,0.0,-1094.0
2025-08-20 01:00:00+00:00,84.63,3441.28,0.0,-954.9
2025-08-20 02:00:00+00:00,88.48,3419.9,0.0,-947.6
2025-08-20 03:00:00+00:00,97.42,3320.95,2.3,-989.8
2025-08-20 04:00:00+00:00,108.79,3092.25,262.7,-720.4
2025-08-20 05:00:00+00:00,108.05,2978.68,905.1,196.9
2025-08-20 06:00:00+00:00,102.01,2902.98,1766.48,1529.2
2025-08-20 07:00:00+00:00,86.59,2919.48,2658.8,2459.9
2025-08-20 08:00:00+00:00,75.47,2911.9,3317.18,3281.0
2025-08-20 09:00:00+00:00,61.27,2827.08,3630.15,3443.5
2025-08-20 10:00:00+00:00,48.39,2550.53,3373.4,3645.5
2025-08-20 11:00:00+00:00,35.0,2831.95,3399.5,3537.2
2025-08-20 12:00:00+00:00,41.41,3131.78,3207.48,3254.0
2025-08-20 13:00:00+00:00,70.31,3419.28,2752.28,2641.8
2025-08-20 14:00:00+00:00,78.24,3841.78,2022.5,1231.0
2025-08-20 15:00:00+00:00,103.66,4171.05,1114.43,-579.7
2025-08-20 16:00:00+00:00,116.59,4555.08,403.18,-1669.6
2025-08-20 17:00:00+00:00,133.49,4692.73,60.13,-1582.3
2025-08-20 18:00:00+00:00,136.07,4734.85,0.0,-1974.2
2025-08-20 19:00:00+00:00,116.8,4523.63,0.0,-2193.7
2025-08-20 20:00:00+00:00,108.16,4342.33,0.0,-2117.9
2025-08-20 21:00:00+00:00,100.09,4146.83,0.0,-1801.8
2025-08-20 22:00:00+00:00,95.91,3935.45,0.0,-1694.1
2025-08-20 23:00:00+00:00,85.45,3723.75,0.0,-1398.5
2025-08-21 00:00:00+00:00,84.21,3621.3,0.0,-1250.3
2025-08-21 01:00:00+00:00,86.79,3571.73,0.0,-1153.0
2025-08-21 02:00:00+00:00,87.72,4060.58,0.0,-1629.7
2025-08-21 03:00:00+00:00,102.98,4211.03,1.18,-1888.1
2025-08-21 04:00:00+00:00,110.47,4638.35,155.58,-2407.2
2025-08-21 05:00:00+00:00,111.77,4545.4,604.33,-1578.4
2025-08-21 06:00:00+00:00,104.56,4294.53,1063.03,-318.3
2025-08-21 07:00:00+00:00,100.66,4066.45,1575.6,698.5
2025-08-21 08:00:00+00:00,90.05,3949.55,1898.0,1189.2
2025-08-21 09:00:00+00:00,82.33,3945.65,1556.93,1073.1
2025-08-21 10:00:00+00:00,73.67,4176.9,1029.63,667.5
2025-08-21 11:00:00+00:00,70.58,4182.68,1415.73,1059.2
2025-08-21 12:00:00+00:00,78.0,3782.3,1044.55,908.4
2025-08-21 13:00:00+00:00,84.37,4064.73,1147.1,144.6
2025-08-21 14:00:00+00:00,94.21,4580.78,870.7,-734.7
2025-08-21 15:00:00+00:00,108.76,4967.8,471.58,-1878.2
2025-08-21 16:00:00+00:00,127.19,5332.75,165.73,-2533.2
2025-08-21 17:00:00+00:00,139.11,5496.25,27.13,-2810.2
2025-08-21 18:00:00+00:00,143.27,5383.68,0.0,-2877.6
2025-08-21 19:00:00+00:00,114.99,5222.18,0.0,-3219.9
2025-08-21 20:00:00+00:00,102.35,4976.08,0.0,-2905.0
2025-08-21 21:00:00+00:00,92.24,4770.45,0.0,-2768.7
2025-08-21 22:00:00+00:00,87.3,4330.93,0.0,-2225.3
2025-08-21 23:00:00+00:00,79.4,4140.83,0.0,-1970.8
2025-08-22 00:00:00+00:00,75.83,4035.93,0.0,-1784.6
2025-08-22 01:00:00+00:00,74.22,3997.8,0.0,-1820.7
2025-08-22 02:00:00+00:00,73.38,4077.63,0.0,-1829.4
2025-08-22 03:00:00+00:00,83.93,4126.75,1.15,-2079.4
2025-08-22 04:00:00+00:00,103.12,4101.48,112.85,-2555.0
2025-08-22 05:00:00+00:00,104.66,4580.18,385.15,-2392.1
2025-08-22 06:00:00+00:00,102.87,4489.0,689.33,-1549.7
2025-08-22 07:00:00+00:00,94.87,4266.6,1198.75,-1382.8
2025-08-22 08:00:00+00:00,75.0,4127.75,1670.05,-1474.1
2025-08-22 09:00:00+00:00,41.33,4208.88,1745.93,-1177.0
2025-08-22 10:00:00+00:00,15.81,4547.45,1575.33,-764.8
2025-08-22 11:00:00+00:00,5.14,4165.28,1913.85,-827.6
2025-08-22 12:00:00+00:00,1.44,4170.58,2373.18,-977.9
2025-08-22 13:00:00+00:00,5.92,4443.4,1768.6,-1797.6
2025-08-22 14:00:00+00:00,47.4,4796.58,1577.43,-2193.0
2025-08-22 15:00:00+00:00,71.7,4989.65,1140.03,-2615.7
2025-08-22 16:00:00+00:00,93.04,5074.48,404.98,-3341.5
2025-08-22 17:00:00+00:00,103.95,5223.05,64.88,-3231.2
2025-08-22 18:00:00+00:00,112.82,5250.58,0.0,-3219.5
2025-08-22 19:00:00+00:00,107.35,4984.73,0.0,-3387.5
2025-08-22 20:00:00+00:00,102.94,4690.0,0.0,-2650.3
2025-08-22 21:00:00+00:00,94.37,4527.65,0.0,-2343.4
2025-08-22 22:00:00+00:00,95.33,3983.8,0.0,-1852.5
2025-08-22 23:00:00+00:00,89.32,3786.5,0.0,-1625.8
2025-08-23 00:00:00+00:00,87.2,3728.33,0.0,-1590.6
2025-08-23 01:00:00+00:00,84.63,3689.88,0.0,-1558.8
2025-08-23 02:00:00+00:00,84.77,3716.73,0.0,-1573.6
2025-08-23 03:00:00+00:00,85.06,3689.05,0.75,-1539.7
2025-08-23 04:00:00+00:00,86.45,3444.3,222.18,-1339.1
2025-08-23 05:00:00+00:00,86.74,3535.05,860.83,-404.8
2025-08-23 06:00:00+00:00,83.01,3525.28,1746.0,712.8
2025-08-23 07:00:00+00:00,40.0,3582.6,2606.63,1297.1
2025-08-23 08:00:00+00:00,5.99,3677.8,3174.4,1623.2
2025-08-23 09:00:00+00:00,3.34,3662.5,3343.53,1586.3
2025-08-23 10:00:00+00:00,1.34,3632.2,3085.05,1262.6
2025-08-23 11:00:00+00:00,0.06,3634.25,2634.93,799.2
2025-08-23 12:00:00+00:00,0.41,3718.15,2661.33,327.1
2025-08-23 13:00:00+00:00,3.52,3986.45,2243.63,-43.2
2025-08-23 14:00:00+00:00,16.02,4347.53,1599.43,-900.1
2025-08-23 15:00:00+00:00,92.6,4605.58,885.98,-1739.8
2025-08-23 16:00:00+00:00,127.14,4933.05,302.35,-2650.8
2025-08-23 17:00:00+00:00,137.3,5036.88,46.55,-3114.9
2025-08-23 18:00:00+00:00,150.37,4939.15,0.0,-3032.4
2025-08-23 19:00:00+00:00,120.19,4602.95,0.0,-2699.0
2025-08-23 20:00:00+00:00,111.16,4256.35,0.0,-2030.8
2025-08-23 21:00:00+00:00,105.82,3993.48,0.0,-1713.3
2025-08-23 22:00:00+00:00,100.5,3534.48,0.0,-1301.9
2025-08-23 23:00:00+00:00,95.11,3339.75,0.0,-1117.5
2025-08-24 00:00:00+00:00,93.88,3375.63,0.0,-1202.5
2025-08-24 01:00:00+00:00,91.49,3304.88,0.0,-1046.2
2025-08-24 02:00:00+00:00,90.46,3346.15,0.0,-1098.6
2025-08-24 03:00:00+00:00,90.54,3336.7,0.68,-1092.0
2025-08-24 04:00:00+00:00,90.0,3246.48,244.9,-997.4
2025-08-24 05:00:00+00:00,84.75,3422.15,927.1,-348.9
2025-08-24 06:00:00+00:00,33.35,3591.2,2103.25,264.1
2025-08-24 07:00:00+00:00,1.5,3791.85,3146.1,1069.3
2025-08-24 08:00:00+00:00,-0.01,3945.18,3904.88,1168.6
2025-08-24 09:00:00+00:00,-0.07,3943.23,4229.28,1622.4
2025-08-24 10:00:00+00:00,-1.98,3741.98,3569.73,1947.3
2025-08-24 11:00:00+00:00,-7.45,3692.8,3779.0,1953.9
2025-08-24 12:00:00+00:00,-7.4,3685.63,4126.7,1941.1
2025-08-24 13:00:00+00:00,-0.1,3861.75,3530.9,1448.9
2025-08-24 14:00:00+00:00,0.0,4111.4,2603.53,170.3
2025-08-24 15:00:00+00:00,67.35,4321.83,1456.15,-1526.1
2025-08-24 16:00:00+00:00,101.95,4613.55,462.95,-2894.9
2025-08-24 17:00:00+00:00,110.38,4848.93,62.4,-3329.3
2025-08-24 18:00:00+00:00,117.21,4873.45,0.0,-3428.0
2025-08-24 19:00:00+00:00,114.32,4564.9,0.0,-3210.8
2025-08-24 20:00:00+00:00,107.5,4246.95,0.0,-2338.5
2025-08-24 21:00:00+00:00,100.52,4012.85,0.0,-2207.5
2025-08-24 22:00:00+00:00,95.28,3547.88,0.0,-1728.1
2025-08-24 23:00:00+00:00,87.03,3362.95,0.0,-1151.7
2025-08-25 00:00:00+00:00,82.93,3270.68,0.0,-1079.4
2025-08-25 01:00:00+00:00,80.5,3281.05,0.0,-1110.4
2025-08-25 02:00:00+00:00,81.37,3337.6,0.0,-1048.0
2025-08-25 03:00:00+00:00,100.49,3609.58,0.53,-1493.4
2025-08-25 04:00:00+00:00,112.94,4030.33,162.48,-2053.1
2025-08-25 05:00:00+00:00,121.87,4278.53,835.68,-1687.7
2025-08-25 06:00:00+00:00,108.09,4318.83,1413.95,-870.8
2025-08-25 07:00:00+00:00,91.97,4447.55,2191.85,-479.2
2025-08-25 08:00:00+00:00,66.31,4579.58,2883.35,-18.4
2025-08-25 09:00:00+00:00,35.02,4638.33,3283.05,337.1
2025-08-25 10:00:00+00:00,10.0,4573.48,3367.85,-103.3
2025-08-25 11:00:00+00:00,5.93,4284.15,2486.38,-689.6
2025-08-25 12:00:00+00:00,6.78,4254.1,2780.5,-840.8
2025-08-25 13:00:00+00:00,25.2,4339.35,2593.35,-1008.2
2025-08-25 14:00:00+00:00,67.18,4488.8,1982.45,-1461.8
2025-08-25 15:00:00+00:00,89.7,4662.68,1227.08,-2116.0
2025-08-25 16:00:00+00:00,111.8,4960.3,469.78,-2921.4
2025-08-25 17:00:00+00:00,154.55,5058.25,59.75,-3009.0
2025-08-25 18:00:00+00:00,220.82,4990.13,0.0,-3197.1
2025-08-25 19:00:00+00:00,136.79,4685.0,0.0,-2335.5
2025-08-25 20:00:00+00:00,115.04,4438.05,0.0,-1475.8
2025-08-25 21:00:00+00:00,105.15,4361.85,0.0,-906.4
2025-08-25 22:00:00+00:00,104.91,4010.85,0.0,-543.1
2025-08-25 23:00:00+00:00,101.49,3748.48,0.0,128.3
2025-08-26 00:00:00+00:00,98.69,3603.65,0.0,120.5
2025-08-26 01:00:00+00:00,97.28,3598.95,0.0,91.3
2025-08-26 02:00:00+00:00,99.37,3631.93,0.0,155.3
2025-08-26 03:00:00+00:00,103.14,3890.83,0.35,-658.9
2025-08-26 04:00:00+00:00,120.76,4375.88,177.13,-1565.5
2025-08-26 05:00:00+00:00,121.1,4450.48,780.83,-1025.4
2025-08-26 06:00:00+00:00,106.14,4434.25,1540.15,-415.4
2025-08-26 07:00:00+00:00,90.0,4602.65,2420.05,44.3
2025-08-26 08:00:00+00:00,51.01,4747.38,3076.4,678.5
2025-08-26 09:00:00+00:00,38.12,4658.5,3401.43,1055.2
2025-08-26 10:00:00+00:00,24.52,4282.08,3189.2,1341.6
2025-08-26 11:00:00+00:00,26.28,4404.58,3151.68,1147.4
2025-08-26 12:00:00+00:00,38.05,4483.2,3576.23,1533.9
2025-08-26 13:00:00+00:00,73.65,4567.55,2976.03,1319.6
2025-08-26 14:00:00+00:00,90.36,4712.5,2097.43,542.0
2025-08-26 15:00:00+00:00,109.19,4868.3,1293.45,-938.4
2025-08-26 16:00:00+00:00,129.8,5187.93,435.48,-2390.8
2025-08-26 17:00:00+00:00,187.92,5327.8,51.95,-2656.0
2025-08-26 18:00:00+00:00,184.86,5183.3,0.0,-3088.1
2025-08-26 19:00:00+00:00,125.66,4857.0,0.0,-2645.8
2025-08-26 20:00:00+00:00,109.79,4563.83,0.0,-2037.5
2025-08-26 21:00:00+00:00,100.06,4513.9,0.0,-1830.8
2025-08-26 22:00:00+00:00,99.81,4242.08,0.0,-2288.4
2025-08-26 23:00:00+00:00,90.33,3912.0,0.0,-1948.2
2025-08-27 00:00:00+00:00,86.86,3747.75,0.0,-1529.2
2025-08-27 01:00:00+00:00,88.28,3745.6,0.0,-1338.2
2025-08-27 02:00:00+00:00,91.45,3825.45,0.0,-1414.0
2025-08-27 03:00:00+00:00,99.31,4075.65,0.23,-2238.8
2025-08-27 04:00:00+00:00,109.99,4484.78,165.78,-2869.9
2025-08-27 05:00:00+00:00,115.44,4559.2,765.65,-2317.5
2025-08-27 06:00:00+00:00,113.64,4497.1,1798.28,-105.8
2025-08-27 07:00:00+00:00,101.63,4462.0,2752.5,1527.7
2025-08-27 08:00:00+00:00,62.01,4433.18,3487.2,1912.4
2025-08-27 09:00:00+00:00,47.99,4319.1,3560.6,1861.0
2025-08-27 10:00:00+00:00,47.49,3941.4,3076.75,1873.1
2025-08-27 11:00:00+00:00,31.75,4230.0,3245.33,2034.0
2025-08-27 12:00:00+00:00,44.52,4367.08,3497.65,2426.7
2025-08-27 13:00:00+00:00,77.47,4512.18,2831.7,2123.0
2025-08-27 14:00:00+00:00,86.66,4743.83,1938.83,951.1
2025-08-27 15:00:00+00:00,106.91,5046.1,1062.9,-1202.9
2025-08-27 16:00:00+00:00,131.27,5413.9,356.48,-2932.1
2025-08-27 17:00:00+00:00,211.05,5620.43,38.1,-4074.7
2025-08-27 18:00:00+00:00,211.35,5563.55,0.0,-3527.7
2025-08-27 19:00:00+00:00,126.94,5327.15,0.0,-3401.4
2025-08-27 20:00:00+00:00,113.63,5034.93,0.0,-2469.3
2025-08-27 21:00:00+00:00,103.57,4837.78,0.0,-1942.4
2025-08-27 22:00:00+00:00,97.15,4508.28,0.0,-1821.9
2025-08-27 23:00:00+00:00,92.07,4254.88,0.0,-1408.6
2025-08-28 00:00:00+00:00,88.05,3907.38,0.0,-1100.8
2025-08-28 01:00:00+00:00,88.22,3870.88,0.0,-1066.5
2025-08-28 02:00:00+00:00,91.96,3959.1,0.0,-1095.2
2025-08-28 03:00:00+00:00,97.46,4199.73,0.15,-1447.8
2025-08-28 04:00:00+00:00,118.71,4614.75,201.93,-2623.2
2025-08-28 05:00:00+00:00,130.57,4711.5,839.78,-1531.5
2025-08-28 06:00:00+00:00,105.2,4531.63,1799.3,307.4
2025-08-28 07:00:00+00:00,34.57,4392.85,2710.98,1391.1
2025-08-28 08:00:00+00:00,9.99,4281.15,3476.43,1830.9
2025-08-28 09:00:00+00:00,3.27,4148.85,3657.3,1798.0
2025-08-28 10:00:00+00:00,3.96,4037.2,3046.75,1736.6
2025-08-28 11:00:00+00:00,3.67,4026.93,3400.9,1694.4
2025-08-28 12:00:00+00:00,3.19,4125.5,3704.53,1655.6
2025-08-28 13:00:00+00:00,42.42,4383.85,3158.28,1789.9
2025-08-28 14:00:00+00:00,88.28,4742.98,2265.63,1310.8
2025-08-28 15:00:00+00:00,119.62,5128.2,1247.95,-408.2
2025-08-28 16:00:00+00:00,148.66,5596.85,376.9,-3071.6
2025-08-28 17:00:00+00:00,173.92,5732.15,39.38,-4096.5
2025-08-28 18:00:00+00:00,146.79,5650.48,0.0,-4194.8
2025-08-28 19:00:00+00:00,121.27,5428.85,0.0,-3986.7
2025-08-28 20:00:00+00:00,106.14,5222.55,0.0,-3648.4
2025-08-28 21:00:00+00:00,91.26,5083.28,0.0,-2943.8
2025-08-28 22:00:00+00:00,85.25,4617.78,0.0,-2060.3
2025-08-28 23:00:00+00:00,86.2,4412.3,0.0,-1750.2
2025-08-29 00:00:00+00:00,85.94,4174.8,0.0,-1564.2
2025-08-29 01:00:00+00:00,86.4,4103.13,0.0,-1546.9
2025-08-29 02:00:00+00:00,88.71,4174.55,0.0,-1589.8
2025-08-29 03:00:00+00:00,97.07,4380.68,0.1,-1748.4
2025-08-29 04:00:00+00:00,110.1,4640.28,177.85,-2196.8
2025-08-29 05:00:00+00:00,115.12,4831.23,733.73,-1561.9
2025-08-29 06:00:00+00:00,112.64,4610.03,1267.2,446.6
2025-08-29 07:00:00+00:00,107.03,4344.23,2038.45,1474.7
2025-08-29 08:00:00+00:00,86.99,4171.0,2883.98,1611.4
2025-08-29 09:00:00+00:00,47.92,4162.15,3290.78,1619.6
2025-08-29 10:00:00+00:00,38.4,4091.1,3120.68,1693.6
2025-08-29 11:00:00+00:00,51.73,4044.53,3206.15,1700.2
2025-08-29 12:00:00+00:00,69.01,4180.48,3208.68,1686.7
2025-08-29 13:00:00+00:00,80.29,4525.18,2608.93,1589.3
2025-08-29 14:00:00+00:00,91.88,4951.0,1769.1,418.3
2025-08-29 15:00:00+00:00,112.94,5260.55,929.2,-1337.0
2025-08-29 16:00:00+00:00,131.47,5596.15,274.0,-2841.6
2025-08-29 17:00:00+00:00,154.44,5710.6,21.98,-3580.5
2025-08-29 18:00:00+00:00,150.06,5641.95,0.0,-3647.2
2025-08-29 19:00:00+00:00,121.71,5454.55,0.0,-3094.3
2025-08-29 20:00:00+00:00,102.0,5242.48,0.0,-2679.1
2025-08-29 21:00:00+00:00,91.52,5055.43,0.0,-2296.2
2025-08-29 22:00:00+00:00,94.07,4463.93,0.0,-1955.7
2025-08-29 23:00:00+00:00,88.58,4230.75,0.0,-1711.5
2025-08-30 00:00:00+00:00,84.8,4039.93,0.0,-1561.4
2025-08-30 01:00:00+00:00,81.51,3948.73,0.0,-1505.7
2025-08-30 02:00:00+00:00,86.14,3925.6,0.0,-1504.2
2025-08-30 03:00:00+00:00,91.47,3947.28,0.05,-1508.1
2025-08-30 04:00:00+00:00,92.7,3812.65,97.7,-1152.1
2025-08-30 05:00:00+00:00,94.82,3865.0,451.83,-497.8
2025-08-30 06:00:00+00:00,88.45,3753.43,760.15,1561.2
2025-08-30 07:00:00+00:00,81.65,3602.63,1047.85,2103.7
2025-08-30 08:00:00+00:00,37.76,3534.23,1475.03,2023.1
2025-08-30 09:00:00+00:00,5.23,3549.83,1812.53,1517.2
2025-08-30 10:00:00+00:00,0.0,3542.6,1980.95,1262.4
2025-08-30 11:00:00+00:00,0.0,3547.25,1937.2,1297.8
2025-08-30 12:00:00+00:00,0.0,3586.4,1731.85,1039.9
2025-08-30 13:00:00+00:00,9.57,3846.38,1108.05,800.6
2025-08-30 14:00:00+00:00,55.7,4186.15,601.1,912.9
2025-08-30 15:00:00+00:00,99.92,4342.28,335.83,-243.2
2025-08-30 16:00:00+00:00,118.67,4683.85,101.45,-1531.3
2025-08-30 17:00:00+00:00,126.04,4914.68,9.38,-2086.7
2025-08-30 18:00:00+00:00,129.1,4962.35,0.0,-2327.6
2025-08-30 19:00:00+00:00,115.57,4766.63,0.0,-2227.8
2025-08-30 20:00:00+00:00,101.59,4504.18,0.0,-2089.0
2025-08-30 21:00:00+00:00,86.76,4241.95,0.0,-2015.3
2025-08-30 22:00:00+00:00,83.17,3805.28,0.0,-1277.6
2025-08-30 23:00:00+00:00,73.74,3601.2,0.0,-1168.1
2025-08-31 00:00:00+00:00,65.97,3569.45,0.0,-1063.7
2025-08-31 01:00:00+00:00,62.37,3500.68,0.0,-943.9
2025-08-31 02:00:00+00:00,59.26,3520.13,0.0,-910.5
2025-08-31 03:00:00+00:00,68.7,3482.0,0.03,-895.9
2025-08-31 04:00:00+00:00,69.25,3365.05,67.53,-1046.0
2025-08-31 05:00:00+00:00,65.69,3433.63,396.68,-574.7
2025-08-31 06:00:00+00:00,22.31,3429.7,776.95,393.7
2025-08-31 07:00:00+00:00,5.34,3431.9,1131.68,882.0
2025-08-31 08:00:00+00:00,0.0,3320.7,1575.68,1176.0
2025-08-31 09:00:00+00:00,-0.01,3235.6,1838.5,1145.5
2025-08-31 10:00:00+00:00,-0.1,2966.3,1508.95,1219.1
2025-08-31 11:00:00+00:00,-0.98,2914.75,1875.03,1170.4
2025-08-31 12:00:00+00:00,-0.6,2988.88,1899.93,1306.3
2025-08-31 13:00:00+00:00,0.0,3222.98,1619.35,1124.4
2025-08-31 14:00:00+00:00,27.13,3672.03,1201.58,669.1
2025-08-31 15:00:00+00:00,85.31,4041.1,567.93,-381.4
2025-08-31 16:00:00+00:00,116.14,4509.08,210.45,-1466.1
2025-08-31 17:00:00+00:00,134.1,4893.2,16.93,-2006.3
2025-08-31 18:00:00+00:00,131.27,4930.88,0.0,-2115.1
2025-08-31 19:00:00+00:00,113.68,4662.7,0.0,-2006.2
2025-08-31 20:00:00+00:00,102.05,4364.43,0.0,-1740.5
2025-08-31 21:00:00+00:00,90.82,4127.28,0.0,-1641.2
2025-08-31 22:00:00+00:00,88.15,3663.73,0.0,-1527.5
2025-08-31 23:00:00+00:00,87.34,3488.3,0.0,-1368.6
2025-09-01 00:00:00+00:00,86.33,3482.28,0.0,-1255.1
2025-09-01 01:00:00+00:00,85.36,3462.08,0.0,-1234.5
2025-09-01 02:00:00+00:00,87.05,3616.18,0.0,-1184.7
2025-09-01 03:00:00+00:00,97.39,3904.78,0.0,-1284.4
2025-09-01 04:00:00+00:00,117.46,4299.55,138.05,-1714.5
2025-09-01 05:00:00+00:00,123.41,4451.8,713.75,-1322.6
2025-09-01 06:00:00+00:00,108.84,4351.45,1438.38,470.7
2025-09-01 07:00:00+00:00,99.78,4232.13,2273.88,2046.1
2025-09-01 08:00:00+00:00,71.41,4131.78,2869.18,2284.2
2025-09-01 09:00:00+00:00,65.44,3959.45,3021.05,2453.9
2025-09-01 10:00:00+00:00,39.88,3926.28,3195.03,2632.8
2025-09-01 11:00:00+00:00,23.56,3934.45,3210.73,2632.1
2025-09-01 12:00:00+00:00,40.13,4099.0,3050.98,2532.9
2025-09-01 13:00:00+00:00,70.63,4520.8,2416.7,1855.5
2025-09-01 14:00:00+00:00,83.68,4962.4,1772.23,608.1
2025-09-01 15:00:00+00:00,110.86,5257.85,1050.05,-946.1
2025-09-01 16:00:00+00:00,162.79,5524.03,299.98,-2186.9
2025-09-01 17:00:00+00:00,227.53,5555.23,23.13,-2623.6
2025-09-01 18:00:00+00:00,207.06,5471.78,0.0,-2913.3
2025-09-01 19:00:00+00:00,142.04,5076.38,0.0,-2239.2
2025-09-01 20:00:00+00:00,109.29,4746.08,0.0,-1679.3
2025-09-01 21:00:00+00:00,99.99,4601.23,0.0,-1412.3
2025-09-01 22:00:00+00:00,89.02,4247.85,0.0,-1261.6
2025-09-01 23:00:00+00:00,85.66,3930.3,0.0,-1009.4
2025-09-02 00:00:00+00:00,87.87,3861.33,0.0,-866.7
2025-09-02 01:00:00+00:00,88.51,3819.73,0.0,-829.6
2025-09-02 02:00:00+00:00,90.85,3945.0,0.0,-848.1
2025-09-02 03:00:00+00:00,100.46,4187.78,0.0,-1085.2
2025-09-02 04:00:00+00:00,122.67,4710.7,151.98,-1758.8
2025-09-02 05:00:00+00:00,143.7,4762.23,768.03,-725.4
2025-09-02 06:00:00+00:00,145.78,4541.68,1632.98,979.2
2025-09-02 07:00:00+00:00,98.29,4415.0,2421.63,1946.3
2025-09-02 08:00:00+00:00,59.0,4327.5,3020.83,2162.6
2025-09-02 09:00:00+00:00,57.84,4178.38,3631.55,2417.1
2025-09-02 10:00:00+00:00,59.02,4116.03,3121.65,2506.0
2025-09-02 11:00:00+00:00,63.64,4156.28,3200.5,2385.3
2025-09-02 12:00:00+00:00,72.18,4310.28,3173.15,2169.7
2025-09-02 13:00:00+00:00,77.7,4727.5,2513.5,1923.4
2025-09-02 14:00:00+00:00,97.12,5159.65,1668.18,396.6
2025-09-02 15:00:00+00:00,116.39,5400.98,870.88,-1305.7
2025-09-02 16:00:00+00:00,166.68,5650.6,247.85,-2181.8
2025-09-02 17:00:00+00:00,287.77,5761.93,18.98,-2109.9
2025-09-02 18:00:00+00:00,244.39,5694.5,0.0,-2211.8
2025-09-02 19:00:00+00:00,131.21,5346.43,0.0,-2149.8
2025-09-02 20:00:00+00:00,111.21,5052.1,0.0,-1921.6
2025-09-02 21:00:00+00:00,108.5,4871.68,0.0,-1756.0
2025-09-02 22:00:00+00:00,102.63,4494.9,0.0,-1335.0
2025-09-02 23:00:00+00:00,84.64,4239.35,0.0,-1462.4
2025-09-03 00:00:00+00:00,81.42,4177.55,0.0,-1588.3
2025-09-03 01:00:00+00:00,75.92,4141.35,0.0,-1593.7
2025-09-03 02:00:00+00:00,79.98,4233.3,0.0,-1625.2
2025-09-03 03:00:00+00:00,96.75,4476.25,0.0,-1872.1
2025-09-03 04:00:00+00:00,117.81,4810.3,63.88,-2390.6
2025-09-03 05:00:00+00:00,118.52,4866.0,455.45,-2512.8
2025-09-03 06:00:00+00:00,105.88,4590.18,765.03,-1605.7
2025-09-03 07:00:00+00:00,81.24,4331.9,1090.28,-191.8
2025-09-03 08:00:00+00:00,36.83,4132.8,1222.3,701.3
2025-09-03 09:00:00+00:00,8.23,4023.9,1695.9,346.2
2025-09-03 10:00:00+00:00,6.2,4029.9,2553.68,442.6
2025-09-03 11:00:00+00:00,6.12,4153.38,2596.05,492.6
2025-09-03 12:00:00+00:00,10.3,4348.05,2349.0,125.6
2025-09-03 13:00:00+00:00,50.73,4670.85,1903.3,-94.8
2025-09-03 14:00:00+00:00,90.25,5064.43,1334.95,-557.7
2025-09-03 15:00:00+00:00,151.35,5410.8,744.48,-1262.4
2025-09-03 16:00:00+00:00,179.99,5665.4,246.55,-2592.1
2025-09-03 17:00:00+00:00,198.99,5750.2,7.53,-3590.1
2025-09-03 18:00:00+00:00,171.43,5640.5,0.0,-3645.9
2025-09-03 19:00:00+00:00,155.41,5309.78,0.0,-2961.2
2025-09-03 20:00:00+00:00,135.51,5022.6,0.0,-2470.2
2025-09-03 21:00:00+00:00,109.81,4882.5,0.0,-2707.1
2025-09-03 22:00:00+00:00,103.47,4560.93,0.0,-2040.0
2025-09-03 23:00:00+00:00,97.29,4270.7,0.0,-1769.1
2025-09-04 00:00:00+00:00,90.32,4114.6,0.0,-1713.7
2025-09-04 01:00:00+00:00,86.0,4106.75,0.0,-1731.7
2025-09-04 02:00:00+00:00,80.65,4198.28,0.0,-1803.3
2025-09-04 03:00:00+00:00,97.92,4493.45,0.0,-2113.9
2025-09-04 04:00:00+00:00,119.54,4940.18,111.35,-2262.6
2025-09-04 05:00:00+00:00,121.27,4954.15,627.58,-2162.6
2025-09-04 06:00:00+00:00,108.24,4678.05,1337.95,-1503.9
2025-09-04 07:00:00+00:00,75.15,4481.5,2057.2,-355.4
2025-09-04 08:00:00+00:00,39.68,4324.5,2549.5,504.0
2025-09-04 09:00:00+00:00,5.79,4282.25,3116.48,559.2
2025-09-04 10:00:00+00:00,3.2,4293.48,2964.08,612.4
2025-09-04 11:00:00+00:00,3.24,4255.63,2940.78,451.0
2025-09-04 12:00:00+00:00,32.37,4416.3,3006.53,839.6
2025-09-04 13:00:00+00:00,65.72,4747.0,2325.1,809.6
2025-09-04 14:00:00+00:00,95.04,5135.35,1517.8,-146.0
2025-09-04 15:00:00+00:00,127.2,5529.68,944.63,-2052.3
2025-09-04 16:00:00+00:00,179.84,5840.5,216.55,-2673.1
2025-09-04 17:00:00+00:00,318.65,5936.2,15.23,-2684.2
2025-09-04 18:00:00+00:00,242.63,5718.65,0.0,-2646.0
2025-09-04 19:00:00+00:00,132.95,5373.23,0.0,-3238.9
2025-09-04 20:00:00+00:00,120.0,5100.53,0.0,-2698.7
2025-09-04 21:00:00+00:00,108.71,4945.2,0.0,-2234.9
2025-09-04 22:00:00+00:00,98.49,4615.0,0.0,-1601.2
2025-09-04 23:00:00+00:00,86.15,4401.2,0.0,-1376.8
2025-09-05 00:00:00+00:00,83.46,4158.25,0.0,-1306.4
2025-09-05 01:00:00+00:00,82.64,4132.48,0.0,-1224.1
2025-09-05 02:00:00+00:00,82.66,4241.8,0.0,-1221.4
2025-09-05 03:00:00+00:00,94.9,4524.68,0.0,-1655.3
2025-09-05 04:00:00+00:00,115.57,5008.4,118.08,-2410.8
2025-09-05 05:00:00+00:00,128.59,5139.23,700.9,-1995.8
2025-09-05 06:00:00+00:00,122.62,5059.95,1420.05,-617.2
2025-09-05 07:00:00+00:00,101.64,4973.8,2205.45,923.9
2025-09-05 08:00:00+00:00,90.93,4858.53,2800.93,1633.9
2025-09-05 09:00:00+00:00,88.63,4477.15,2908.95,1649.3
2025-09-05 10:00:00+00:00,82.04,4311.18,2632.8,1752.4
2025-09-05 11:00:00+00:00,75.45,4383.03,2726.6,1578.2
2025-09-05 12:00:00+00:00,74.03,4524.48,2754.53,1551.5
2025-09-05 13:00:00+00:00,81.17,4800.93,2150.48,931.3
2025-09-05 14:00:00+00:00,96.54,5182.78,1549.3,-458.5
2025-09-05 15:00:00+00:00,128.15,5564.2,821.9,-1835.7
2025-09-05 16:00:00+00:00,173.01,5739.13,209.2,-2786.9
2025-09-05 17:00:00+00:00,196.95,5881.95,11.9,-3662.0
2025-09-05 18:00:00+00:00,169.36,5775.65,0.0,-3426.9
2025-09-05 19:00:00+00:00,142.34,5514.33,0.0,-3017.1
2025-09-05 20:00:00+00:00,150.03,5264.5,0.0,-2627.3
2025-09-05 21:00:00+00:00,112.94,4990.95,0.0,-2113.1
2025-09-05 22:00:00+00:00,102.53,4312.9,0.0,-1268.5
2025-09-05 23:00:00+00:00,102.74,4085.48,0.0,-1045.3
2025-09-06 00:00:00+00:00,102.51,4005.9,0.0,-940.3
2025-09-06 01:00:00+00:00,101.69,3892.9,0.0,-828.8
2025-09-06 02:00:00+00:00,100.8,3883.45,0.0,-854.6
2025-09-06 03:00:00+00:00,101.65,3891.2,0.0,-923.1
2025-09-06 04:00:00+00:00,96.98,3764.75,100.58,-828.0
2025-09-06 05:00:00+00:00,94.91,3872.88,604.0,-511.3
2025-09-06 06:00:00+00:00,98.74,3909.4,1302.5,249.6
2025-09-06 07:00:00+00:00,82.58,3943.2,2161.03,707.0
2025-09-06 08:00:00+00:00,11.87,4025.43,2808.35,973.7
2025-09-06 09:00:00+00:00,0.0,4150.13,2910.98,984.8
2025-09-06 10:00:00+00:00,-0.02,4254.88,2580.8,874.2
2025-09-06 11:00:00+00:00,-0.86,4384.38,2798.4,727.5
2025-09-06 12:00:00+00:00,-0.99,4546.4,3280.3,814.5
2025-09-06 13:00:00+00:00,-0.01,4599.38,1950.78,410.6
2025-09-06 14:00:00+00:00,45.87,4829.53,1335.13,-286.8
2025-09-06 15:00:00+00:00,121.16,4896.15,959.2,-957.2
2025-09-06 16:00:00+00:00,183.06,5059.58,228.58,-1812.6
2025-09-06 17:00:00+00:00,193.63,5171.55,11.9,-2148.5
2025-09-06 18:00:00+00:00,179.3,5026.48,0.0,-2109.1
2025-09-06 19:00:00+00:00,185.05,4730.25,0.0,-1971.2
2025-09-06 20:00:00+00:00,152.51,4418.63,0.0,-1607.6
2025-09-06 21:00:00+00:00,94.46,4189.9,0.0,-1459.2
2025-09-06 22:00:00+00:00,86.99,3880.83,0.0,-1220.6
2025-09-06 23:00:00+00:00,79.67,3618.55,0.0,-1102.0
2025-09-07 00:00:00+00:00,75.7,3579.75,0.0,-1110.9
2025-09-07 01:00:00+00:00,78.16,3546.8,0.0,-1106.0
2025-09-07 02:00:00+00:00,77.7,3543.08,0.0,-1174.0
2025-09-07 03:00:00+00:00,77.48,3592.53,0.0,-1232.3
2025-09-07 04:00:00+00:00,76.03,3572.5,111.98,-1133.5
2025-09-07 05:00:00+00:00,52.21,3675.4,707.98,-692.4
2025-09-07 06:00:00+00:00,0.0,3789.8,1549.0,-118.6
2025-09-07 07:00:00+00:00,-0.09,3899.33,2479.13,517.0
2025-09-07 08:00:00+00:00,-4.0,4057.25,3199.18,997.6
2025-09-07 09:00:00+00:00,-20.09,4012.43,3380.05,1330.7
2025-09-07 10:00:00+00:00,-40.02,3799.48,2973.23,1605.1
2025-09-07 11:00:00+00:00,-53.4,3707.4,3098.25,1607.8
2025-09-07 12:00:00+00:00,-42.33,3791.28,3181.63,1458.4
2025-09-07 13:00:00+00:00,-19.68,4005.88,2652.38,790.4
2025-09-07 14:00:00+00:00,0.21,4297.2,1798.88,58.7
2025-09-07 15:00:00+00:00,100.0,4494.48,889.33,-937.7
2025-09-07 16:00:00+00:00,112.41,4777.6,188.03,-2069.9
2025-09-07 17:00:00+00:00,146.2,5120.7,7.6,-2352.6
2025-09-07 18:00:00+00:00,143.3,5107.73,0.0,-2383.2
2025-09-07 19:00:00+00:00,133.43,4773.33,0.0,-2472.0
2025-09-07 20:00:00+00:00,116.99,4468.48,0.0,-2034.3
2025-09-07 21:00:00+00:00,95.61,4279.93,0.0,-1691.1
2025-09-07 22:00:00+00:00,87.37,3877.68,0.0,-1981.8
2025-09-07 23:00:00+00:00,87.39,3753.43,0.0,-1675.3
2025-09-08 00:00:00+00:00,86.72,3657.43,0.0,-1714.0
2025-09-08 01:00:00+00:00,86.7,3631.23,0.0,-1621.3
2025-09-08 02:00:00+00:00,88.26,3749.53,0.0,-1446.4
2025-09-08 03:00:00+00:00,100.28,4091.98,0.0,-1723.4
2025-09-08 04:00:00+00:00,129.13,4552.65,98.4,-2179.9
2025-09-08 05:00:00+00:00,146.9,4772.18,523.7,-2115.1
2025-09-08 06:00:00+00:00,123.93,4676.63,995.7,-982.9
2025-09-08 07:00:00+00:00,101.7,4581.9,1775.15,438.8
2025-09-08 08:00:00+00:00,85.89,4538.93,2328.2,1617.8
2025-09-08 09:00:00+00:00,78.74,4461.33,2692.73,1731.1
2025-09-08 10:00:00+00:00,67.65,4413.28,2734.73,1886.2
2025-09-08 11:00:00+00:00,62.04,4495.98,2694.93,1643.9
2025-09-08 12:00:00+00:00,71.4,4483.48,2554.85,1727.3
2025-09-08 13:00:00+00:00,81.21,4783.93,1955.08,1384.7
2025-09-08 14:00:00+00:00,103.0,5082.85,1644.55,33.1
2025-09-08 15:00:00+00:00,135.82,5516.08,686.03,-1900.7
2025-09-08 16:00:00+00:00,223.83,5788.05,151.95,-2903.5
2025-09-08 17:00:00+00:00,417.98,5769.25,4.43,-3066.4
2025-09-08 18:00:00+00:00,313.66,5521.2,0.0,-2998.1
2025-09-08 19:00:00+00:00,149.43,5154.83,0.0,-2875.3
2025-09-08 20:00:00+00:00,160.09,4855.65,0.0,-2715.1
2025-09-08 21:00:00+00:00,144.45,4730.7,0.0,-1891.1
2025-09-08 22:00:00+00:00,108.47,4371.0,0.0,-1028.8
2025-09-08 23:00:00+00:00,105.02,4093.75,0.0,-579.6
2025-09-09 00:00:00+00:00,103.64,3943.45,0.0,-438.3
2025-09-09 01:00:00+00:00,102.94,3919.28,0.0,-312.7
2025-09-09 02:00:00+00:00,102.97,4026.2,0.0,-326.7
2025-09-09 03:00:00+00:00,110.95,4321.85,0.0,-939.5
2025-09-09 04:00:00+00:00,184.08,4740.73,81.38,-1667.8
2025-09-09 05:00:00+00:00,286.79,4865.93,458.85,-893.7
2025-09-09 06:00:00+00:00,189.0,4632.23,903.95,305.3
2025-09-09 07:00:00+00:00,122.72,4518.35,1624.08,1248.7
2025-09-09 08:00:00+00:00,103.43,4453.95,2241.18,1707.4
2025-09-09 09:00:00+00:00,95.57,4372.05,2440.58,1796.9
2025-09-09 10:00:00+00:00,84.54,4366.5,2446.65,1886.9
2025-09-09 11:00:00+00:00,84.57,4449.73,2541.45,1755.2
2025-09-09 12:00:00+00:00,89.21,4599.83,2312.95,1811.8
2025-09-09 13:00:00+00:00,97.0,4882.03,1809.65,1816.7
2025-09-09 14:00:00+00:00,108.04,5188.73,1181.9,208.4
2025-09-09 15:00:00+00:00,157.7,5472.88,600.9,-1870.9
2025-09-09 16:00:00+00:00,256.58,5571.85,135.78,-3019.1
2025-09-09 17:00:00+00:00,394.64,5807.05,2.53,-3617.0
2025-09-09 18:00:00+00:00,250.29,5633.55,0.0,-3253.8
2025-09-09 19:00:00+00:00,154.34,5250.03,0.0,-3135.1
2025-09-09 20:00:00+00:00,144.51,4983.38,0.0,-2897.7
2025-09-09 21:00:00+00:00,135.73,4811.05,0.0,-2214.2
2025-09-09 22:00:00+00:00,100.64,4339.98,0.0,-1359.3
2025-09-09 23:00:00+00:00,96.97,4085.25,0.0,-1170.1
2025-09-10 00:00:00+00:00,94.88,3941.13,0.0,-1168.7
2025-09-10 01:00:00+00:00,95.31,3933.88,0.0,-1129.1
2025-09-10 02:00:00+00:00,94.56,4054.93,0.0,-1121.4
2025-09-10 03:00:00+00:00,103.11,4361.23,0.0,-1452.0
2025-09-10 04:00:00+00:00,131.66,4809.23,23.48,-2662.0
2025-09-10 05:00:00+00:00,212.31,4937.1,388.08,-2017.3
2025-09-10 06:00:00+00:00,159.99,4650.15,426.83,-583.6
2025-09-10 07:00:00+00:00,122.26,4439.6,718.23,551.3
2025-09-10 08:00:00+00:00,114.26,4297.38,952.2,570.7
2025-09-10 09:00:00+00:00,111.49,4271.5,1378.5,1283.6
2025-09-10 10:00:00+00:00,98.11,4083.33,1278.53,1390.3
2025-09-10 11:00:00+00:00,93.56,4329.75,1811.95,1664.2
2025-09-10 12:00:00+00:00,95.09,4300.08,976.9,1034.3
2025-09-10 13:00:00+00:00,100.39,4552.15,748.1,395.8
2025-09-10 14:00:00+00:00,114.95,4900.1,423.8,-994.6
2025-09-10 15:00:00+00:00,150.48,5176.7,123.65,-3187.0
2025-09-10 16:00:00+00:00,190.01,5365.98,26.05,-3814.9
2025-09-10 17:00:00+00:00,276.46,5635.88,0.48,-3554.5
2025-09-10 18:00:00+00:00,176.59,5593.08,0.0,-3691.7
2025-09-10 19:00:00+00:00,140.53,5334.2,0.0,-3309.0
2025-09-10 20:00:00+00:00,112.21,5051.43,0.0,-3302.7
2025-09-10 21:00:00+00:00,97.75,4855.0,0.0,-3176.6
2025-09-10 22:00:00+00:00,89.99,4416.9,0.0,-1804.5
2025-09-10 23:00:00+00:00,81.35,4196.15,0.0,-1747.4
2025-09-11 00:00:00+00:00,71.96,4110.25,0.0,-1779.1
2025-09-11 01:00:00+00:00,88.31,4098.03,0.0,-1833.6
2025-09-11 02:00:00+00:00,100.0,4207.43,0.0,-1967.3
2025-09-11 03:00:00+00:00,148.78,4485.03,0.0,-2319.9
2025-09-11 04:00:00+00:00,167.49,4909.13,41.78,-3153.1
2025-09-11 05:00:00+00:00,175.66,5144.8,236.73,-3250.8
2025-09-11 06:00:00+00:00,119.58,4864.8,817.48,-2497.1
2025-09-11 07:00:00+00:00,107.28,4664.63,1443.7,-1495.7
2025-09-11 08:00:00+00:00,78.02,4548.95,2022.43,-1177.2
2025-09-11 09:00:00+00:00,79.48,4524.1,2346.83,-995.7
2025-09-11 10:00:00+00:00,85.22,4695.68,1830.05,-868.5
2025-09-11 11:00:00+00:00,80.89,4277.88,2062.03,-939.0
2025-09-11 12:00:00+00:00,75.88,4341.85,2289.35,-920.7
2025-09-11 13:00:00+00:00,101.16,4599.7,1589.18,-1202.4
2025-09-11 14:00:00+00:00,153.29,4936.7,1156.53,-1567.4
2025-09-11 15:00:00+00:00,175.61,5258.5,565.18,-2710.3
2025-09-11 16:00:00+00:00,234.79,5525.2,148.9,-3333.3
2025-09-11 17:00:00+00:00,238.49,5598.38,3.48,-2826.9
2025-09-11 18:00:00+00:00,166.32,5476.65,0.0,-2779.3
2025-09-11 19:00:00+00:00,157.33,5157.43,0.0,-3197.1
2025-09-11 20:00:00+00:00,161.41,4885.73,0.0,-3057.1
2025-09-11 21:00:00+00:00,138.59,4743.83,0.0,-2988.2
2025-09-11 22:00:00+00:00,105.24,4297.98,0.0,-2087.4
2025-09-11 23:00:00+00:00,98.36,4090.75,0.0,-1766.2
2025-09-12 00:00:00+00:00,92.69,3994.08,0.0,-1630.8
2025-09-12 01:00:00+00:00,91.93,3977.7,0.0,-1925.7
2025-09-12 02:00:00+00:00,94.34,4050.33,0.0,-2034.1
2025-09-12 03:00:00+00:00,148.02,4345.25,0.0,-2512.7
2025-09-12 04:00:00+00:00,174.87,4766.78,96.48,-2923.0
2025-09-12 05:00:00+00:00,172.91,5035.38,547.8,-2847.6
2025-09-12 06:00:00+00:00,120.29,5103.3,1336.13,-1996.6
2025-09-12 07:00:00+00:00,95.22,5067.08,2297.23,-1156.6
2025-09-12 08:00:00+00:00,61.75,5032.65,3088.73,-488.3
2025-09-12 09:00:00+00:00,52.38,4927.98,3080.4,-87.1
2025-09-12 10:00:00+00:00,43.32,4744.7,2997.83,127.1
2025-09-12 11:00:00+00:00,50.01,4688.8,2950.33,228.1
2025-09-12 12:00:00+00:00,57.01,5011.3,2690.88,34.5
2025-09-12 13:00:00+00:00,79.95,5215.43,2061.93,-734.4
2025-09-12 14:00:00+00:00,97.0,5409.95,1382.4,-1793.9
2025-09-12 15:00:00+00:00,160.01,5480.43,784.55,-2751.9
2025-09-12 16:00:00+00:00,178.24,5473.63,153.65,-3485.4
2025-09-12 17:00:00+00:00,222.71,5524.78,1.5,-2664.2
2025-09-12 18:00:00+00:00,166.92,5406.65,0.0,-2489.0
2025-09-12 19:00:00+00:00,121.77,5102.03,0.0,-3183.0
2025-09-12 20:00:00+00:00,118.25,4863.65,0.0,-3158.7
2025-09-12 21:00:00+00:00,97.63,4697.45,0.0,-2972.3
2025-09-12 22:00:00+00:00,95.14,4339.83,0.0,-1818.5
2025-09-12 23:00:00+00:00,79.7,4001.55,0.0,-1544.6
2025-09-13 00:00:00+00:00,69.89,3838.38,0.0,-1462.7
2025-09-13 01:00:00+00:00,71.62,3793.85,0.0,-1545.7
2025-09-13 02:00:00+00:00,79.99,3832.98,0.0,-1580.4
2025-09-13 03:00:00+00:00,83.65,3914.48,0.0,-1573.9
2025-09-13 04:00:00+00:00,92.48,3958.93,54.5,-1532.5
2025-09-13 05:00:00+00:00,80.36,4016.03,379.9,-1048.4
2025-09-13 06:00:00+00:00,68.7,4006.83,987.68,-354.3
2025-09-13 07:00:00+00:00,55.55,3979.33,1500.58,438.7
2025-09-13 08:00:00+00:00,13.99,3899.55,2217.35,1393.0
2025-09-13 09:00:00+00:00,2.37,3846.65,2663.28,1640.4
2025-09-13 10:00:00+00:00,0.0,3781.7,2405.25,2128.0
2025-09-13 11:00:00+00:00,0.0,3684.33,2720.7,2065.7
2025-09-13 12:00:00+00:00,0.0,3797.38,2675.18,1946.9
2025-09-13 13:00:00+00:00,0.01,4049.55,2217.5,1102.5
2025-09-13 14:00:00+00:00,67.8,4425.83,1513.18,504.3
2025-09-13 15:00:00+00:00,120.44,4740.43,779.23,-1232.1
2025-09-13 16:00:00+00:00,128.86,5042.2,121.48,-2254.8
2025-09-13 17:00:00+00:00,145.38,5162.75,1.18,-2296.4
2025-09-13 18:00:00+00:00,129.34,5065.98,0.0,-2304.5
2025-09-13 19:00:00+00:00,109.53,4803.98,0.0,-2613.5
2025-09-13 20:00:00+00:00,100.75,4579.08,0.0,-2145.0
2025-09-13 21:00:00+00:00,89.74,4406.05,0.0,-1766.4
2025-09-13 22:00:00+00:00,83.48,4031.65,0.0,-1680.2
2025-09-13 23:00:00+00:00,74.38,3787.98,0.0,-1402.7
2025-09-14 00:00:00+00:00,76.02,3755.58,0.0,-1379.1
2025-09-14 01:00:00+00:00,81.05,3711.15,0.0,-1401.1
2025-09-14 02:00:00+00:00,88.38,3711.7,0.0,-1403.6
2025-09-14 03:00:00+00:00,95.58,3774.7,0.0,-1387.6
2025-09-14 04:00:00+00:00,94.75,3744.3,41.75,-1423.2
2025-09-14 05:00:00+00:00,98.59,3762.85,257.98,-1004.7
2025-09-14 06:00:00+00:00,105.99,3746.3,394.58,-355.5
2025-09-14 07:00:00+00:00,87.68,3623.55,471.08,135.2
2025-09-14 08:00:00+00:00,61.39,3540.98,457.28,286.6
2025-09-14 09:00:00+00:00,18.08,3404.93,451.0,105.2
2025-09-14 10:00:00+00:00,6.85,3249.1,711.6,165.4
2025-09-14 11:00:00+00:00,0.0,3173.18,764.0,489.2
2025-09-14 12:00:00+00:00,-0.01,3265.1,729.85,580.5
2025-09-14 13:00:00+00:00,0.0,3516.9,489.43,256.3
2025-09-14 14:00:00+00:00,19.96,3923.85,370.98,-101.5
2025-09-14 15:00:00+00:00,96.04,4238.53,238.4,-1226.6
2025-09-14 16:00:00+00:00,126.39,4651.58,67.65,-2035.0
2025-09-14 17:00:00+00:00,158.1,4960.35,0.0,-2120.3
2025-09-14 18:00:00+00:00,126.73,4872.08,0.0,-2148.9
2025-09-14 19:00:00+00:00,92.07,4560.38,0.0,-2220.0
2025-09-14 20:00:00+00:00,78.78,4271.53,0.0,-1781.3
2025-09-14 21:00:00+00:00,36.46,4062.05,0.0,-1495.3
2025-09-14 22:00:00+00:00,72.87,3749.25,0.0,-1896.6
2025-09-14 23:00:00+00:00,44.12,3615.05,0.0,-1721.5
2025-09-15 00:00:00+00:00,54.91,3553.83,0.0,-1627.4
2025-09-15 01:00:00+00:00,52.1,3547.73,0.0,-1664.1
2025-09-15 02:00:00+00:00,56.04,3677.23,0.0,-1784.3
2025-09-15 03:00:00+00:00,90.42,4035.98,0.0,-2325.8
2025-09-15 04:00:00+00:00,147.28,4633.28,65.7,-2746.6
2025-09-15 05:00:00+00:00,157.72,4810.23,458.63,-2622.2
2025-09-15 06:00:00+00:00,115.01,4657.25,1033.83,-1828.1
2025-09-15 07:00:00+00:00,61.05,4395.65,1664.4,-610.6
2025-09-15 08:00:00+00:00,11.95,4283.18,2249.05,216.8
2025-09-15 09:00:00+00:00,8.76,4080.45,2756.13,920.4
2025-09-15 10:00:00+00:00,8.2,3959.85,2626.73,1198.9
2025-09-15 11:00:00+00:00,8.95,3978.03,3141.95,1155.9
2025-09-15 12:00:00+00:00,10.81,4171.2,2895.38,790.6
2025-09-15 13:00:00+00:00,31.24,4459.38,2293.2,-17.5
2025-09-15 14:00:00+00:00,86.49,4785.78,1540.33,-1278.8
2025-09-15 15:00:00+00:00,169.44,5111.35,711.43,-2602.0
2025-09-15 16:00:00+00:00,238.71,5356.65,163.2,-3310.5
2025-09-15 17:00:00+00:00,309.26,5500.53,0.0,-2670.9
2025-09-15 18:00:00+00:00,205.51,5277.98,0.0,-2591.4
2025-09-15 19:00:00+00:00,189.79,4971.2,0.0,-2990.8
2025-09-15 20:00:00+00:00,162.93,4697.3,0.0,-2990.0
2025-09-15 21:00:00+00:00,153.75,4556.78,0.0,-2763.9
2025-09-15 22:00:00+00:00,110.0,4230.15,0.0,-2011.1
2025-09-15 23:00:00+00:00,105.1,4007.83,0.0,-1833.7
2025-09-16 00:00:00+00:00,89.99,3886.55,0.0,-1690.6
2025-09-16 01:00:00+00:00,85.42,3863.9,0.0,-1753.5
2025-09-16 02:00:00+00:00,87.04,3968.98,0.0,-1890.7
2025-09-16 03:00:00+00:00,108.49,4275.15,0.0,-2326.3
2025-09-16 04:00:00+00:00,149.34,4784.9,72.7,-2715.0
2025-09-16 05:00:00+00:00,133.53,4901.73,502.78,-2373.5
2025-09-16 06:00:00+00:00,125.01,4756.73,667.98,-1508.4
2025-09-16 07:00:00+00:00,100.92,4483.78,1012.8,-797.0
2025-09-16 08:00:00+00:00,94.92,4336.28,1243.73,-397.5
2025-09-16 09:00:00+00:00,60.78,4057.08,1278.23,-159.2
2025-09-16 10:00:00+00:00,79.13,3676.5,1180.8,-232.8
2025-09-16 11:00:00+00:00,71.38,3890.83,1182.9,-381.5
2025-09-16 12:00:00+00:00,59.84,4015.13,801.95,-462.9
2025-09-16 13:00:00+00:00,87.25,4246.63,508.65,-842.0
2025-09-16 14:00:00+00:00,120.79,4567.0,305.83,-1349.5
2025-09-16 15:00:00+00:00,189.36,4884.63,157.8,-2252.5
2025-09-16 16:00:00+00:00,226.44,5100.15,35.7,-3017.7
2025-09-16 17:00:00+00:00,364.19,5389.6,0.0,-2426.8
2025-09-16 18:00:00+00:00,179.0,5230.15,0.0,-2537.7
2025-09-16 19:00:00+00:00,153.0,4943.15,0.0,-2637.7
2025-09-16 20:00:00+00:00,136.6,4712.55,0.0,-2615.5
2025-09-16 21:00:00+00:00,101.59,4596.88,0.0,-2578.0
2025-09-16 22:00:00+00:00,92.36,4292.65,0.0,-2093.9
2025-09-16 23:00:00+00:00,63.55,4026.33,0.0,-1502.1
2025-09-17 00:00:00+00:00,51.0,3881.63,0.0,-1509.8
2025-09-17 01:00:00+00:00,47.33,3875.0,0.0,-1313.3
2025-09-17 02:00:00+00:00,59.4,3984.48,0.0,-1546.3
2025-09-17 03:00:00+00:00,104.0,4296.5,0.0,-2306.9
2025-09-17 04:00:00+00:00,122.53,4771.05,50.95,-2685.7
2025-09-17 05:00:00+00:00,126.94,4896.95,566.25,-1178.3
2025-09-17 06:00:00+00:00,112.65,4597.73,1559.63,-1118.8
2025-09-17 07:00:00+00:00,93.75,4265.53,2606.85,844.1
2025-09-17 08:00:00+00:00,68.77,4028.95,3435.63,1438.8
2025-09-17 09:00:00+00:00,43.65,4049.73,3577.1,1395.8
2025-09-17 10:00:00+00:00,12.46,4590.88,3094.93,1078.6
2025-09-17 11:00:00+00:00,8.82,3906.28,3084.15,960.1
2025-09-17 12:00:00+00:00,12.27,3845.43,2875.93,952.4
2025-09-17 13:00:00+00:00,47.45,4190.68,2290.53,196.1
2025-09-17 14:00:00+00:00,85.5,4591.48,1659.28,-1070.9
2025-09-17 15:00:00+00:00,109.96,5040.43,779.95,-2727.3
2025-09-17 16:00:00+00:00,195.0,5390.25,142.35,-3448.8
2025-09-17 17:00:00+00:00,240.16,5478.3,0.0,-4155.1
2025-09-17 18:00:00+00:00,162.45,5344.7,0.0,-3343.0
2025-09-17 19:00:00+00:00,109.5,5059.53,0.0,-3225.0
2025-09-17 20:00:00+00:00,103.0,4814.23,0.0,-3019.5
2025-09-17 21:00:00+00:00,75.3,4675.95,0.0,-2901.9
2025-09-17 22:00:00+00:00,58.02,4287.85,0.0,-2333.6
2025-09-17 23:00:00+00:00,49.98,4068.93,0.0,-1439.8
2025-09-18 00:00:00+00:00,39.17,3957.85,0.0,-1427.8
2025-09-18 01:00:00+00:00,39.41,3946.43,0.0,-1227.0
2025-09-18 02:00:00+00:00,50.14,4027.6,0.0,-1367.2
2025-09-18 03:00:00+00:00,77.37,4337.13,0.0,-2167.9
2025-09-18 04:00:00+00:00,115.47,4847.85,80.65,-2896.7
2025-09-18 05:00:00+00:00,117.39,4967.2,582.03,-2361.3
2025-09-18 06:00:00+00:00,120.67,4805.68,1179.88,-1234.3
2025-09-18 07:00:00+00:00,95.01,4631.15,1758.58,225.3
2025-09-18 08:00:00+00:00,69.2,4668.93,2257.38,762.6
2025-09-18 09:00:00+00:00,6.21,4553.73,2808.98,611.6
2025-09-18 10:00:00+00:00,0.21,4079.08,2597.13,575.9
2025-09-18 11:00:00+00:00,0.0,4541.83,2920.78,354.5
2025-09-18 12:00:00+00:00,0.0,4838.23,2806.88,334.9
2025-09-18 13:00:00+00:00,0.55,5095.03,2250.65,-133.1
2025-09-18 14:00:00+00:00,76.2,5220.0,1530.35,-1136.5
2025-09-18 15:00:00+00:00,132.2,5301.68,744.0,-2749.8
2025-09-18 16:00:00+00:00,156.71,5423.73,125.23,-3474.6
2025-09-18 17:00:00+00:00,246.62,5570.93,0.0,-3992.3
2025-09-18 18:00:00+00:00,155.2,5372.35,0.0,-3513.3
2025-09-18 19:00:00+00:00,110.0,5017.75,0.0,-2984.1
2025-09-18 20:00:00+00:00,104.28,4745.13,0.0,-2798.3
2025-09-18 21:00:00+00:00,88.2,4622.75,0.0,-2711.6
2025-09-18 22:00:00+00:00,74.09,4291.15,0.0,-2056.2
2025-09-18 23:00:00+00:00,72.03,4044.48,0.0,-1418.6
2025-09-19 00:00:00+00:00,71.25,3923.65,0.0,-1413.0
2025-09-19 01:00:00+00:00,71.01,3901.1,0.0,-1195.5
2025-09-19 02:00:00+00:00,71.03,4001.5,0.0,-1286.4
2025-09-19 03:00:00+00:00,91.48,4303.48,0.0,-2032.8
2025-09-19 04:00:00+00:00,118.8,4820.2,70.3,-2581.4
2025-09-19 05:00:00+00:00,140.66,4877.63,598.18,-1760.4
2025-09-19 06:00:00+00:00,117.92,4595.75,1446.05,-884.7
2025-09-19 07:00:00+00:00,91.5,4371.58,2406.35,471.2
2025-09-19 08:00:00+00:00,52.51,4265.03,3216.55,887.2
2025-09-19 09:00:00+00:00,13.51,4216.83,3532.7,1574.6
2025-09-19 10:00:00+00:00,0.99,4175.75,3156.65,1213.0
2025-09-19 11:00:00+00:00,0.0,4306.78,3262.2,1021.7
2025-09-19 12:00:00+00:00,0.0,4480.55,3415.13,973.7
2025-09-19 13:00:00+00:00,11.97,4693.5,2693.95,426.9
2025-09-19 14:00:00+00:00,78.97,4972.65,1738.23,-889.8
2025-09-19 15:00:00+00:00,116.15,5271.6,769.28,-2639.2
2025-09-19 16:00:00+00:00,255.21,5486.68,123.8,-3475.6
2025-09-19 17:00:00+00:00,409.24,5603.05,0.0,-4039.2
2025-09-19 18:00:00+00:00,163.58,5446.48,0.0,-3506.7
2025-09-19 19:00:00+00:00,109.08,5098.55,0.0,-3164.0
2025-09-19 20:00:00+00:00,101.97,4798.63,0.0,-2875.9
2025-09-19 21:00:00+00:00,80.64,4621.03,0.0,-2708.9
2025-09-19 22:00:00+00:00,93.09,4264.1,0.0,-1970.7
2025-09-19 23:00:00+00:00,82.97,4015.9,0.0,-1564.7
2025-09-20 00:00:00+00:00,79.2,3877.93,0.0,-1420.7
2025-09-20 01:00:00+00:00,79.08,3816.23,0.0,-1384.7
2025-09-20 02:00:00+00:00,79.02,3834.28,0.0,-1504.3
2025-09-20 03:00:00+00:00,84.91,3880.5,0.0,-1582.2
2025-09-20 04:00:00+00:00,93.34,3903.73,67.05,-1639.8
2025-09-20 05:00:00+00:00,91.94,4050.23,587.43,-1282.6
2025-09-20 06:00:00+00:00,79.73,4024.55,1487.15,-535.6
2025-09-20 07:00:00+00:00,24.91,4004.8,2457.03,267.5
2025-09-20 08:00:00+00:00,-0.04,3922.6,3252.7,941.4
2025-09-20 09:00:00+00:00,-1.45,3807.98,3545.83,1291.7
2025-09-20 10:00:00+00:00,-8.67,3663.03,3137.98,1161.6
2025-09-20 11:00:00+00:00,-9.91,3592.73,3216.3,1060.9
2025-09-20 12:00:00+00:00,-4.37,3761.85,3365.58,821.4
2025-09-20 13:00:00+00:00,0.15,4054.93,2643.18,555.7
2025-09-20 14:00:00+00:00,30.68,4407.35,1709.68,-310.8
2025-09-20 15:00:00+00:00,101.85,4723.33,744.08,-1480.7
2025-09-20 16:00:00+00:00,160.52,5008.2,108.38,-2083.3
2025-09-20 17:00:00+00:00,170.59,5151.05,0.0,-2320.3
2025-09-20 18:00:00+00:00,127.49,4984.95,0.0,-2498.0
2025-09-20 19:00:00+00:00,98.09,4683.23,0.0,-2256.7
2025-09-20 20:00:00+00:00,78.14,4400.83,0.0,-1971.1
2025-09-20 21:00:00+00:00,50.12,4137.18,0.0,-1644.1
2025-09-20 22:00:00+00:00,55.02,3795.08,0.0,-2090.9
2025-09-20 23:00:00+00:00,29.52,3591.95,0.0,-1660.7
2025-09-21 00:00:00+00:00,11.7,3442.23,0.0,-1536.4
2025-09-21 01:00:00+00:00,12.11,3401.95,0.0,-1495.9
2025-09-21 02:00:00+00:00,10.02,3443.23,0.0,-1615.0
2025-09-21 03:00:00+00:00,30.01,3535.5,0.0,-1739.2
2025-09-21 04:00:00+00:00,4.41,3606.98,59.85,-1740.5
2025-09-21 05:00:00+00:00,5.23,3842.83,591.23,-1446.4
2025-09-21 06:00:00+00:00,3.28,4061.6,1466.55,-1007.7
2025-09-21 07:00:00+00:00,-0.03,4332.33,2458.93,-108.2
2025-09-21 08:00:00+00:00,-0.62,4590.35,3264.85,358.7
2025-09-21 09:00:00+00:00,-10.09,4669.88,3641.28,507.0
2025-09-21 10:00:00+00:00,-15.09,4504.5,3166.95,565.4
2025-09-21 11:00:00+00:00,-15.28,4333.38,3240.13,654.5
2025-09-21 12:00:00+00:00,-3.24,4448.75,3458.78,479.3
2025-09-21 13:00:00+00:00,-0.15,4598.93,2709.98,285.1
2025-09-21 14:00:00+00:00,9.47,4735.3,1745.9,-93.3
2025-09-21 15:00:00+00:00,91.94,4802.23,750.78,-1612.0
2025-09-21 16:00:00+00:00,107.91,5018.45,98.68,-2512.4
2025-09-21 17:00:00+00:00,121.9,5185.4,0.0,-2639.6
2025-09-21 18:00:00+00:00,116.33,5009.83,0.0,-2675.7
2025-09-21 19:00:00+00:00,100.75,4745.75,0.0,-2308.5
2025-09-21 20:00:00+00:00,98.92,4472.23,0.0,-1822.6
2025-09-21 21:00:00+00:00,87.06,4271.93,0.0,-1413.5
2025-09-21 22:00:00+00:00,80.27,3910.33,0.0,-1675.6
2025-09-21 23:00:00+00:00,76.67,3724.13,0.0,-991.9
2025-09-22 00:00:00+00:00,73.52,3568.93,0.0,-1000.9
2025-09-22 01:00:00+00:00,72.52,3521.88,0.0,-877.3
2025-09-22 02:00:00+00:00,72.8,3637.4,0.0,-932.4
2025-09-22 03:00:00+00:00,87.12,4021.58,0.0,-1658.7
2025-09-22 04:00:00+00:00,117.22,4704.65,59.05,-2464.6
2025-09-22 05:00:00+00:00,128.26,4843.48,561.0,-1808.3
2025-09-22 06:00:00+00:00,129.94,4597.4,1357.1,98.5
2025-09-22 07:00:00+00:00,103.37,4326.2,2261.15,1994.5
2025-09-22 08:00:00+00:00,70.36,4150.78,3079.98,2284.8
2025-09-22 09:00:00+00:00,10.0,4060.2,3293.33,2362.6
2025-09-22 10:00:00+00:00,47.29,4028.08,2919.4,2352.0
2025-09-22 11:00:00+00:00,18.07,3968.98,3045.25,2366.5
2025-09-22 12:00:00+00:00,50.28,4188.8,3337.23,2329.5
2025-09-22 13:00:00+00:00,71.63,4521.65,2576.4,2164.6
2025-09-22 14:00:00+00:00,90.39,4950.85,1645.13,55.3
2025-09-22 15:00:00+00:00,127.0,5327.13,689.78,-2287.0
2025-09-22 16:00:00+00:00,144.65,5595.48,90.68,-3682.5
2025-09-22 17:00:00+00:00,250.01,5735.65,0.0,-4177.1
2025-09-22 18:00:00+00:00,147.36,5525.65,0.0,-3415.9
2025-09-22 19:00:00+00:00,115.55,5264.3,0.0,-3073.0
2025-09-22 20:00:00+00:00,110.05,4935.6,0.0,-2694.0
2025-09-22 21:00:00+00:00,94.08,4738.25,0.0,-2121.4
2025-09-22 22:00:00+00:00,82.85,4367.18,0.0,-311.9
2025-09-22 23:00:00+00:00,82.14,4082.6,0.0,784.6
2025-09-23 00:00:00+00:00,81.26,3885.65,0.0,890.6
2025-09-23 01:00:00+00:00,81.12,3829.88,0.0,1167.0
2025-09-23 02:00:00+00:00,84.65,3929.1,0.0,980.2
2025-09-23 03:00:00+00:00,101.62,4241.08,0.0,-548.7
2025-09-23 04:00:00+00:00,125.81,4727.4,49.13,-1993.5
2025-09-23 05:00:00+00:00,169.76,4885.43,400.05,-267.5
2025-09-23 06:00:00+00:00,158.14,4674.65,937.93,938.5
2025-09-23 07:00:00+00:00,119.29,4363.98,1488.28,1965.3
2025-09-23 08:00:00+00:00,87.93,4161.93,2175.08,2236.1
2025-09-23 09:00:00+00:00,93.68,4006.7,2416.98,2389.8
2025-09-23 10:00:00+00:00,85.26,3809.3,2479.55,2407.5
2025-09-23 11:00:00+00:00,82.28,3965.13,2313.53,2428.1
2025-09-23 12:00:00+00:00,80.86,4135.7,2204.85,2246.5
2025-09-23 13:00:00+00:00,92.07,4446.08,1627.3,2155.2
2025-09-23 14:00:00+00:00,113.0,4847.48,997.1,177.2
2025-09-23 15:00:00+00:00,156.58,5189.33,364.98,-2489.7
2025-09-23 16:00:00+00:00,181.25,5538.18,41.58,-3735.8
2025-09-23 17:00:00+00:00,340.77,5667.0,0.0,-4224.6
2025-09-23 18:00:00+00:00,186.04,5474.1,0.0,-3211.2
2025-09-23 19:00:00+00:00,126.34,5169.88,0.0,-3302.4
2025-09-23 20:00:00+00:00,120.55,4901.93,0.0,-3007.8
2025-09-23 21:00:00+00:00,99.45,4717.45,0.0,-2205.3
2025-09-23 22:00:00+00:00,86.75,4144.7,0.0,-850.1
2025-09-23 23:00:00+00:00,77.32,3957.43,0.0,-629.1
2025-09-24 00:00:00+00:00,76.69,3823.03,0.0,-618.7
2025-09-24 01:00:00+00:00,71.7,3823.28,0.0,-610.3
2025-09-24 02:00:00+00:00,86.22,3945.58,0.0,-595.8
2025-09-24 03:00:00+00:00,117.57,4261.28,0.0,-923.1
2025-09-24 04:00:00+00:00,142.09,4750.73,18.9,-2118.6
2025-09-24 05:00:00+00:00,136.26,4795.3,228.35,-2168.2
2025-09-24 06:00:00+00:00,119.67,4453.23,546.33,-1228.9
2025-09-24 07:00:00+00:00,108.71,4097.3,966.48,46.2
2025-09-24 08:00:00+00:00,100.51,3888.68,1247.23,1156.6
2025-09-24 09:00:00+00:00,88.91,3757.6,1152.3,2154.9
2025-09-24 10:00:00+00:00,77.07,4021.93,1552.45,1117.8
2025-09-24 11:00:00+00:00,72.78,4179.7,1595.0,1296.7
2025-09-24 12:00:00+00:00,84.36,3831.0,1019.53,552.1
2025-09-24 13:00:00+00:00,95.38,4156.73,690.78,-239.1
2025-09-24 14:00:00+00:00,107.36,4568.05,407.15,-1048.0
2025-09-24 15:00:00+00:00,160.0,5032.68,168.88,-1938.6
2025-09-24 16:00:00+00:00,199.25,5317.65,16.03,-1884.0
2025-09-24 17:00:00+00:00,249.22,5451.65,0.0,-3149.3
2025-09-24 18:00:00+00:00,149.88,5250.65,0.0,-2346.7
2025-09-24 19:00:00+00:00,110.17,4897.33,0.0,-2324.1
2025-09-24 20:00:00+00:00,90.02,4681.18,0.0,-2252.3
2025-09-24 21:00:00+00:00,77.04,4610.25,0.0,-1962.5
2025-09-24 22:00:00+00:00,72.58,4201.23,0.0,-1536.1
2025-09-24 23:00:00+00:00,70.58,3977.45,0.0,-1429.0
2025-09-25 00:00:00+00:00,66.33,3943.9,0.0,-1499.1
2025-09-25 01:00:00+00:00,65.31,3929.95,0.0,-1567.1
2025-09-25 02:00:00+00:00,67.6,4068.58,0.0,-1662.7
2025-09-25 03:00:00+00:00,80.33,4356.83,0.0,-1963.0
2025-09-25 04:00:00+00:00,109.28,4905.5,5.78,-2590.6
2025-09-25 05:00:00+00:00,128.06,5008.1,174.0,-2224.0
2025-09-25 06:00:00+00:00,124.72,4591.58,269.7,-1829.8
2025-09-25 07:00:00+00:00,101.96,4290.73,392.45,-911.9
2025-09-25 08:00:00+00:00,87.25,4087.15,551.85,-357.6
2025-09-25 09:00:00+00:00,118.07,4146.93,762.2,310.1
2025-09-25 10:00:00+00:00,113.0,4715.7,980.0,298.6
2025-09-25 11:00:00+00:00,87.35,4218.85,1167.4,217.9
2025-09-25 12:00:00+00:00,87.79,4161.95,677.63,-45.5
2025-09-25 13:00:00+00:00,94.3,4355.93,498.2,-554.2
2025-09-25 14:00:00+00:00,104.52,4735.23,296.78,-1216.1
2025-09-25 15:00:00+00:00,121.57,5098.53,165.45,-2192.2
2025-09-25 16:00:00+00:00,128.31,5394.03,21.68,-2668.6
2025-09-25 17:00:00+00:00,142.21,5482.3,0.0,-2246.4
2025-09-25 18:00:00+00:00,123.53,5289.1,0.0,-2614.9
2025-09-25 19:00:00+00:00,108.96,4985.5,0.0,-2325.6
2025-09-25 20:00:00+00:00,98.83,4749.93,0.0,-2004.1
2025-09-25 21:00:00+00:00,81.09,4656.83,0.0,-1851.1
2025-09-25 22:00:00+00:00,78.48,4251.4,0.0,-1545.9
2025-09-25 23:00:00+00:00,75.18,4025.75,0.0,-1339.1
2025-09-26 00:00:00+00:00,73.18,3989.28,0.0,-1281.4
2025-09-26 01:00:00+00:00,73.25,3956.73,0.0,-1169.2
2025-09-26 02:00:00+00:00,75.36,4070.28,0.0,-1250.5
2025-09-26 03:00:00+00:00,82.65,4351.4,0.0,-1600.5
2025-09-26 04:00:00+00:00,113.98,4898.4,7.33,-2500.7
2025-09-26 05:00:00+00:00,121.98,5092.7,225.88,-2411.9
2025-09-26 06:00:00+00:00,125.27,4972.98,605.88,-1622.7
2025-09-26 07:00:00+00:00,116.93,4783.13,1023.13,-689.4
2025-09-26 08:00:00+00:00,104.92,4683.25,1308.53,-275.9
2025-09-26 09:00:00+00:00,101.43,4858.03,1548.15,-7.9
2025-09-26 10:00:00+00:00,98.95,5227.8,918.3,-704.6
2025-09-26 11:00:00+00:00,91.49,5125.3,1327.83,-683.4
2025-09-26 12:00:00+00:00,91.15,4703.38,1283.05,-1216.4
2025-09-26 13:00:00+00:00,94.75,4854.8,824.4,-1148.2
2025-09-26 14:00:00+00:00,102.03,5080.08,454.03,-1749.7
2025-09-26 15:00:00+00:00,112.19,5246.5,195.35,-2331.7
2025-09-26 16:00:00+00:00,123.9,5475.88,23.88,-2980.6
2025-09-26 17:00:00+00:00,132.57,5509.45,0.0,-2381.1
2025-09-26 18:00:00+00:00,119.61,5221.15,0.0,-2912.4
2025-09-26 19:00:00+00:00,106.21,4921.53,0.0,-2194.9
2025-09-26 20:00:00+00:00,96.9,4705.9,0.0,-1892.7
2025-09-26 21:00:00+00:00,89.9,4610.85,0.0,-1453.5
2025-09-26 22:00:00+00:00,85.05,4128.05,0.0,-1364.9
2025-09-26 23:00:00+00:00,84.5,3974.18,0.0,-832.1
2025-09-27 00:00:00+00:00,84.29,3872.78,0.0,-611.2
2025-09-27 01:00:00+00:00,84.31,3764.63,0.0,-611.0
2025-09-27 02:00:00+00:00,87.57,3776.68,0.0,-596.9
2025-09-27 03:00:00+00:00,91.53,3849.4,0.0,-934.1
2025-09-27 04:00:00+00:00,88.94,3937.45,13.25,-512.0
2025-09-27 05:00:00+00:00,102.77,4019.68,213.48,-135.8
2025-09-27 06:00:00+00:00,107.62,3906.3,590.58,813.8
2025-09-27 07:00:00+00:00,97.77,3649.4,995.1,1495.7
2025-09-27 08:00:00+00:00,91.55,3418.28,1421.75,1723.0
2025-09-27 09:00:00+00:00,80.23,3229.88,2140.63,2356.4
2025-09-27 10:00:00+00:00,64.27,3085.33,1666.68,2719.3
2025-09-27 11:00:00+00:00,37.49,2998.9,2049.6,2922.8
2025-09-27 12:00:00+00:00,50.82,3108.73,2171.65,2742.0
2025-09-27 13:00:00+00:00,82.15,3460.28,1637.15,2204.3
2025-09-27 14:00:00+00:00,97.92,3856.05,977.08,2123.4
2025-09-27 15:00:00+00:00,112.05,4291.15,413.9,-693.8
2025-09-27 16:00:00+00:00,133.44,4586.9,33.38,-2401.3
2025-09-27 17:00:00+00:00,148.86,4848.08,0.0,-2683.8
2025-09-27 18:00:00+00:00,126.84,4716.18,0.0,-2291.2
2025-09-27 19:00:00+00:00,113.15,4432.05,0.0,-1483.9
2025-09-27 20:00:00+00:00,106.64,4182.85,0.0,-1080.6
2025-09-27 21:00:00+00:00,100.5,4010.63,0.0,-527.6
2025-09-27 22:00:00+00:00,99.88,3644.03,0.0,-811.4
2025-09-27 23:00:00+00:00,97.68,3552.0,0.0,-451.2
2025-09-28 00:00:00+00:00,93.01,3532.45,0.0,-194.6
2025-09-28 01:00:00+00:00,91.89,3492.8,0.0,-166.6
2025-09-28 02:00:00+00:00,93.61,3554.6,0.0,-204.7
2025-09-28 03:00:00+00:00,94.06,3580.93,0.0,-388.7
2025-09-28 04:00:00+00:00,96.44,3607.83,14.78,184.9
2025-09-28 05:00:00+00:00,101.68,3690.98,286.83,294.4
2025-09-28 06:00:00+00:00,95.25,3617.53,655.43,746.0
2025-09-28 07:00:00+00:00,92.34,3573.65,1140.03,1092.6
2025-09-28 08:00:00+00:00,85.2,3507.03,1588.65,1160.8
2025-09-28 09:00:00+00:00,38.03,3380.3,1908.5,1007.6
2025-09-28 10:00:00+00:00,17.11,3230.1,1921.2,1454.0
2025-09-28 11:00:00+00:00,8.53,3114.85,1965.98,1866.8
2025-09-28 12:00:00+00:00,13.0,3175.85,1698.58,1555.2
2025-09-28 13:00:00+00:00,65.27,3484.9,1287.5,1180.4
2025-09-28 14:00:00+00:00,128.14,3944.43,798.78,1045.5
2025-09-28 15:00:00+00:00,167.9,4339.3,267.9,-1063.6
2025-09-28 16:00:00+00:00,158.23,4707.78,25.88,-2186.7
2025-09-28 17:00:00+00:00,202.99,4912.6,0.0,-2613.2
2025-09-28 18:00:00+00:00,173.14,4745.25,0.0,-2209.9
2025-09-28 19:00:00+00:00,152.05,4416.78,0.0,-1372.9
2025-09-28 20:00:00+00:00,140.62,4192.88,0.0,-959.9
2025-09-28 21:00:00+00:00,97.96,3953.9,0.0,-325.6
2025-09-28 22:00:00+00:00,93.87,3808.58,0.0,-375.6
2025-09-28 23:00:00+00:00,91.84,3609.45,0.0,-144.3
2025-09-29 00:00:00+00:00,91.05,3533.6,0.0,-6.8
2025-09-29 01:00:00+00:00,91.36,3520.8,0.0,56.3
2025-09-29 02:00:00+00:00,91.35,3661.28,0.0,-108.9
2025-09-29 03:00:00+00:00,101.59,4046.78,0.0,-568.6
2025-09-29 04:00:00+00:00,139.03,4785.8,20.25,-1092.9
2025-09-29 05:00:00+00:00,212.21,5139.43,371.08,-783.0
2025-09-29 06:00:00+00:00,159.25,5267.95,889.38,-200.0
2025-09-29 07:00:00+00:00,117.39,5289.33,1623.58,142.9
2025-09-29 08:00:00+00:00,91.91,5344.73,2409.38,381.4
2025-09-29 09:00:00+00:00,87.43,5319.5,2473.58,897.9
2025-09-29 10:00:00+00:00,81.18,5132.05,2565.45,615.6
2025-09-29 11:00:00+00:00,79.8,5049.25,2401.8,863.0
2025-09-29 12:00:00+00:00,87.01,5116.85,2387.43,755.5
2025-09-29 13:00:00+00:00,90.76,5208.18,1783.55,255.4
2025-09-29 14:00:00+00:00,108.04,5371.73,1190.0,-715.1
2025-09-29 15:00:00+00:00,167.06,5470.78,476.85,-1284.1
2025-09-29 16:00:00+00:00,327.44,5609.6,27.1,-1003.9
2025-09-29 17:00:00+00:00,424.46,5717.05,0.0,-1226.6
2025-09-29 18:00:00+00:00,174.24,5458.9,0.0,-1826.7
2025-09-29 19:00:00+00:00,135.45,5129.08,0.0,-1376.5
2025-09-29 20:00:00+00:00,117.88,4859.4,0.0,-1228.1
2025-09-29 21:00:00+00:00,106.36,4740.78,0.0,-861.5
2025-09-29 22:00:00+00:00,100.67,4376.45,0.0,117.3
2025-09-29 23:00:00+00:00,95.96,4112.2,0.0,363.3
2025-09-30 00:00:00+00:00,97.13,3978.15,0.0,541.1
2025-09-30 01:00:00+00:00,98.06,3949.43,0.0,667.1
2025-09-30 02:00:00+00:00,98.51,4071.53,0.0,394.1
2025-09-30 03:00:00+00:00,111.58,4401.55,0.0,-359.8
2025-09-30 04:00:00+00:00,161.41,5088.4,21.33,-935.2
2025-09-30 05:00:00+00:00,263.11,5425.33,388.13,-519.3
2025-09-30 06:00:00+00:00,209.23,5508.18,940.43,75.3
2025-09-30 07:00:00+00:00,140.32,5506.15,1511.95,765.2
2025-09-30 08:00:00+00:00,118.33,5487.68,2037.25,553.7
2025-09-30 09:00:00+00:00,100.43,5287.58,2022.48,763.0
2025-09-30 10:00:00+00:00,92.2,4550.1,2223.65,309.2
2025-09-30 11:00:00+00:00,91.47,4992.35,1993.48,1057.0
2025-09-30 12:00:00+00:00,94.09,5213.05,2176.53,1169.9
2025-09-30 13:00:00+00:00,101.23,5338.58,1613.3,561.6
2025-09-30 14:00:00+00:00,144.6,5503.38,996.1,-184.4
2025-09-30 15:00:00+00:00,202.99,5569.15,367.4,-1179.3
2025-09-30 16:00:00+00:00,350.06,5730.88,17.9,-1667.9
2025-09-30 17:00:00+00:00,370.11,5828.7,0.0,-1777.1
2025-09-30 18:00:00+00:00,192.89,5576.25,0.0,-1990.5
2025-09-30 19:00:00+00:00,141.91,5240.15,0.0,-1353.3
2025-09-30 20:00:00+00:00,124.01,4968.73,0.0,-1076.2
2025-09-30 21:00:00+00:00,107.66,4842.3,0.0,-596.2
2025-09-30 22:00:00+00:00,96.91,4475.48,0.0,-1284.0
2025-09-30 23:00:00+00:00,88.78,4194.83,0.0,-1053.5
2025-10-01 00:00:00+00:00,90.73,4050.03,0.0,-933.0
2025-10-01 01:00:00+00:00,92.37,4027.6,0.0,-967.2
2025-10-01 02:00:00+00:00,90.64,4160.6,0.0,-937.5
2025-10-01 03:00:00+00:00,99.75,4547.85,0.0,-1130.7
2025-10-01 04:00:00+00:00,127.96,5245.75,18.18,-2113.4
2025-10-01 05:00:00+00:00,175.48,5399.93,353.6,-1739.8
2025-10-01 06:00:00+00:00,137.25,5201.4,869.4,-827.7
2025-10-01 07:00:00+00:00,104.78,5024.23,1574.7,225.2
2025-10-01 08:00:00+00:00,87.12,4837.53,2035.3,474.3
2025-10-01 09:00:00+00:00,91.91,4755.73,1833.38,1051.1
2025-10-01 10:00:00+00:00,86.39,4667.68,2062.1,967.2
2025-10-01 11:00:00+00:00,90.05,4600.7,1775.4,445.6
2025-10-01 12:00:00+00:00,94.05,4680.25,1781.23,-13.2
2025-10-01 13:00:00+00:00,102.92,4968.2,1336.88,-114.3
2025-10-01 14:00:00+00:00,113.26,5290.73,813.6,-1075.6
2025-10-01 15:00:00+00:00,151.4,5558.28,304.9,-2305.9
2025-10-01 16:00:00+00:00,252.65,5903.53,20.85,-3264.1
2025-10-01 17:00:00+00:00,324.04,5993.48,0.0,-2265.3
2025-10-01 18:00:00+00:00,155.68,5680.68,0.0,-2501.5
2025-10-01 19:00:00+00:00,117.48,5354.55,0.0,-2377.2
2025-10-01 20:00:00+00:00,99.49,5085.68,0.0,-1884.7
2025-10-01 21:00:00+00:00,91.43,4967.1,0.0,-1685.4
2025-10-01 22:00:00+00:00,92.32,4640.68,0.0,-1286.7
2025-10-01 23:00:00+00:00,89.41,4323.23,0.0,-1061.4
2025-10-02 00:00:00+00:00,88.85,4184.25,0.0,-924.3
2025-10-02 01:00:00+00:00,92.75,4145.18,0.0,-947.1
2025-10-02 02:00:00+00:00,94.35,4288.28,0.0,-933.1
2025-10-02 03:00:00+00:00,98.04,4661.15,0.0,-1168.6
2025-10-02 04:00:00+00:00,131.63,5385.83,21.88,-1804.4
2025-10-02 05:00:00+00:00,183.69,5501.03,420.18,-1551.0
2025-10-02 06:00:00+00:00,136.44,5254.33,1354.05,-594.3
2025-10-02 07:00:00+00:00,101.6,5012.3,2397.33,779.0
2025-10-02 08:00:00+00:00,92.72,4828.08,3034.3,1082.4
2025-10-02 09:00:00+00:00,83.54,4869.7,3242.7,1022.5
2025-10-02 10:00:00+00:00,78.01,5138.75,2847.98,529.4
2025-10-02 11:00:00+00:00,77.47,4796.18,2029.55,209.5
2025-10-02 12:00:00+00:00,85.97,4705.73,2394.15,-208.4
2025-10-02 13:00:00+00:00,94.49,4960.38,1787.38,-844.1
2025-10-02 14:00:00+00:00,142.66,5272.8,1127.38,-1417.0
2025-10-02 15:00:00+00:00,141.19,5624.15,405.48,-1938.9
2025-10-02 16:00:00+00:00,176.52,6031.38,28.4,-2849.3
2025-10-02 17:00:00+00:00,186.59,6044.53,0.0,-2060.2
2025-10-02 18:00:00+00:00,134.32,5859.65,0.0,-2461.7
2025-10-02 19:00:00+00:00,110.6,5483.73,0.0,-2237.2
2025-10-02 20:00:00+00:00,103.69,5172.3,0.0,-1801.8
2025-10-02 21:00:00+00:00,91.81,5011.13,0.0,-1712.7
2025-10-02 22:00:00+00:00,83.4,4677.15,0.0,-1466.5
2025-10-02 23:00:00+00:00,74.34,4350.9,0.0,-1200.4
2025-10-03 00:00:00+00:00,75.58,4164.65,0.0,-1118.2
2025-10-03 01:00:00+00:00,76.58,4129.28,0.0,-1108.4
2025-10-03 02:00:00+00:00,79.63,4282.43,0.0,-1162.8
2025-10-03 03:00:00+00:00,95.3,4646.35,0.0,-1453.6
2025-10-03 04:00:00+00:00,129.48,5402.35,12.6,-2319.7
2025-10-03 05:00:00+00:00,146.41,5515.85,306.73,-1964.3
2025-10-03 06:00:00+00:00,122.75,5368.48,1063.6,-1239.1
2025-10-03 07:00:00+00:00,100.04,5212.0,1777.03,-372.0
2025-10-03 08:00:00+00:00,70.48,5151.15,2503.13,-170.5
2025-10-03 09:00:00+00:00,44.2,5122.03,2916.85,313.3
2025-10-03 10:00:00+00:00,29.4,4980.23,2681.88,592.3
2025-10-03 11:00:00+00:00,21.91,4918.0,2600.78,658.8
2025-10-03 12:00:00+00:00,38.84,4961.15,2403.2,325.1
2025-10-03 13:00:00+00:00,74.34,5152.53,1979.33,-227.1
2025-10-03 14:00:00+00:00,101.42,5430.43,1137.98,-1406.8
2025-10-03 15:00:00+00:00,128.22,5656.1,395.68,-2044.2
2025-10-03 16:00:00+00:00,152.67,5966.45,23.15,-2756.6
2025-10-03 17:00:00+00:00,149.02,6019.75,0.0,-2409.7
2025-10-03 18:00:00+00:00,135.47,5726.88,0.0,-2823.0
2025-10-03 19:00:00+00:00,120.0,5383.53,0.0,-2474.1
2025-10-03 20:00:00+00:00,123.86,5108.1,0.0,-1969.5
2025-10-03 21:00:00+00:00,102.55,4989.15,0.0,-1701.9
2025-10-03 22:00:00+00:00,103.21,4492.75,0.0,-1428.4
2025-10-03 23:00:00+00:00,91.95,4251.98,0.0,-1266.5
2025-10-04 00:00:00+00:00,88.01,4082.08,0.0,-1131.3
2025-10-04 01:00:00+00:00,84.97,3984.53,0.0,-1110.2
2025-10-04 02:00:00+00:00,90.32,3998.03,0.0,-1101.6
2025-10-04 03:00:00+00:00,104.77,4093.43,0.0,-1126.7
2025-10-04 04:00:00+00:00,115.75,4298.3,7.85,-1373.5
2025-10-04 05:00:00+00:00,151.3,4518.68,352.5,-1393.1
2025-10-04 06:00:00+00:00,117.51,4584.88,1155.05,-1079.2
2025-10-04 07:00:00+00:00,75.72,4544.43,2071.98,-713.0
2025-10-04 08:00:00+00:00,38.45,4419.83,2932.1,-320.6
2025-10-04 09:00:00+00:00,1.03,4220.15,2875.33,197.6
2025-10-04 10:00:00+00:00,0.31,3886.5,2387.78,687.0
2025-10-04 11:00:00+00:00,2.32,3745.48,2943.63,1034.1
2025-10-04 12:00:00+00:00,21.57,3732.25,3094.8,1033.7
2025-10-04 13:00:00+00:00,56.6,3948.0,2339.48,285.4
2025-10-04 14:00:00+00:00,98.23,4313.1,1272.6,-1133.3
2025-10-04 15:00:00+00:00,163.22,4742.95,357.95,-2383.0
2025-10-04 16:00:00+00:00,233.97,5048.58,15.08,-2824.5
2025-10-04 17:00:00+00:00,233.2,5288.53,0.0,-3315.4
2025-10-04 18:00:00+00:00,197.26,5087.75,0.0,-2897.0
2025-10-04 19:00:00+00:00,158.72,4804.88,0.0,-2553.5
2025-10-04 20:00:00+00:00,123.27,4544.23,0.0,-2307.1
2025-10-04 21:00:00+00:00,113.29,4358.08,0.0,-1933.6
2025-10-04 22:00:00+00:00,58.41,4003.58,0.0,-1686.2
2025-10-04 23:00:00+00:00,37.17,3814.6,0.0,-1442.5
2025-10-05 00:00:00+00:00,71.53,3725.08,0.0,-1536.3
2025-10-05 01:00:00+00:00,66.5,3676.95,0.0,-1508.5
2025-10-05 02:00:00+00:00,82.9,3710.65,0.0,-1487.5
2025-10-05 03:00:00+00:00,86.89,3778.15,0.0,-1559.3
2025-10-05 04:00:00+00:00,86.55,3911.3,3.18,-2022.6
2025-10-05 05:00:00+00:00,76.28,4060.05,61.63,-2190.6
2025-10-05 06:00:00+00:00,26.11,4158.85,277.1,-1983.3
2025-10-05 07:00:00+00:00,51.06,4232.2,484.68,-1717.9
2025-10-05 08:00:00+00:00,29.95,4246.7,774.58,-1844.5
2025-10-05 09:00:00+00:00,11.83,4184.48,993.65,-1652.3
2025-10-05 10:00:00+00:00,13.88,3896.38,1576.43,-1250.7
2025-10-05 11:00:00+00:00,4.28,3821.98,987.63,-1316.7
2025-10-05 12:00:00+00:00,0.48,3858.08,896.18,-1188.5
2025-10-05 13:00:00+00:00,12.5,4072.23,652.98,-1662.5
2025-10-05 14:00:00+00:00,96.73,4420.73,377.78,-2338.6
2025-10-05 15:00:00+00:00,136.15,4734.03,118.65,-2999.0
2025-10-05 16:00:00+00:00,158.55,5094.63,5.43,-3333.1
2025-10-05 17:00:00+00:00,160.03,5293.85,0.0,-3657.2
2025-10-05 18:00:00+00:00,151.78,5064.1,0.0,-3259.1
2025-10-05 19:00:00+00:00,132.66,4762.75,0.0,-2922.4
2025-10-05 20:00:00+00:00,121.68,4461.2,0.0,-2515.1
2025-10-05 21:00:00+00:00,89.9,4254.0,0.0,-2038.6
2025-10-05 22:00:00+00:00,99.15,4132.58,0.0,-1443.9
2025-10-05 23:00:00+00:00,79.35,3932.3,0.0,-1381.3
2025-10-06 00:00:00+00:00,62.14,3815.1,0.0,-1277.4
2025-10-06 01:00:00+00:00,68.77,3817.5,0.0,-1308.0
2025-10-06 02:00:00+00:00,80.45,3969.23,0.0,-1350.3
2025-10-06 03:00:00+00:00,107.51,4431.68,0.0,-1445.3
2025-10-06 04:00:00+00:00,166.47,5269.35,5.03,-2435.8
2025-10-06 05:00:00+00:00,237.89,5497.1,345.45,-2464.7
2025-10-06 06:00:00+00:00,198.02,5243.5,1051.13,-1147.2
2025-10-06 07:00:00+00:00,133.97,4857.68,1749.7,141.2
2025-10-06 08:00:00+00:00,102.26,4576.88,2217.25,1083.2
2025-10-06 09:00:00+00:00,90.85,4448.93,2047.65,1373.4
2025-10-06 10:00:00+00:00,91.1,4317.28,1770.45,1078.5
2025-10-06 11:00:00+00:00,110.17,4284.13,1706.63,1021.0
2025-10-06 12:00:00+00:00,108.36,4453.6,1608.95,488.0
2025-10-06 13:00:00+00:00,127.09,4759.1,1213.68,-193.3
2025-10-06 14:00:00+00:00,182.6,5174.8,786.83,-1495.7
2025-10-06 15:00:00+00:00,187.01,5609.15,253.78,-2284.5
2025-10-06 16:00:00+00:00,239.83,5995.4,8.3,-2915.5
2025-10-06 17:00:00+00:00,239.61,6098.98,0.0,-2651.2
2025-10-06 18:00:00+00:00,174.88,5868.0,0.0,-2758.5
2025-10-06 19:00:00+00:00,123.39,5504.15,0.0,-2177.2
2025-10-06 20:00:00+00:00,120.06,5158.13,0.0,-1826.3
2025-10-06 21:00:00+00:00,106.31,5022.88,0.0,-1590.4
2025-10-06 22:00:00+00:00,101.12,4615.6,0.0,-1361.7
2025-10-06 23:00:00+00:00,94.36,4320.18,0.0,-1107.3
2025-10-07 00:00:00+00:00,90.95,4161.05,0.0,-940.3
2025-10-07 01:00:00+00:00,90.58,4148.7,0.0,-944.8
2025-10-07 02:00:00+00:00,94.64,4276.9,0.0,-1041.1
2025-10-07 03:00:00+00:00,97.82,4676.65,0.0,-1335.8
2025-10-07 04:00:00+00:00,131.94,5468.48,8.65,-1891.3
2025-10-07 05:00:00+00:00,227.3,5637.9,327.78,-1593.7
2025-10-07 06:00:00+00:00,280.06,5304.85,900.68,-348.9
2025-10-07 07:00:00+00:00,202.16,4898.85,1733.3,984.8
2025-10-07 08:00:00+00:00,145.77,4613.23,2194.43,1580.1
2025-10-07 09:00:00+00:00,133.48,4577.3,2387.83,1748.2
2025-10-07 10:00:00+00:00,115.16,4833.28,2590.78,1830.1
2025-10-07 11:00:00+00:00,110.93,4421.18,2130.95,1795.1
2025-10-07 12:00:00+00:00,110.4,4464.05,1680.65,1374.9
2025-10-07 13:00:00+00:00,118.4,4766.05,1291.03,475.4
2025-10-07 14:00:00+00:00,126.93,5175.4,826.2,-618.5
2025-10-07 15:00:00+00:00,150.67,5619.43,264.28,-1717.6
2025-10-07 16:00:00+00:00,204.46,6026.48,1.5,-2057.9
2025-10-07 17:00:00+00:00,214.65,6120.3,0.0,-2142.0
2025-10-07 18:00:00+00:00,146.42,5892.98,0.0,-2188.8
2025-10-07 19:00:00+00:00,123.24,5521.78,0.0,-1976.8
2025-10-07 20:00:00+00:00,107.42,5179.05,0.0,-1683.8
2025-10-07 21:00:00+00:00,97.48,5045.15,0.0,-1600.8
2025-10-07 22:00:00+00:00,93.45,4663.45,0.0,-1430.0
2025-10-07 23:00:00+00:00,88.44,4342.25,0.0,-974.1
2025-10-08 00:00:00+00:00,87.56,4171.25,0.0,-596.8
2025-10-08 01:00:00+00:00,87.43,4170.23,0.0,-669.0
2025-10-08 02:00:00+00:00,90.87,4312.93,0.0,-912.7
2025-10-08 03:00:00+00:00,99.14,4698.2,0.0,-1292.5
2025-10-08 04:00:00+00:00,117.0,5483.9,8.85,-2133.1
2025-10-08 05:00:00+00:00,163.28,5620.23,357.83,-2491.5
2025-10-08 06:00:00+00:00,165.35,5393.85,1308.88,-1211.3
2025-10-08 07:00:00+00:00,132.51,5107.38,2375.03,315.4
2025-10-08 08:00:00+00:00,117.16,4947.25,3249.1,1243.8
2025-10-08 09:00:00+00:00,105.01,4836.2,3472.05,1908.8
2025-10-08 10:00:00+00:00,91.71,4794.93,3057.9,1686.1
2025-10-08 11:00:00+00:00,90.85,4776.38,2599.35,1171.7
2025-10-08 12:00:00+00:00,92.34,4892.28,3060.73,628.8
2025-10-08 13:00:00+00:00,101.59,5101.65,2245.1,-252.5
2025-10-08 14:00:00+00:00,126.12,5372.78,1282.45,-1532.2
2025-10-08 15:00:00+00:00,156.91,5674.93,360.6,-2017.0
2025-10-08 16:00:00+00:00,199.3,6024.43,6.38,-2896.0
2025-10-08 17:00:00+00:00,198.96,6108.3,0.0,-2792.1
2025-10-08 18:00:00+00:00,153.2,5890.58,0.0,-2404.3
2025-10-08 19:00:00+00:00,125.07,5514.15,0.0,-1934.9
2025-10-08 20:00:00+00:00,109.71,5192.98,0.0,-1715.8
2025-10-08 21:00:00+00:00,99.19,5065.5,0.0,-1577.6
2025-10-08 22:00:00+00:00,97.55,4707.33,0.0,-1355.7
2025-10-08 23:00:00+00:00,93.35,4414.33,0.0,-1007.8
2025-10-09 00:00:00+00:00,94.11,4257.13,0.0,-733.7
2025-10-09 01:00:00+00:00,92.62,4246.95,0.0,-767.2
2025-10-09 02:00:00+00:00,95.22,4379.85,0.0,-971.2
2025-10-09 03:00:00+00:00,106.76,4752.0,0.0,-1261.7
2025-10-09 04:00:00+00:00,133.6,5507.65,6.0,-1947.4
2025-10-09 05:00:00+00:00,167.78,5648.75,188.1,-2730.1
2025-10-09 06:00:00+00:00,150.44,5329.0,555.68,-1589.4
2025-10-09 07:00:00+00:00,134.1,5035.85,889.48,-656.6
2025-10-09 08:00:00+00:00,111.84,4836.08,1252.9,-140.1
2025-10-09 09:00:00+00:00,99.19,4706.98,1198.0,211.4
2025-10-09 10:00:00+00:00,95.59,4373.45,1549.1,490.7
2025-10-09 11:00:00+00:00,92.66,4724.3,1486.18,326.7
2025-10-09 12:00:00+00:00,92.18,4938.33,1229.45,311.6
2025-10-09 13:00:00+00:00,102.31,5120.63,777.0,-458.6
2025-10-09 14:00:00+00:00,145.35,5395.98,376.65,-1903.7
2025-10-09 15:00:00+00:00,175.36,5673.28,106.95,-2608.6
2025-10-09 16:00:00+00:00,189.13,5980.25,1.9,-3282.5
2025-10-09 17:00:00+00:00,198.26,6023.03,0.0,-3240.1
2025-10-09 18:00:00+00:00,176.44,5801.63,0.0,-2722.1
2025-10-09 19:00:00+00:00,172.28,5434.68,0.0,-2074.9
2025-10-09 20:00:00+00:00,158.42,5119.05,0.0,-1833.1
2025-10-09 21:00:00+00:00,123.62,5008.4,0.0,-1728.5
2025-10-09 22:00:00+00:00,91.41,4694.93,0.0,-1624.6
2025-10-09 23:00:00+00:00,88.01,4388.25,0.0,-1325.1
2025-10-10 00:00:00+00:00,82.98,4234.4,0.0,-1134.9
2025-10-10 01:00:00+00:00,83.57,4223.1,0.0,-1225.5
2025-10-10 02:00:00+00:00,88.85,4358.55,0.0,-1390.9
2025-10-10 03:00:00+00:00,139.18,4744.35,0.0,-1705.8
2025-10-10 04:00:00+00:00,197.27,5458.15,4.38,-1981.9
2025-10-10 05:00:00+00:00,198.52,5617.4,277.58,-3066.7
2025-10-10 06:00:00+00:00,130.73,5282.65,1011.25,-2149.9
2025-10-10 07:00:00+00:00,108.06,4798.4,1699.05,-852.0
2025-10-10 08:00:00+00:00,93.59,4509.65,2182.3,-272.3
2025-10-10 09:00:00+00:00,83.48,4549.05,2634.93,-403.9
2025-10-10 10:00:00+00:00,77.96,5069.38,1745.28,-480.4
2025-10-10 11:00:00+00:00,79.37,4606.7,1594.4,-846.4
2025-10-10 12:00:00+00:00,83.9,4414.9,1794.55,-992.6
2025-10-10 13:00:00+00:00,93.55,4685.6,1021.23,-1411.8
2025-10-10 14:00:00+00:00,139.92,5122.23,453.3,-2236.5
2025-10-10 15:00:00+00:00,201.32,5548.53,88.3,-2880.8
2025-10-10 16:00:00+00:00,253.4,5907.6,0.93,-3100.0
2025-10-10 17:00:00+00:00,252.55,5907.93,0.0,-3100.0
2025-10-10 18:00:00+00:00,203.83,5684.8,0.0,-2665.2
2025-10-10 19:00:00+00:00,164.35,5347.18,0.0,-2098.4
2025-10-10 20:00:00+00:00,138.4,5064.88,0.0,-1949.2
2025-10-10 21:00:00+00:00,109.01,4964.33,0.0,-1817.1
2025-10-10 22:00:00+00:00,97.59,4566.48,0.0,-1616.4
2025-10-10 23:00:00+00:00,89.54,4221.23,0.0,-1246.9
2025-10-11 00:00:00+00:00,88.24,4061.55,0.0,-1437.0
2025-10-11 01:00:00+00:00,85.19,4014.3,0.0,-1426.0
2025-10-11 02:00:00+00:00,83.55,4055.15,0.0,-1618.3
2025-10-11 03:00:00+00:00,85.43,4167.68,0.0,-1772.0
2025-10-11 04:00:00+00:00,90.27,4425.08,1.78,-1668.5
2025-10-11 05:00:00+00:00,96.75,4595.68,175.0,-1644.0
2025-10-11 06:00:00+00:00,100.51,4550.15,695.45,-317.2
2025-10-11 07:00:00+00:00,95.74,4335.95,1275.23,575.2
2025-10-11 08:00:00+00:00,86.82,4147.98,1818.68,1502.2
2025-10-11 09:00:00+00:00,72.67,3948.5,2138.53,1944.0
2025-10-11 10:00:00+00:00,59.08,3740.55,1958.98,1441.2
2025-10-11 11:00:00+00:00,43.02,3570.0,1747.23,1274.7
2025-10-11 12:00:00+00:00,46.8,3626.9,1789.25,778.0
2025-10-11 13:00:00+00:00,78.45,3932.68,1267.4,-114.7
2025-10-11 14:00:00+00:00,90.96,4440.93,727.2,-1035.9
2025-10-11 15:00:00+00:00,118.97,4901.15,167.7,-2093.5
2025-10-11 16:00:00+00:00,145.63,5237.68,2.05,-2738.7
2025-10-11 17:00:00+00:00,135.21,5323.15,0.0,-2784.9
2025-10-11 18:00:00+00:00,122.54,5153.23,0.0,-2488.5
2025-10-11 19:00:00+00:00,114.24,4863.25,0.0,-2092.5
2025-10-11 20:00:00+00:00,108.24,4582.05,0.0,-1768.3
2025-10-11 21:00:00+00:00,95.22,4417.58,0.0,-1533.7
2025-10-11 22:00:00+00:00,96.5,4152.23,0.0,-1351.5
2025-10-11 23:00:00+00:00,93.82,3893.43,0.0,-1137.5
2025-10-12 00:00:00+00:00,90.43,3738.08,0.0,-1153.6
2025-10-12 01:00:00+00:00,87.52,3694.68,0.0,-1222.5
2025-10-12 02:00:00+00:00,88.56,3744.58,0.0,-1300.2
2025-10-12 03:00:00+00:00,89.45,3823.85,0.0,-1331.0
2025-10-12 04:00:00+00:00,89.49,4076.95,2.0,-1525.1
2025-10-12 05:00:00+00:00,89.9,4307.45,265.73,-1577.0
2025-10-12 06:00:00+00:00,88.96,4504.2,927.53,-636.5
2025-10-12 07:00:00+00:00,85.94,4716.83,1734.23,54.0
2025-10-12 08:00:00+00:00,81.97,4810.3,2497.85,637.3
2025-10-12 09:00:00+00:00,76.14,4708.55,2919.45,1143.4
2025-10-12 10:00:00+00:00,44.24,4506.55,2791.4,879.6
2025-10-12 11:00:00+00:00,51.18,4388.15,2337.55,528.0
2025-10-12 12:00:00+00:00,67.97,4391.98,2061.2,299.6
2025-10-12 13:00:00+00:00,88.04,4493.9,1576.18,-39.8
2025-10-12 14:00:00+00:00,96.49,4752.95,841.4,-945.4
2025-10-12 15:00:00+00:00,144.87,4987.25,190.98,-1918.2
2025-10-12 16:00:00+00:00,186.18,5301.7,1.6,-2613.0
2025-10-12 17:00:00+00:00,193.53,5394.33,0.0,-2522.4
2025-10-12 18:00:00+00:00,181.82,5181.48,0.0,-2253.6
2025-10-12 19:00:00+00:00,130.85,4861.9,0.0,-2002.6
2025-10-12 20:00:00+00:00,109.78,4525.05,0.0,-1646.0
2025-10-12 21:00:00+00:00,94.52,4336.63,0.0,-1429.5
2025-10-12 22:00:00+00:00,96.02,4220.85,0.0,-828.3
2025-10-12 23:00:00+00:00,92.45,3988.05,0.0,-595.8
2025-10-13 00:00:00+00:00,93.41,3861.78,0.0,-420.9
2025-10-13 01:00:00+00:00,94.19,3870.98,0.0,-469.8
2025-10-13 02:00:00+00:00,99.38,4023.6,0.0,-606.0
2025-10-13 03:00:00+00:00,107.01,4433.2,0.0,-1110.3
2025-10-13 04:00:00+00:00,190.51,5266.15,1.43,-2106.8
2025-10-13 05:00:00+00:00,266.62,5478.2,222.1,-2495.1
2025-10-13 06:00:00+00:00,194.76,5256.8,555.38,-1337.7
2025-10-13 07:00:00+00:00,146.76,5111.85,1019.88,-236.0
2025-10-13 08:00:00+00:00,127.9,5091.18,1319.75,355.2
2025-10-13 09:00:00+00:00,113.49,5155.3,1275.48,646.7
2025-10-13 10:00:00+00:00,96.59,5187.6,1694.98,394.9
2025-10-13 11:00:00+00:00,92.49,5153.0,1638.68,177.4
2025-10-13 12:00:00+00:00,96.15,5260.03,1203.43,-189.7
2025-10-13 13:00:00+00:00,107.67,5397.05,972.83,-773.5
2025-10-13 14:00:00+00:00,218.45,5592.75,541.28,-1879.5
2025-10-13 15:00:00+00:00,284.54,5784.7,142.35,-2655.0
2025-10-13 16:00:00+00:00,389.03,6004.4,1.3,-2979.2
2025-10-13 17:00:00+00:00,394.32,5995.68,0.0,-3017.8
2025-10-13 18:00:00+00:00,336.14,5741.35,0.0,-2729.8
2025-10-13 19:00:00+00:00,233.39,5430.93,0.0,-2126.5
2025-10-13 20:00:00+00:00,139.37,5149.28,0.0,-1744.9
2025-10-13 21:00:00+00:00,120.99,5035.88,0.0,-1419.9
2025-10-13 22:00:00+00:00,110.41,4698.25,0.0,-1043.0
2025-10-13 23:00:00+00:00,104.75,4404.1,0.0,-786.0
2025-10-14 00:00:00+00:00,101.13,4240.33,0.0,-628.1
2025-10-14 01:00:00+00:00,101.49,4237.68,0.0,-681.8
2025-10-14 02:00:00+00:00,103.22,4373.2,0.0,-822.0
2025-10-14 03:00:00+00:00,114.59,4732.88,0.0,-1283.2
2025-10-14 04:00:00+00:00,211.7,5464.75,0.55,-2331.0
2025-10-14 05:00:00+00:00,296.19,5672.5,176.38,-2724.6
2025-10-14 06:00:00+00:00,195.22,5460.33,827.18,-1459.0
2025-10-14 07:00:00+00:00,157.7,5292.73,1397.35,-187.2
2025-10-14 08:00:00+00:00,131.78,5269.93,1832.85,191.8
2025-10-14 09:00:00+00:00,123.09,5236.15,2012.43,490.7
2025-10-14 10:00:00+00:00,111.27,5058.83,2045.25,558.2
2025-10-14 11:00:00+00:00,108.97,5214.8,2117.63,530.2
2025-10-14 12:00:00+00:00,119.3,5390.6,1780.38,102.0
2025-10-14 13:00:00+00:00,135.35,5524.75,1240.68,-576.5
2025-10-14 14:00:00+00:00,240.56,5724.48,657.15,-1935.9
2025-10-14 15:00:00+00:00,305.54,5884.08,130.45,-2938.5
2025-10-14 16:00:00+00:00,474.76,6059.9,0.38,-2757.3
2025-10-14 17:00:00+00:00,491.15,6079.65,0.0,-2982.9
2025-10-14 18:00:00+00:00,300.01,5829.25,0.0,-2688.5
2025-10-14 19:00:00+00:00,253.25,5500.63,0.0,-2094.7
2025-10-14 20:00:00+00:00,154.95,5213.98,0.0,-1695.2
2025-10-14 21:00:00+00:00,128.66,5083.75,0.0,-1346.5
2025-10-14 22:00:00+00:00,121.26,4692.45,0.0,-917.2
2025-10-14 23:00:00+00:00,116.01,4367.98,0.0,-654.2
2025-10-15 00:00:00+00:00,110.86,4214.85,0.0,-560.3
2025-10-15 01:00:00+00:00,107.4,4219.45,0.0,-549.8
2025-10-15 02:00:00+00:00,110.81,4361.58,0.0,-707.6
2025-10-15 03:00:00+00:00,134.86,4775.18,0.0,-1033.3
2025-10-15 04:00:00+00:00,205.63,5575.25,0.58,-2271.5
2025-10-15 05:00:00+00:00,328.05,5736.4,125.03,-2368.2
2025-10-15 06:00:00+00:00,275.23,5577.45,659.33,-1264.3
2025-10-15 07:00:00+00:00,178.75,5356.35,1241.68,-732.6
2025-10-15 08:00:00+00:00,139.13,5163.03,1801.0,66.9
2025-10-15 09:00:00+00:00,130.32,5005.98,1752.08,468.3
2025-10-15 10:00:00+00:00,124.14,4722.83,1762.23,717.7
2025-10-15 11:00:00+00:00,118.17,5006.03,1866.05,424.7
2025-10-15 12:00:00+00:00,122.73,5206.25,1594.08,-134.8
2025-10-15 13:00:00+00:00,131.79,5385.33,1275.75,-653.7
2025-10-15 14:00:00+00:00,251.4,5614.13,714.13,-1747.4
2025-10-15 15:00:00+00:00,285.03,5851.78,164.8,-2003.5
2025-10-15 16:00:00+00:00,359.78,6163.63,0.0,-2170.3
2025-10-15 17:00:00+00:00,320.83,6145.03,0.0,-2350.0
2025-10-15 18:00:00+00:00,288.01,5880.38,0.0,-2367.5
2025-10-15 19:00:00+00:00,245.77,5554.23,0.0,-2105.7
2025-10-15 20:00:00+00:00,131.03,5289.05,0.0,-1722.5
2025-10-15 21:00:00+00:00,108.53,5165.88,0.0,-1614.3
2025-10-15 22:00:00+00:00,109.91,4830.1,0.0,-1194.2
2025-10-15 23:00:00+00:00,103.67,4518.55,0.0,-912.4
2025-10-16 00:00:00+00:00,95.79,4343.78,0.0,-810.3
2025-10-16 01:00:00+00:00,96.25,4343.2,0.0,-831.2
2025-10-16 02:00:00+00:00,98.23,4474.7,0.0,-987.9
2025-10-16 03:00:00+00:00,115.05,4875.7,0.0,-1377.7
2025-10-16 04:00:00+00:00,171.42,5593.93,1.05,-2499.8
2025-10-16 05:00:00+00:00,145.31,5813.45,188.68,-2705.9
2025-10-16 06:00:00+00:00,139.86,5583.73,769.43,-1465.6
2025-10-16 07:00:00+00:00,120.48,5293.68,1518.05,-724.8
2025-10-16 08:00:00+00:00,95.02,5035.38,2228.55,298.2
2025-10-16 09:00:00+00:00,90.5,4827.63,2287.7,733.1
2025-10-16 10:00:00+00:00,87.08,4800.63,2277.18,783.6
2025-10-16 11:00:00+00:00,88.17,4642.4,1910.55,467.0
2025-10-16 12:00:00+00:00,89.32,4712.98,2235.18,206.8
2025-10-16 13:00:00+00:00,97.25,5088.28,1565.9,-444.2
2025-10-16 14:00:00+00:00,128.27,5520.1,876.9,-2228.6
2025-10-16 15:00:00+00:00,214.07,5821.9,167.18,-2705.9
2025-10-16 16:00:00+00:00,203.92,6138.28,0.0,-2705.9
2025-10-16 17:00:00+00:00,187.86,6129.25,0.0,-2705.9
2025-10-16 18:00:00+00:00,185.4,5860.03,0.0,-2705.9
2025-10-16 19:00:00+00:00,138.55,5528.43,0.0,-2705.9
2025-10-16 20:00:00+00:00,127.1,5285.45,0.0,-1817.2
2025-10-16 21:00:00+00:00,106.27,5169.7,0.0,-1613.3
2025-10-16 22:00:00+00:00,100.21,4844.9,0.0,-1212.5
2025-10-16 23:00:00+00:00,92.26,4503.3,0.0,-904.6
2025-10-17 00:00:00+00:00,91.89,4341.53,0.0,-768.6
2025-10-17 01:00:00+00:00,91.45,4320.45,0.0,-774.5
2025-10-17 02:00:00+00:00,93.55,4433.73,0.0,-900.0
2025-10-17 03:00:00+00:00,104.74,4835.7,0.0,-1381.3
2025-10-17 04:00:00+00:00,125.0,5567.65,0.0,-2520.6
2025-10-17 05:00:00+00:00,149.49,5805.25,230.63,-2579.7
2025-10-17 06:00:00+00:00,145.11,5630.1,905.83,-1248.6
2025-10-17 07:00:00+00:00,129.02,5348.68,1705.75,-191.2
2025-10-17 08:00:00+00:00,119.03,5034.4,2379.73,622.9
2025-10-17 09:00:00+00:00,100.46,4731.7,2535.23,1045.9
2025-10-17 10:00:00+00:00,91.83,4672.63,2198.83,1238.9
2025-10-17 11:00:00+00:00,92.45,4666.98,2202.55,1046.6
2025-10-17 12:00:00+00:00,96.28,4826.9,2423.38,510.3
2025-10-17 13:00:00+00:00,104.5,5139.13,1675.15,-283.4
2025-10-17 14:00:00+00:00,165.82,5478.0,838.33,-2122.0
2025-10-17 15:00:00+00:00,167.96,5764.53,137.55,-2690.4
2025-10-17 16:00:00+00:00,196.52,6030.5,0.0,-2690.4
2025-10-17 17:00:00+00:00,178.08,5982.9,0.0,-2690.4
2025-10-17 18:00:00+00:00,163.76,5736.8,0.0,-2690.4
2025-10-17 19:00:00+00:00,151.63,5388.98,0.0,-2677.9
2025-10-17 20:00:00+00:00,137.41,5169.35,0.0,-1839.1
2025-10-17 21:00:00+00:00,108.57,5060.75,0.0,-1581.6
2025-10-17 22:00:00+00:00,108.15,4671.63,0.0,-1829.3
2025-10-17 23:00:00+00:00,100.49,4370.35,0.0,-1543.2
2025-10-18 00:00:00+00:00,95.53,4164.85,0.0,-1361.6
2025-10-18 01:00:00+00:00,91.86,4099.13,0.0,-1352.1
2025-10-18 02:00:00+00:00,91.34,4136.08,0.0,-1359.3
2025-10-18 03:00:00+00:00,104.53,4248.13,0.0,-1462.1
2025-10-18 04:00:00+00:00,155.26,4546.33,0.0,-1634.7
2025-10-18 05:00:00+00:00,175.4,4801.9,193.05,-1670.0
2025-10-18 06:00:00+00:00,146.79,4802.88,601.2,-1058.7
2025-10-18 07:00:00+00:00,105.34,4737.25,1192.13,-178.5
2025-10-18 08:00:00+00:00,95.24,4698.83,1688.5,472.3
2025-10-18 09:00:00+00:00,87.55,4662.33,2004.13,739.9
2025-10-18 10:00:00+00:00,80.16,4473.58,1797.7,1293.3
2025-10-18 11:00:00+00:00,77.83,4266.18,1936.58,1204.2
2025-10-18 12:00:00+00:00,82.05,4261.1,1500.03,901.1
2025-10-18 13:00:00+00:00,91.0,4517.68,1219.05,136.6
2025-10-18 14:00:00+00:00,151.04,4938.7,719.28,-943.7
2025-10-18 15:00:00+00:00,171.09,5237.68,147.63,-2077.1
2025-10-18 16:00:00+00:00,195.62,5519.5,0.0,-2608.2
2025-10-18 17:00:00+00:00,195.76,5502.23,0.0,-2653.3
2025-10-18 18:00:00+00:00,173.49,5335.45,0.0,-2399.3
2025-10-18 19:00:00+00:00,127.43,5060.88,0.0,-1905.2
2025-10-18 20:00:00+00:00,109.16,4778.08,0.0,-1600.9
2025-10-18 21:00:00+00:00,95.04,4600.18,0.0,-1451.8
2025-10-18 22:00:00+00:00,92.92,4274.38,0.0,-1194.0
2025-10-18 23:00:00+00:00,89.96,4027.63,0.0,-1069.8
2025-10-19 00:00:00+00:00,87.33,3876.45,0.0,-931.0
2025-10-19 01:00:00+00:00,87.26,3840.38,0.0,-959.8
2025-10-19 02:00:00+00:00,88.52,3884.93,0.0,-1013.2
2025-10-19 03:00:00+00:00,90.21,3990.9,0.0,-1125.7
2025-10-19 04:00:00+00:00,98.38,4234.75,0.0,-1417.6
2025-10-19 05:00:00+00:00,105.36,4445.7,265.28,-1458.5
2025-10-19 06:00:00+00:00,96.98,4597.38,1081.25,-705.0
2025-10-19 07:00:00+00:00,82.92,4633.95,2038.7,131.4
2025-10-19 08:00:00+00:00,74.39,4651.48,2845.18,710.6
2025-10-19 09:00:00+00:00,64.0,4637.38,3210.68,1337.8
2025-10-19 10:00:00+00:00,35.17,4496.28,2819.13,1568.0
2025-10-19 11:00:00+00:00,20.94,4337.25,2821.48,1636.8
2025-10-19 12:00:00+00:00,38.02,4293.7,2829.6,1201.4
2025-10-19 13:00:00+00:00,72.3,4444.23,1952.98,355.6
2025-10-19 14:00:00+00:00,107.72,4844.53,923.4,-956.4
2025-10-19 15:00:00+00:00,148.34,5235.85,159.58,-2184.9
2025-10-19 16:00:00+00:00,180.85,5568.73,0.0,-2600.0
2025-10-19 17:00:00+00:00,201.7,5570.45,0.0,-2600.0
2025-10-19 18:00:00+00:00,183.46,5355.53,0.0,-2338.7
2025-10-19 19:00:00+00:00,138.42,5052.55,0.0,-1807.8
2025-10-19 20:00:00+00:00,128.99,4738.05,0.0,-1523.7
2025-10-19 21:00:00+00:00,101.19,4536.95,0.0,-1402.5
2025-10-19 22:00:00+00:00,88.94,4366.15,0.0,-901.2
2025-10-19 23:00:00+00:00,81.47,4141.03,0.0,-671.3
2025-10-20 00:00:00+00:00,79.87,4033.8,0.0,-609.0
2025-10-20 01:00:00+00:00,79.8,4030.68,0.0,-618.6
2025-10-20 02:00:00+00:00,87.51,4190.7,0.0,-719.1
2025-10-20 03:00:00+00:00,123.93,4674.03,0.0,-1165.2
2025-10-20 04:00:00+00:00,228.87,5567.8,0.0,-2345.7
2025-10-20 05:00:00+00:00,297.17,5850.1,205.45,-2413.5
2025-10-20 06:00:00+00:00,146.62,5677.73,899.9,-1502.6
2025-10-20 07:00:00+00:00,111.3,5458.58,1784.03,-409.0
2025-10-20 08:00:00+00:00,89.51,5301.53,2532.08,248.0
2025-10-20 09:00:00+00:00,81.93,5156.05,2892.75,462.9
2025-10-20 10:00:00+00:00,81.46,5100.0,2654.43,837.8
2025-10-20 11:00:00+00:00,86.23,4987.98,2698.78,950.0
2025-10-20 12:00:00+00:00,88.25,5075.98,2417.3,675.1
2025-10-20 13:00:00+00:00,106.78,5388.65,1595.15,-325.0
2025-10-20 14:00:00+00:00,186.43,5733.9,701.55,-1875.5
2025-10-20 15:00:00+00:00,282.86,5988.7,99.18,-2640.7
2025-10-20 16:00:00+00:00,374.65,6250.1,0.0,-2640.7
2025-10-20 17:00:00+00:00,347.19,6220.5,0.0,-2640.7
2025-10-20 18:00:00+00:00,298.08,5930.7,0.0,-2640.7
2025-10-20 19:00:00+00:00,228.83,5564.48,0.0,-2497.3
2025-10-20 20:00:00+00:00,161.02,5285.78,0.0,-1649.1
2025-10-20 21:00:00+00:00,129.17,5175.5,0.0,-1438.6
2025-10-20 22:00:00+00:00,120.04,4798.08,0.0,-1106.6
2025-10-20 23:00:00+00:00,93.5,4479.73,0.0,-948.5
2025-10-21 00:00:00+00:00,89.99,4318.28,0.0,-815.9
2025-10-21 01:00:00+00:00,88.31,4299.73,0.0,-789.4
2025-10-21 02:00:00+00:00,92.45,4436.25,0.0,-849.2
2025-10-21 03:00:00+00:00,130.43,4876.7,0.0,-1232.7
2025-10-21 04:00:00+00:00,244.9,5741.25,0.0,-2496.3
2025-10-21 05:00:00+00:00,266.27,5950.7,43.38,-2627.4
2025-10-21 06:00:00+00:00,219.76,5707.43,314.25,-2351.6
2025-10-21 07:00:00+00:00,158.8,5507.63,646.93,-1722.4
2025-10-21 08:00:00+00:00,133.11,5383.68,940.25,-1470.9
2025-10-21 09:00:00+00:00,117.41,5195.55,927.65,-1510.8
2025-10-21 10:00:00+00:00,107.27,4899.2,800.78,-1198.0
2025-10-21 11:00:00+00:00,96.72,5021.58,886.08,-986.5
2025-10-21 12:00:00+00:00,105.99,5178.75,940.65,-789.4
2025-10-21 13:00:00+00:00,138.72,5486.48,686.68,-1068.9
2025-10-21 14:00:00+00:00,189.01,5822.75,315.98,-2536.6
2025-10-21 15:00:00+00:00,233.55,6086.98,45.58,-2657.3
2025-10-21 16:00:00+00:00,253.84,6355.15,0.0,-2662.3
2025-10-21 17:00:00+00:00,220.01,6253.68,0.0,-2627.4
2025-10-21 18:00:00+00:00,175.16,5970.43,0.0,-2627.4
2025-10-21 19:00:00+00:00,149.75,5597.88,0.0,-2627.4
2025-10-21 20:00:00+00:00,128.99,5319.25,0.0,-1769.7
2025-10-21 21:00:00+00:00,99.89,5195.38,0.0,-1643.0
2025-10-21 22:00:00+00:00,96.11,4875.58,0.0,-1281.7
2025-10-21 23:00:00+00:00,95.69,4526.38,0.0,-1099.7
2025-10-22 00:00:00+00:00,96.57,4340.75,0.0,-983.4
2025-10-22 01:00:00+00:00,95.41,4346.4,0.0,-995.1
2025-10-22 02:00:00+00:00,95.06,4483.5,0.0,-1006.9
2025-10-22 03:00:00+00:00,108.28,4904.53,0.0,-1272.8
2025-10-22 04:00:00+00:00,161.91,5710.13,0.0,-2427.5
2025-10-22 05:00:00+00:00,183.27,5974.68,110.7,-2483.9
2025-10-22 06:00:00+00:00,143.77,5657.73,404.88,-1952.2
2025-10-22 07:00:00+00:00,127.09,5311.63,905.08,-1014.3
2025-10-22 08:00:00+00:00,108.6,5050.08,1439.9,-5.7
2025-10-22 09:00:00+00:00,96.16,5084.55,1488.78,595.6
2025-10-22 10:00:00+00:00,93.34,5518.53,1386.3,936.7
2025-10-22 11:00:00+00:00,91.97,4758.73,2065.73,1038.7
2025-10-22 12:00:00+00:00,103.4,4819.33,1535.23,726.0
2025-10-22 13:00:00+00:00,119.62,5227.53,1165.03,3.9
2025-10-22 14:00:00+00:00,158.15,5489.45,544.13,-1691.1
2025-10-22 15:00:00+00:00,201.29,5756.68,95.53,-2619.6
2025-10-22 16:00:00+00:00,285.65,6122.65,0.0,-2657.1
2025-10-22 17:00:00+00:00,271.55,6047.7,0.0,-2704.5
2025-10-22 18:00:00+00:00,185.14,5790.1,0.0,-2619.6
2025-10-22 19:00:00+00:00,140.4,5461.58,0.0,-2619.6
2025-10-22 20:00:00+00:00,129.12,5195.33,0.0,-1442.7
2025-10-22 21:00:00+00:00,114.63,5040.35,0.0,-1332.6
2025-10-22 22:00:00+00:00,108.08,4679.8,0.0,-725.2
2025-10-22 23:00:00+00:00,106.83,4336.7,0.0,-535.1
2025-10-23 00:00:00+00:00,100.31,4151.9,0.0,-470.0
2025-10-23 01:00:00+00:00,93.29,4079.28,0.0,-526.0
2025-10-23 02:00:00+00:00,92.03,4071.75,0.0,-554.3
2025-10-23 03:00:00+00:00,120.7,4073.65,0.0,-474.9
2025-10-23 04:00:00+00:00,139.03,4133.4,0.0,-1398.2
2025-10-23 05:00:00+00:00,146.98,4351.9,117.58,-1591.1
2025-10-23 06:00:00+00:00,137.21,4527.68,620.03,-190.0
2025-10-23 07:00:00+00:00,123.37,4524.1,1263.7,688.3
2025-10-23 08:00:00+00:00,90.37,4508.4,1909.58,1024.9
2025-10-23 09:00:00+00:00,80.0,4290.45,1727.45,913.8
2025-10-23 10:00:00+00:00,70.98,3691.83,1001.5,1085.1
2025-10-23 11:00:00+00:00,69.38,3842.73,1857.48,1175.3
2025-10-23 12:00:00+00:00,85.66,4054.3,1792.45,943.1
2025-10-23 13:00:00+00:00,104.9,4275.7,1250.1,799.3
2025-10-23 14:00:00+00:00,140.82,4533.03,537.5,-689.8
2025-10-23 15:00:00+00:00,136.46,4743.3,57.35,-1905.5
2025-10-23 16:00:00+00:00,145.79,5059.63,0.0,-2598.8
2025-10-23 17:00:00+00:00,137.33,5103.83,0.0,-2526.1
2025-10-23 18:00:00+00:00,139.64,4958.13,0.0,-2250.1
2025-10-23 19:00:00+00:00,141.37,4656.95,0.0,-1586.5
2025-10-23 20:00:00+00:00,100.0,4419.55,0.0,-1035.2
2025-10-23 21:00:00+00:00,80.92,4292.98,0.0,-1020.6
2025-10-23 22:00:00+00:00,63.36,4089.33,0.0,-792.2
2025-10-23 23:00:00+00:00,50.94,3833.85,0.0,-678.3
2025-10-24 00:00:00+00:00,42.45,3764.43,0.0,-585.1
2025-10-24 01:00:00+00:00,48.37,3777.63,0.0,-667.6
2025-10-24 02:00:00+00:00,56.72,4093.1,0.0,-921.9
2025-10-24 03:00:00+00:00,75.6,4197.35,0.0,-923.8
2025-10-24 04:00:00+00:00,110.12,4480.9,0.0,-1574.3
2025-10-24 05:00:00+00:00,143.42,4698.68,36.78,-1765.9
2025-10-24 06:00:00+00:00,151.78,4754.23,454.0,-789.7
2025-10-24 07:00:00+00:00,138.24,4646.15,1164.55,21.4
2025-10-24 08:00:00+00:00,108.57,4482.45,2042.5,349.1
2025-10-24 09:00:00+00:00,103.01,4300.65,2274.25,1009.7
2025-10-24 10:00:00+00:00,89.06,4405.5,1602.0,1292.4
2025-10-24 11:00:00+00:00,69.18,3863.48,2083.03,1184.8
2025-10-24 12:00:00+00:00,73.71,3798.43,2058.13,1033.4
2025-10-24 13:00:00+00:00,92.08,4094.95,1284.0,588.8
2025-10-24 14:00:00+00:00,103.57,4676.48,530.98,-977.6
2025-10-24 15:00:00+00:00,122.06,4997.2,51.6,-1996.5
2025-10-24 16:00:00+00:00,139.8,5282.03,0.0,-2593.8
2025-10-24 17:00:00+00:00,148.97,5221.53,0.0,-2593.8
2025-10-24 18:00:00+00:00,123.13,5004.33,0.0,-2315.8
2025-10-24 19:00:00+00:00,112.15,4763.33,0.0,-1794.7
2025-10-24 20:00:00+00:00,113.09,4593.08,0.0,-1126.5
2025-10-24 21:00:00+00:00,93.18,4461.15,0.0,-994.9
2025-10-24 22:00:00+00:00,82.75,4801.95,0.0,-1537.3
2025-10-24 23:00:00+00:00,77.35,4414.35,0.0,-1277.8
2025-10-25 00:00:00+00:00,75.35,4214.2,0.0,-1142.6
2025-10-25 01:00:00+00:00,79.87,4173.9,0.0,-1078.4
2025-10-25 02:00:00+00:00,83.76,4240.73,0.0,-1121.0
2025-10-25 03:00:00+00:00,95.64,4448.45,0.0,-1290.8
2025-10-25 04:00:00+00:00,119.8,4885.65,0.0,-1788.1
2025-10-25 05:00:00+00:00,128.35,5165.38,146.1,-2013.2
2025-10-25 06:00:00+00:00,103.02,5274.45,711.63,-1252.0
2025-10-25 07:00:00+00:00,71.58,5278.93,1517.98,-364.0
2025-10-25 08:00:00+00:00,64.23,5177.6,2239.5,521.8
2025-10-25 09:00:00+00:00,42.15,5053.3,2532.68,1130.1
2025-10-25 10:00:00+00:00,17.27,4937.28,2155.15,1189.2
2025-10-25 11:00:00+00:00,22.42,4651.58,2235.3,1336.5
2025-10-25 12:00:00+00:00,32.93,4599.13,2199.6,1080.5
2025-10-25 13:00:00+00:00,74.93,4794.33,1416.55,115.0
2025-10-25 14:00:00+00:00,109.68,5156.73,599.3,-1396.9
2025-10-25 15:00:00+00:00,154.66,5438.25,76.35,-2277.6
2025-10-25 16:00:00+00:00,219.02,5668.08,0.0,-2574.0
2025-10-25 17:00:00+00:00,197.84,5574.85,0.0,-2574.0
2025-10-25 18:00:00+00:00,158.95,5373.15,0.0,-2274.5
2025-10-25 19:00:00+00:00,151.69,5108.3,0.0,-1762.7
2025-10-25 20:00:00+00:00,118.2,4897.83,0.0,-1524.5
2025-10-25 21:00:00+00:00,104.06,4793.4,0.0,-1517.7
2025-10-25 22:00:00+00:00,97.53,4504.38,0.0,-1349.2
2025-10-25 23:00:00+00:00,74.64,4221.0,0.0,-1199.6
2025-10-26 00:00:00+00:00,63.12,4018.38,0.0,-1052.8
2025-10-26 01:00:00+00:00,62.05,4020.68,0.0,-1029.1
2025-10-26 02:00:00+00:00,56.94,3981.58,0.0,-1005.8
2025-10-26 03:00:00+00:00,63.13,4006.23,0.0,-997.8
2025-10-26 04:00:00+00:00,64.89,4119.88,0.0,-1009.4
2025-10-26 05:00:00+00:00,64.61,4349.0,117.53,-1156.7
2025-10-26 06:00:00+00:00,64.81,4556.98,730.95,-886.8
2025-10-26 07:00:00+00:00,53.24,4542.03,1338.05,-236.5
2025-10-26 08:00:00+00:00,46.36,4395.03,1766.98,227.3
2025-10-26 09:00:00+00:00,21.92,4310.43,1389.23,456.2
2025-10-26 10:00:00+00:00,12.42,4150.03,1291.3,545.3
2025-10-26 11:00:00+00:00,9.23,3947.5,1116.8,487.6
2025-10-26 12:00:00+00:00,15.42,3871.95,722.2,354.9
2025-10-26 13:00:00+00:00,76.5,4005.75,390.8,-195.8
2025-10-26 14:00:00+00:00,122.04,4323.9,142.35,-674.4
2025-10-26 15:00:00+00:00,143.82,4862.93,17.93,-1611.1
2025-10-26 16:00:00+00:00,149.66,5352.75,0.0,-2059.6
2025-10-26 17:00:00+00:00,139.6,5683.13,0.0,-2529.2
2025-10-26 18:00:00+00:00,124.83,5652.08,0.0,-2551.4
2025-10-26 19:00:00+00:00,118.21,5458.2,0.0,-2116.3
2025-10-26 20:00:00+00:00,97.4,5130.88,0.0,-1683.0
2025-10-26 21:00:00+00:00,67.87,4828.78,0.0,-1364.6
2025-10-26 22:00:00+00:00,39.15,4682.28,0.0,-1174.7
2025-10-26 23:00:00+00:00,63.36,4243.88,0.0,-843.6
2025-10-27 00:00:00+00:00,35.01,3959.15,0.0,-830.5
2025-10-27 01:00:00+00:00,33.07,3871.68,0.0,-696.3
2025-10-27 02:00:00+00:00,37.66,3853.43,0.0,-666.4
2025-10-27 03:00:00+00:00,51.44,3794.25,0.0,-470.0
2025-10-27 04:00:00+00:00,104.39,4310.33,0.0,-966.0
2025-10-27 05:00:00+00:00,117.92,5167.45,121.5,-2226.0
2025-10-27 06:00:00+00:00,117.4,5549.28,699.58,-2298.5
2025-10-27 07:00:00+00:00,112.54,5605.73,1523.33,-1005.7
2025-10-27 08:00:00+00:00,108.2,5545.38,2326.23,121.7
2025-10-27 09:00:00+00:00,100.94,5414.88,2388.15,494.5
2025-10-27 10:00:00+00:00,100.47,5187.2,2212.05,537.0
2025-10-27 11:00:00+00:00,95.67,4982.43,2004.03,406.7
2025-10-27 12:00:00+00:00,104.6,4824.18,1775.83,-418.6
2025-10-27 13:00:00+00:00,117.53,5034.05,978.28,-690.0
2025-10-27 14:00:00+00:00,132.39,5362.48,410.98,-1164.9
2025-10-27 15:00:00+00:00,207.47,5733.7,32.43,-2245.6
2025-10-27 16:00:00+00:00,229.69,5955.35,0.0,-2566.6
2025-10-27 17:00:00+00:00,185.64,6047.95,0.0,-2566.6
2025-10-27 18:00:00+00:00,192.56,6024.85,0.0,-2566.6
2025-10-27 19:00:00+00:00,178.48,5817.15,0.0,-2566.6
2025-10-27 20:00:00+00:00,134.76,5544.48,0.0,-2566.6
2025-10-27 21:00:00+00:00,109.39,5220.38,0.0,-1902.8
2025-10-27 22:00:00+00:00,101.74,5061.53,0.0,-1780.8
2025-10-27 23:00:00+00:00,100.45,4708.13,0.0,-1479.7
2025-10-28 00:00:00+00:00,88.99,4346.2,0.0,-1327.3
2025-10-28 01:00:00+00:00,86.99,4201.55,0.0,-1112.9
2025-10-28 02:00:00+00:00,86.61,4165.9,0.0,-1081.6
2025-10-28 03:00:00+00:00,88.68,4138.4,0.0,-892.7
2025-10-28 04:00:00+00:00,117.53,4716.15,0.0,-1361.8
2025-10-28 05:00:00+00:00,136.18,5311.03,122.4,-2557.9
2025-10-28 06:00:00+00:00,114.01,5662.58,893.33,-2557.9
2025-10-28 07:00:00+00:00,90.91,5684.9,1877.25,-1351.1
2025-10-28 08:00:00+00:00,86.41,5609.5,2594.2,-320.8
2025-10-28 09:00:00+00:00,83.39,5377.4,2505.7,-371.7
2025-10-28 10:00:00+00:00,78.37,4982.35,1833.68,-296.8
2025-10-28 11:00:00+00:00,76.98,5010.23,1695.35,-271.2
2025-10-28 12:00:00+00:00,87.45,4886.08,1516.98,-350.8
2025-10-28 13:00:00+00:00,103.47,5091.4,989.98,-690.0
2025-10-28 14:00:00+00:00,148.5,5411.45,360.8,-1124.7
2025-10-28 15:00:00+00:00,177.33,5842.98,33.88,-2557.9
2025-10-28 16:00:00+00:00,200.02,6143.93,0.0,-2557.9
2025-10-28 17:00:00+00:00,214.35,6124.98,0.0,-2557.9
2025-10-28 18:00:00+00:00,195.66,6062.93,0.0,-2616.0
2025-10-28 19:00:00+00:00,152.04,5852.55,0.0,-2557.9
2025-10-28 20:00:00+00:00,126.69,5568.08,0.0,-2557.9
2025-10-28 21:00:00+00:00,111.53,5260.23,0.0,-1976.3
2025-10-28 22:00:00+00:00,107.27,5093.2,0.0,-1796.0
2025-10-28 23:00:00+00:00,81.25,4634.95,0.0,-1164.3
2025-10-29 00:00:00+00:00,77.12,4319.65,0.0,-795.2
2025-10-29 01:00:00+00:00,75.69,4252.1,0.0,-963.8
2025-10-29 02:00:00+00:00,76.32,4253.88,0.0,-1005.5
2025-10-29 03:00:00+00:00,77.82,4338.38,0.0,-1030.8
2025-10-29 04:00:00+00:00,96.59,4845.88,0.0,-1729.4
2025-10-29 05:00:00+00:00,117.95,5334.7,100.7,-1869.3
2025-10-29 06:00:00+00:00,111.16,5514.05,692.3,-963.9
2025-10-29 07:00:00+00:00,100.23,5313.9,1505.08,81.0
2025-10-29 08:00:00+00:00,87.12,5208.0,2359.6,815.4
2025-10-29 09:00:00+00:00,76.48,5023.28,2702.45,1501.8
2025-10-29 10:00:00+00:00,75.08,5028.28,2364.33,1674.9
2025-10-29 11:00:00+00:00,73.49,5032.25,2500.55,1303.0
2025-10-29 12:00:00+00:00,77.4,5116.45,2249.55,580.3
2025-10-29 13:00:00+00:00,89.04,5432.73,1308.28,-494.7
2025-10-29 14:00:00+00:00,121.7,5733.25,576.98,-1723.1
2025-10-29 15:00:00+00:00,150.12,5990.43,56.45,-2555.8
2025-10-29 16:00:00+00:00,160.26,6092.0,0.0,-2846.7
2025-10-29 17:00:00+00:00,140.29,6083.48,0.0,-2720.8
2025-10-29 18:00:00+00:00,135.43,6006.43,0.0,-2732.0
2025-10-29 19:00:00+00:00,122.56,5827.95,0.0,-2552.6
2025-10-29 20:00:00+00:00,100.93,5619.5,0.0,-2119.3
2025-10-29 21:00:00+00:00,97.59,5330.23,0.0,-1710.1
2025-10-29 22:00:00+00:00,88.19,5098.35,0.0,-1498.6
2025-10-29 23:00:00+00:00,84.17,4707.38,0.0,-1101.8
2025-10-30 00:00:00+00:00,83.51,4397.85,0.0,-757.3
2025-10-30 01:00:00+00:00,78.51,4311.88,0.0,-793.7
2025-10-30 02:00:00+00:00,76.85,4305.6,0.0,-806.1
2025-10-30 03:00:00+00:00,82.34,4446.28,0.0,-889.0
2025-10-30 04:00:00+00:00,85.85,4865.23,0.0,-1393.9
2025-10-30 05:00:00+00:00,111.25,5302.65,85.23,-1674.2
2025-10-30 06:00:00+00:00,110.52,5334.48,660.83,-961.1
2025-10-30 07:00:00+00:00,98.77,4976.13,1501.1,329.0
2025-10-30 08:00:00+00:00,81.11,4751.88,2277.6,1010.8
2025-10-30 09:00:00+00:00,70.89,4739.43,1923.9,1224.0
2025-10-30 10:00:00+00:00,70.61,4527.9,1292.75,1080.3
2025-10-30 11:00:00+00:00,68.56,4985.3,1182.3,503.0
2025-10-30 12:00:00+00:00,90.08,5154.03,655.7,-192.0
2025-10-30 13:00:00+00:00,118.56,5301.0,299.98,-1022.1
2025-10-30 14:00:00+00:00,140.32,5638.5,109.68,-1668.7
2025-10-30 15:00:00+00:00,159.86,5925.33,12.48,-2572.5
2025-10-30 16:00:00+00:00,138.32,5991.75,0.0,-2752.6
2025-10-30 17:00:00+00:00,144.42,5974.5,0.0,-2647.2
2025-10-30 18:00:00+00:00,140.72,5894.4,0.0,-2623.3
2025-10-30 19:00:00+00:00,136.78,5706.3,0.0,-2297.6
2025-10-30 20:00:00+00:00,117.41,5545.78,0.0,-2058.9
2025-10-30 21:00:00+00:00,108.35,5260.95,0.0,-1743.6
2025-10-30 22:00:00+00:00,96.41,4984.45,0.0,-1477.5
2025-10-30 23:00:00+00:00,104.97,4672.93,0.0,-1270.2
2025-10-31 00:00:00+00:00,94.13,4343.0,0.0,-964.7
2025-10-31 01:00:00+00:00,90.03,4271.18,0.0,-941.1
2025-10-31 02:00:00+00:00,88.89,4258.85,0.0,-939.6
2025-10-31 03:00:00+00:00,94.4,4415.58,0.0,-1140.4
2025-10-31 04:00:00+00:00,105.52,4763.53,0.0,-1418.1
2025-10-31 05:00:00+00:00,117.56,5259.3,65.98,-1743.8
2025-10-31 06:00:00+00:00,120.14,5291.68,431.33,-1063.5
2025-10-31 07:00:00+00:00,113.5,4925.85,886.43,-73.8
2025-10-31 08:00:00+00:00,86.88,4625.05,1447.03,385.6
2025-10-31 09:00:00+00:00,79.72,4562.5,1616.55,849.7
2025-10-31 10:00:00+00:00,78.19,4798.23,1667.7,956.0
2025-10-31 11:00:00+00:00,79.93,4719.83,1596.5,801.0
2025-10-31 12:00:00+00:00,88.54,4586.0,1232.6,472.9
2025-10-31 13:00:00+00:00,112.39,4883.78,853.3,-458.9
2025-10-31 14:00:00+00:00,128.75,5384.43,359.8,-1654.3
2025-10-31 15:00:00+00:00,189.89,5694.2,26.93,-2255.8
2025-10-31 16:00:00+00:00,242.1,5871.55,0.0,-2411.4
2025-10-31 17:00:00+00:00,295.07,5636.9,0.0,-2463.0
2025-10-31 18:00:00+00:00,268.96,5506.4,0.0,-2448.7
2025-10-31 19:00:00+00:00,194.02,5373.23,0.0,-2240.0
2025-10-31 20:00:00+00:00,143.75,5325.05,0.0,-2001.8
2025-10-31 21:00:00+00:00,142.8,5102.7,0.0,-1614.2
2025-10-31 22:00:00+00:00,105.49,4842.18,0.0,-1265.5
2025-10-31 23:00:00+00:00,113.53,4284.1,0.0,-1108.1
2025-11-01 00:00:00+00:00,83.97,3988.5,0.0,-866.5
2025-11-01 01:00:00+00:00,71.21,3842.93,0.0,-875.7
2025-11-01 02:00:00+00:00,75.36,3799.68,0.0,-731.2
2025-11-01 03:00:00+00:00,75.0,3903.0,0.0,-808.3
2025-11-01 04:00:00+00:00,75.57,4106.28,0.0,-937.8
2025-11-01 05:00:00+00:00,76.9,4388.78,78.98,-1097.4
2025-11-01 06:00:00+00:00,76.14,4586.2,744.5,-856.3
2025-11-01 07:00:00+00:00,56.2,4592.93,1686.13,-148.5
2025-11-01 08:00:00+00:00,43.48,4439.4,2347.33,354.8
2025-11-01 09:00:00+00:00,18.3,4282.83,2583.4,1027.3
2025-11-01 10:00:00+00:00,15.76,4189.7,2269.53,1540.3
2025-11-01 11:00:00+00:00,21.02,4076.58,2550.35,1748.7
2025-11-01 12:00:00+00:00,30.73,3892.23,2485.38,1239.6
2025-11-01 13:00:00+00:00,65.36,4016.25,1525.88,359.5
2025-11-01 14:00:00+00:00,89.4,4353.98,688.53,-692.2
2025-11-01 15:00:00+00:00,156.02,4816.0,46.25,-1728.3
2025-11-01 16:00:00+00:00,127.93,5094.5,0.0,-2024.2
2025-11-01 17:00:00+00:00,121.09,5310.48,0.0,-2253.4
2025-11-01 18:00:00+00:00,118.71,5209.53,0.0,-2238.9
2025-11-01 19:00:00+00:00,148.46,5066.98,0.0,-1938.5
2025-11-01 20:00:00+00:00,147.42,4834.83,0.0,-1701.8
2025-11-01 21:00:00+00:00,111.53,4614.75,0.0,-1271.0
2025-11-01 22:00:00+00:00,91.28,4521.53,0.0,-1169.4
2025-11-01 23:00:00+00:00,83.18,3338.6,0.0,-584.9
2025-11-02 00:00:00+00:00,78.99,3168.6,0.0,-486.2
2025-11-02 01:00:00+00:00,76.39,3011.03,0.0,-384.6
2025-11-02 02:00:00+00:00,76.35,3097.78,0.0,-444.7
2025-11-02 03:00:00+00:00,77.33,3862.8,0.0,-1088.5
2025-11-02 04:00:00+00:00,79.53,4024.1,0.0,-1122.1
2025-11-02 05:00:00+00:00,83.24,4155.1,54.15,-1034.4
2025-11-02 06:00:00+00:00,79.86,4273.58,677.95,-774.2
2025-11-02 07:00:00+00:00,80.9,4277.9,1584.65,-131.8
2025-11-02 08:00:00+00:00,80.66,4325.0,2396.25,594.0
2025-11-02 09:00:00+00:00,76.24,4326.65,2632.33,809.7
2025-11-02 10:00:00+00:00,77.01,4322.0,2132.85,1145.1
2025-11-02 11:00:00+00:00,77.38,4262.58,2068.6,1182.3
2025-11-02 12:00:00+00:00,87.02,4214.55,1945.15,521.9
2025-11-02 13:00:00+00:00,98.67,4379.63,1169.58,-215.2
2025-11-02 14:00:00+00:00,117.9,4622.45,449.0,-1318.0
2025-11-02 15:00:00+00:00,124.45,5003.3,26.53,-2183.7
2025-11-02 16:00:00+00:00,129.06,5289.18,0.0,-2171.2
2025-11-02 17:00:00+00:00,127.5,5335.28,0.0,-2077.8
2025-11-02 18:00:00+00:00,119.3,5228.18,0.0,-2111.7
2025-11-02 19:00:00+00:00,119.16,5048.18,0.0,-1935.6
2025-11-02 20:00:00+00:00,104.86,4790.65,0.0,-1737.9
2025-11-02 21:00:00+00:00,101.48,4530.48,0.0,-1298.3
2025-11-02 22:00:00+00:00,88.6,4380.05,0.0,-1139.5
2025-11-02 23:00:00+00:00,86.76,4084.63,0.0,-1219.2
2025-11-03 00:00:00+00:00,78.29,3854.98,0.0,-1081.9
2025-11-03 01:00:00+00:00,71.98,3816.73,0.0,-1082.6
2025-11-03 02:00:00+00:00,71.99,3827.65,0.0,-1036.3
2025-11-03 03:00:00+00:00,84.72,4023.1,0.0,-1145.6
2025-11-03 04:00:00+00:00,96.59,4471.88,0.0,-1526.0
2025-11-03 05:00:00+00:00,122.98,5080.63,30.1,-1836.1
2025-11-03 06:00:00+00:00,136.99,5211.5,246.9,-1531.0
2025-11-03 07:00:00+00:00,134.69,5036.55,528.13,-1127.1
2025-11-03 08:00:00+00:00,111.37,5041.48,698.25,-1218.4
2025-11-03 09:00:00+00:00,99.82,5091.48,739.1,-805.9
2025-11-03 10:00:00+00:00,95.64,5049.6,710.78,-689.2
2025-11-03 11:00:00+00:00,95.81,5159.18,786.23,-759.0
2025-11-03 12:00:00+00:00,97.96,5204.23,1241.3,-821.2
2025-11-03 13:00:00+00:00,108.24,5416.63,1010.95,-1142.1
2025-11-03 14:00:00+00:00,200.07,5692.5,469.45,-1836.5
2025-11-03 15:00:00+00:00,217.6,6032.9,28.7,-2717.6
2025-11-03 16:00:00+00:00,168.32,6026.7,0.0,-2889.1
2025-11-03 17:00:00+00:00,239.16,6071.85,0.0,-3153.3
2025-11-03 18:00:00+00:00,228.99,5989.65,0.0,-3100.8
2025-11-03 19:00:00+00:00,164.93,5792.1,0.0,-2487.7
2025-11-03 20:00:00+00:00,139.9,5577.5,0.0,-2029.5
2025-11-03 21:00:00+00:00,124.11,5269.5,0.0,-1811.3
2025-11-03 22:00:00+00:00,99.25,4998.03,0.0,-1600.3
2025-11-03 23:00:00+00:00,97.58,4641.85,0.0,-1122.5
2025-11-04 00:00:00+00:00,88.27,4332.8,0.0,-888.3
2025-11-04 01:00:00+00:00,87.16,4245.65,0.0,-908.8
2025-11-04 02:00:00+00:00,86.99,4241.8,0.0,-901.0
2025-11-04 03:00:00+00:00,91.24,4398.63,0.0,-1038.7
2025-11-04 04:00:00+00:00,116.92,4775.75,0.0,-1364.2
2025-11-04 05:00:00+00:00,174.29,5369.68,75.05,-1798.6
2025-11-04 06:00:00+00:00,138.09,5451.53,797.45,-867.6
2025-11-04 07:00:00+00:00,106.86,5234.98,1898.35,254.4
2025-11-04 08:00:00+00:00,86.82,5198.88,2866.25,740.1
2025-11-04 09:00:00+00:00,83.13,5313.38,3245.45,1252.4
2025-11-04 10:00:00+00:00,75.24,5549.95,2795.18,1529.5
2025-11-04 11:00:00+00:00,73.72,5306.45,2903.23,1378.2
2025-11-04 12:00:00+00:00,86.14,5291.5,2692.58,1049.1
2025-11-04 13:00:00+00:00,94.81,5510.25,1725.13,-112.4
2025-11-04 14:00:00+00:00,151.33,5791.58,653.03,-1507.7
2025-11-04 15:00:00+00:00,225.49,6139.93,31.0,-2441.6
2025-11-04 16:00:00+00:00,201.01,6173.6,0.0,-2478.1
2025-11-04 17:00:00+00:00,286.51,6187.45,0.0,-3011.8
2025-11-04 18:00:00+00:00,220.01,6102.13,0.0,-2969.8
2025-11-04 19:00:00+00:00,162.5,5906.78,0.0,-2424.7
2025-11-04 20:00:00+00:00,122.47,5691.4,0.0,-1936.7
2025-11-04 21:00:00+00:00,109.97,5392.63,0.0,-1685.5
2025-11-04 22:00:00+00:00,95.13,5098.98,0.0,-1476.4
2025-11-04 23:00:00+00:00,96.09,4680.85,0.0,-1432.8
2025-11-05 00:00:00+00:00,90.9,4422.68,0.0,-1187.4
2025-11-05 01:00:00+00:00,84.04,4305.28,0.0,-1070.4
2025-11-05 02:00:00+00:00,82.92,4313.9,0.0,-1079.4
2025-11-05 03:00:00+00:00,85.81,4470.2,0.0,-1302.7
2025-11-05 04:00:00+00:00,95.25,4927.25,0.0,-1647.5
2025-11-05 05:00:00+00:00,124.53,5496.15,66.08,-2417.6
2025-11-05 06:00:00+00:00,150.29,5697.55,684.33,-1711.8
2025-11-05 07:00:00+00:00,114.17,5717.35,1711.05,-443.8
2025-11-05 08:00:00+00:00,107.6,5730.75,2705.38,85.8
2025-11-05 09:00:00+00:00,96.32,5442.13,3197.6,359.2
2025-11-05 10:00:00+00:00,88.63,4716.23,2890.48,771.1
2025-11-05 11:00:00+00:00,87.17,5335.83,2910.03,862.1
2025-11-05 12:00:00+00:00,91.15,5481.93,2650.95,737.7
2025-11-05 13:00:00+00:00,108.43,5611.63,1688.8,-64.6
2025-11-05 14:00:00+00:00,135.29,5877.45,623.1,-2469.0
2025-11-05 15:00:00+00:00,244.72,6112.93,27.25,-2508.5
2025-11-05 16:00:00+00:00,200.18,6173.35,0.0,-2234.1
2025-11-05 17:00:00+00:00,200.2,6193.78,0.0,-3113.3
2025-11-05 18:00:00+00:00,200.66,6172.18,0.0,-2574.3
2025-11-05 19:00:00+00:00,165.1,5987.55,0.0,-2480.4
2025-11-05 20:00:00+00:00,139.8,5799.78,0.0,-2262.4
2025-11-05 21:00:00+00:00,134.71,5522.85,0.0,-1975.0
2025-11-05 22:00:00+00:00,110.48,5206.15,0.0,-1504.1
2025-11-05 23:00:00+00:00,98.18,4795.33,0.0,-1345.2
2025-11-06 00:00:00+00:00,95.68,4524.2,0.0,-1035.6
2025-11-06 01:00:00+00:00,96.29,4453.8,0.0,-1020.9
2025-11-06 02:00:00+00:00,95.89,4442.8,0.0,-999.8
2025-11-06 03:00:00+00:00,97.58,4617.25,0.0,-1081.4
2025-11-06 04:00:00+00:00,110.94,5064.75,0.0,-1400.8
2025-11-06 05:00:00+00:00,150.67,5606.63,56.8,-2109.7
2025-11-06 06:00:00+00:00,155.19,5648.98,673.08,-1329.3
2025-11-06 07:00:00+00:00,120.81,5317.7,1752.63,206.1
2025-11-06 08:00:00+00:00,97.06,5051.73,2764.2,1196.8
2025-11-06 09:00:00+00:00,86.64,4828.8,3246.08,1632.5
2025-11-06 10:00:00+00:00,84.87,4573.75,2924.75,1875.8
2025-11-06 11:00:00+00:00,85.22,4772.5,2965.38,1781.7
2025-11-06 12:00:00+00:00,89.22,4950.7,2633.83,1368.7
2025-11-06 13:00:00+00:00,105.08,5287.6,1660.23,245.4
2025-11-06 14:00:00+00:00,176.81,5728.6,588.95,-1888.6
2025-11-06 15:00:00+00:00,252.41,6060.65,24.4,-2477.2
2025-11-06 16:00:00+00:00,254.2,6182.78,0.0,-2408.5
2025-11-06 17:00:00+00:00,215.92,6185.23,0.0,-2524.1
2025-11-06 18:00:00+00:00,208.54,6186.4,0.0,-2477.2
2025-11-06 19:00:00+00:00,155.01,5987.53,0.0,-2445.0
2025-11-06 20:00:00+00:00,129.52,5827.1,0.0,-2108.6
2025-11-06 21:00:00+00:00,119.5,5536.43,0.0,-1868.2
2025-11-06 22:00:00+00:00,107.75,5227.68,0.0,-1389.4
2025-11-06 23:00:00+00:00,92.89,4808.43,0.0,-1157.4
2025-11-07 00:00:00+00:00,91.26,4526.25,0.0,-883.3
2025-11-07 01:00:00+00:00,92.27,4481.45,0.0,-877.6
2025-11-07 02:00:00+00:00,93.07,4474.78,0.0,-860.4
2025-11-07 03:00:00+00:00,94.11,4640.95,0.0,-945.7
2025-11-07 04:00:00+00:00,105.25,5123.2,0.0,-1274.3
2025-11-07 05:00:00+00:00,166.35,5701.1,51.78,-2009.0
2025-11-07 06:00:00+00:00,177.42,5662.73,701.85,-1241.5
2025-11-07 07:00:00+00:00,128.31,5243.98,1767.45,439.6
2025-11-07 08:00:00+00:00,110.06,4876.53,2709.53,1513.0
2025-11-07 09:00:00+00:00,95.37,4623.83,2906.18,1862.4
2025-11-07 10:00:00+00:00,90.49,4531.6,2671.18,1764.4
2025-11-07 11:00:00+00:00,90.53,4567.75,2426.6,1496.9
2025-11-07 12:00:00+00:00,94.71,4688.15,2397.43,1137.9
2025-11-07 13:00:00+00:00,120.92,5066.18,1490.95,118.8
2025-11-07 14:00:00+00:00,138.31,5568.48,523.7,-1831.6
2025-11-07 15:00:00+00:00,198.01,5970.78,18.25,-2467.2
2025-11-07 16:00:00+00:00,245.52,6135.0,0.0,-2453.8
2025-11-07 17:00:00+00:00,153.68,6073.98,0.0,-2467.2
2025-11-07 18:00:00+00:00,149.77,6030.63,0.0,-2467.2
2025-11-07 19:00:00+00:00,131.86,5826.48,0.0,-2221.1
2025-11-07 20:00:00+00:00,113.96,5704.35,0.0,-1983.6
2025-11-07 21:00:00+00:00,104.96,5441.2,0.0,-1737.8
2025-11-07 22:00:00+00:00,100.25,5187.75,0.0,-1322.0
2025-11-07 23:00:00+00:00,104.04,4547.38,0.0,-1989.4
2025-11-08 00:00:00+00:00,99.99,4291.55,0.0,-1643.8
2025-11-08 01:00:00+00:00,98.45,4155.28,0.0,-1534.0
2025-11-08 02:00:00+00:00,96.8,4086.13,0.0,-1434.3
2025-11-08 03:00:00+00:00,98.51,4097.5,0.0,-1139.4
2025-11-08 04:00:00+00:00,100.55,4213.55,0.0,-1188.0
2025-11-08 05:00:00+00:00,102.98,4232.7,10.45,-1044.8
2025-11-08 06:00:00+00:00,111.76,4328.45,198.58,-943.6
2025-11-08 07:00:00+00:00,111.73,4265.23,500.2,-477.3
2025-11-08 08:00:00+00:00,110.71,4154.18,934.95,-240.7
2025-11-08 09:00:00+00:00,112.29,4009.38,981.38,6.1
2025-11-08 10:00:00+00:00,108.49,3913.25,939.4,287.3
2025-11-08 11:00:00+00:00,105.92,3819.08,827.68,279.9
2025-11-08 12:00:00+00:00,108.53,3825.35,716.55,-17.4
2025-11-08 13:00:00+00:00,108.78,4137.18,391.1,-575.6
2025-11-08 14:00:00+00:00,122.01,4587.28,145.23,-1442.1
2025-11-08 15:00:00+00:00,150.0,5005.33,4.48,-1979.0
2025-11-08 16:00:00+00:00,138.61,5163.73,0.0,-1908.9
2025-11-08 17:00:00+00:00,134.45,5160.75,0.0,-1808.3
2025-11-08 18:00:00+00:00,132.68,5094.48,0.0,-1831.6
2025-11-08 19:00:00+00:00,125.05,4942.08,0.0,-1852.8
2025-11-08 20:00:00+00:00,115.41,4802.85,0.0,-1931.2
2025-11-08 21:00:00+00:00,107.94,4617.33,0.0,-1559.4
2025-11-08 22:00:00+00:00,98.11,4434.28,0.0,-1226.6
2025-11-08 23:00:00+00:00,97.93,4724.43,0.0,-1870.4
2025-11-09 00:00:00+00:00,96.42,4385.48,0.0,-1464.5
2025-11-09 01:00:00+00:00,94.95,4221.45,0.0,-1304.1
2025-11-09 02:00:00+00:00,93.34,4184.48,0.0,-1256.1
2025-11-09 03:00:00+00:00,93.91,3767.53,0.0,-709.8
2025-11-09 04:00:00+00:00,93.78,3932.75,0.0,-787.2
2025-11-09 05:00:00+00:00,91.52,4096.58,4.9,-951.0
2025-11-09 06:00:00+00:00,94.03,4225.5,190.85,-1081.2
2025-11-09 07:00:00+00:00,100.76,4283.73,625.2,-808.8
2025-11-09 08:00:00+00:00,100.12,4347.35,1077.68,-741.9
2025-11-09 09:00:00+00:00,99.97,4353.8,1696.13,-424.8
2025-11-09 10:00:00+00:00,100.41,4358.68,1817.58,-0.8
2025-11-09 11:00:00+00:00,100.86,4357.53,1432.05,282.4
2025-11-09 12:00:00+00:00,102.99,4348.03,1481.13,138.8
2025-11-09 13:00:00+00:00,105.15,4584.28,944.78,-672.5
2025-11-09 14:00:00+00:00,112.39,4889.2,340.6,-1671.9
2025-11-09 15:00:00+00:00,126.4,5278.05,9.05,-2449.7
2025-11-09 16:00:00+00:00,132.37,5483.8,0.0,-2449.7
2025-11-09 17:00:00+00:00,129.62,5500.68,0.0,-2231.3
2025-11-09 18:00:00+00:00,130.55,5400.05,0.0,-2319.7
2025-11-09 19:00:00+00:00,123.8,5204.95,0.0,-2317.0
2025-11-09 20:00:00+00:00,112.71,4994.9,0.0,-2234.1
2025-11-09 21:00:00+00:00,105.23,4709.68,0.0,-1718.8
2025-11-09 22:00:00+00:00,94.62,4491.15,0.0,-1395.8
2025-11-09 23:00:00+00:00,91.9,4298.98,0.0,-802.4
2025-11-10 00:00:00+00:00,90.44,4087.85,0.0,-647.5
2025-11-10 01:00:00+00:00,91.95,4082.73,0.0,-665.5
2025-11-10 02:00:00+00:00,91.24,4080.98,0.0,-684.4
2025-11-10 03:00:00+00:00,91.14,4295.48,0.0,-826.7
2025-11-10 04:00:00+00:00,96.6,4829.1,0.0,-1223.4
2025-11-10 05:00:00+00:00,119.47,5548.05,10.0,-2067.3
2025-11-10 06:00:00+00:00,143.3,5574.93,239.9,-1701.3
2025-11-10 07:00:00+00:00,155.26,5192.68,696.73,-322.1
2025-11-10 08:00:00+00:00,141.66,4870.55,1359.0,541.8
2025-11-10 09:00:00+00:00,132.93,4651.7,1754.33,1070.3
2025-11-10 10:00:00+00:00,120.98,4568.7,2008.25,1197.6
2025-11-10 11:00:00+00:00,112.9,4643.73,1989.6,992.9
2025-11-10 12:00:00+00:00,124.74,4895.35,1503.5,707.3
2025-11-10 13:00:00+00:00,146.0,5296.53,1006.85,-268.3
2025-11-10 14:00:00+00:00,165.45,5779.45,342.05,-1665.2
2025-11-10 15:00:00+00:00,182.46,6082.35,12.13,-2424.9
2025-11-10 16:00:00+00:00,164.26,6160.3,0.0,-2439.3
2025-11-10 17:00:00+00:00,154.93,6150.33,0.0,-2436.8
2025-11-10 18:00:00+00:00,142.18,6120.35,0.0,-2436.8
2025-11-10 19:00:00+00:00,140.69,5952.65,0.0,-2347.2
2025-11-10 20:00:00+00:00,115.18,5791.75,0.0,-2172.9
2025-11-10 21:00:00+00:00,112.1,5494.85,0.0,-1935.7
2025-11-10 22:00:00+00:00,99.43,5203.85,0.0,-1577.4
2025-11-10 23:00:00+00:00,91.91,4787.8,0.0,-1200.9
2025-11-11 00:00:00+00:00,91.0,4508.98,0.0,-1030.4
2025-11-11 01:00:00+00:00,87.44,4450.88,0.0,-995.8
2025-11-11 02:00:00+00:00,90.57,4433.75,0.0,-999.5
2025-11-11 03:00:00+00:00,89.91,4600.68,0.0,-1106.8
2025-11-11 04:00:00+00:00,103.24,5002.25,0.0,-1498.7
2025-11-11 05:00:00+00:00,129.93,5722.5,19.0,-2430.0
2025-11-11 06:00:00+00:00,131.94,5749.28,413.4,-2214.5
2025-11-11 07:00:00+00:00,125.32,5331.78,1059.5,-307.4
2025-11-11 08:00:00+00:00,115.2,5003.43,1630.83,627.5
2025-11-11 09:00:00+00:00,100.44,4782.15,2153.55,1193.0
2025-11-11 10:00:00+00:00,93.46,5201.78,2667.95,1379.3
2025-11-11 11:00:00+00:00,90.98,4867.8,2507.28,1319.6
2025-11-11 12:00:00+00:00,94.64,5053.28,1836.63,1009.6
2025-11-11 13:00:00+00:00,108.72,5451.15,1137.48,-167.9
2025-11-11 14:00:00+00:00,125.3,5924.18,387.88,-2330.9
2025-11-11 15:00:00+00:00,142.35,6234.98,5.38,-2595.4
2025-11-11 16:00:00+00:00,160.77,6321.28,0.0,-2498.7
2025-11-11 17:00:00+00:00,143.62,6280.08,0.0,-2637.6
2025-11-11 18:00:00+00:00,137.57,6210.5,0.0,-2547.0
2025-11-11 19:00:00+00:00,123.82,6037.25,0.0,-2430.0
2025-11-11 20:00:00+00:00,117.83,5870.15,0.0,-2332.0
2025-11-11 21:00:00+00:00,114.81,5573.33,0.0,-2083.9
2025-11-11 22:00:00+00:00,104.78,5321.55,0.0,-1700.2
2025-11-11 23:00:00+00:00,104.93,4810.83,0.0,-1201.1
2025-11-12 00:00:00+00:00,95.35,4552.9,0.0,-995.9
2025-11-12 01:00:00+00:00,93.22,4468.38,0.0,-979.7
2025-11-12 02:00:00+00:00,94.6,4441.65,0.0,-877.4
2025-11-12 03:00:00+00:00,98.28,4633.3,0.0,-1035.2
2025-11-12 04:00:00+00:00,111.81,5130.33,0.0,-1256.4
2025-11-12 05:00:00+00:00,151.88,5763.05,8.08,-1895.0
2025-11-12 06:00:00+00:00,156.16,5965.15,267.25,-1952.3
2025-11-12 07:00:00+00:00,135.03,5736.93,760.23,-1665.6
2025-11-12 08:00:00+00:00,112.26,5506.48,1227.1,-828.6
2025-11-12 09:00:00+00:00,96.16,5383.2,2035.88,-399.7
2025-11-12 10:00:00+00:00,88.08,5454.4,2538.73,22.9
2025-11-12 11:00:00+00:00,86.36,5258.45,2423.53,95.5
2025-11-12 12:00:00+00:00,94.15,5369.75,1121.28,-146.7
2025-11-12 13:00:00+00:00,115.15,5717.25,728.45,-842.7
2025-11-12 14:00:00+00:00,155.1,6125.28,207.33,-1746.0
2025-11-12 15:00:00+00:00,233.23,6381.63,1.98,-2176.9
2025-11-12 16:00:00+00:00,253.21,6449.28,0.0,-2428.4
2025-11-12 17:00:00+00:00,237.91,6405.6,0.0,-2428.8
2025-11-12 18:00:00+00:00,231.94,6358.13,0.0,-2418.7
2025-11-12 19:00:00+00:00,182.32,6161.95,0.0,-2276.5
2025-11-12 20:00:00+00:00,129.35,5983.35,0.0,-1973.4
2025-11-12 21:00:00+00:00,127.19,5696.23,0.0,-1696.2
2025-11-12 22:00:00+00:00,109.31,5417.85,0.0,-1428.8
2025-11-12 23:00:00+00:00,117.58,4942.98,0.0,-1171.0
2025-11-13 00:00:00+00:00,113.02,4656.48,0.0,-835.2
2025-11-13 01:00:00+00:00,109.48,4585.73,0.0,-769.4
2025-11-13 02:00:00+00:00,109.09,4562.58,0.0,-650.4
2025-11-13 03:00:00+00:00,103.59,4752.55,0.0,-801.6
2025-11-13 04:00:00+00:00,118.1,5213.03,0.0,-1016.5
2025-11-13 05:00:00+00:00,139.98,5827.43,6.53,-2017.1
2025-11-13 06:00:00+00:00,145.67,6024.08,113.25,-2095.5
2025-11-13 07:00:00+00:00,123.72,5860.75,310.9,-1607.6
2025-11-13 08:00:00+00:00,111.53,5685.83,534.78,-959.0
2025-11-13 09:00:00+00:00,119.09,5594.85,1127.85,-545.0
2025-11-13 10:00:00+00:00,94.77,6272.55,2592.3,-334.2
2025-11-13 11:00:00+00:00,110.33,5723.28,2034.88,-414.9
2025-11-13 12:00:00+00:00,109.68,5669.8,659.03,-583.7
2025-11-13 13:00:00+00:00,138.8,5889.75,428.1,-1099.2
2025-11-13 14:00:00+00:00,195.56,6220.53,154.13,-2202.2
2025-11-13 15:00:00+00:00,208.33,6457.3,3.18,-2611.6
2025-11-13 16:00:00+00:00,190.74,6588.33,0.0,-2654.6
2025-11-13 17:00:00+00:00,191.16,6469.7,0.0,-2601.5
2025-11-13 18:00:00+00:00,188.01,6354.85,0.0,-2549.0
2025-11-13 19:00:00+00:00,229.02,6128.65,0.0,-2382.4
2025-11-13 20:00:00+00:00,138.04,5950.3,0.0,-2040.6
2025-11-13 21:00:00+00:00,121.93,5678.63,0.0,-1826.8
2025-11-13 22:00:00+00:00,118.45,5443.05,0.0,-1495.0
2025-11-13 23:00:00+00:00,106.08,4998.53,0.0,-1711.0
2025-11-14 00:00:00+00:00,104.96,4672.8,0.0,-1429.0
2025-11-14 01:00:00+00:00,104.12,4589.38,0.0,-1383.7
2025-11-14 02:00:00+00:00,101.86,4554.83,0.0,-1305.2
2025-11-14 03:00:00+00:00,100.88,4745.68,0.0,-1468.7
2025-11-14 04:00:00+00:00,125.75,5187.08,0.0,-1685.9
2025-11-14 05:00:00+00:00,135.06,5841.78,6.13,-2268.7
2025-11-14 06:00:00+00:00,138.8,6081.78,113.78,-2288.0
2025-11-14 07:00:00+00:00,139.93,6094.18,340.15,-1915.7
2025-11-14 08:00:00+00:00,125.92,6071.75,628.55,-1467.6
2025-11-14 09:00:00+00:00,117.08,6156.2,1527.0,-1223.1
2025-11-14 10:00:00+00:00,110.56,6658.95,2172.73,-1058.8
2025-11-14 11:00:00+00:00,106.23,6235.43,2058.73,-1070.7
2025-11-14 12:00:00+00:00,113.42,6067.58,1240.38,-1266.1
2025-11-14 13:00:00+00:00,132.6,6130.38,819.6,-1707.3
2025-11-14 14:00:00+00:00,172.15,6295.15,243.25,-2446.2
2025-11-14 15:00:00+00:00,248.21,6517.03,4.15,-2682.0
2025-11-14 16:00:00+00:00,196.37,6714.93,0.0,-2584.7
2025-11-14 17:00:00+00:00,171.82,6575.73,0.0,-2580.2
2025-11-14 18:00:00+00:00,155.51,6289.1,0.0,-2526.6
2025-11-14 19:00:00+00:00,127.61,6075.75,0.0,-2493.9
2025-11-14 20:00:00+00:00,115.27,5921.7,0.0,-2360.4
2025-11-14 21:00:00+00:00,111.91,5690.28,0.0,-2162.8
2025-11-14 22:00:00+00:00,106.1,5560.15,0.0,-1916.0
2025-11-14 23:00:00+00:00,116.85,4749.05,0.0,-1629.6
2025-11-15 00:00:00+00:00,102.06,4457.98,0.0,-1522.1
2025-11-15 01:00:00+00:00,99.17,4353.6,0.0,-1597.8
2025-11-15 02:00:00+00:00,94.75,4294.9,0.0,-1497.9
2025-11-15 03:00:00+00:00,97.08,4345.58,0.0,-1741.0
2025-11-15 04:00:00+00:00,104.13,4495.73,0.0,-1789.3
2025-11-15 05:00:00+00:00,108.75,4677.73,8.28,-1807.8
2025-11-15 06:00:00+00:00,107.66,4934.15,318.3,-1994.0
2025-11-15 07:00:00+00:00,103.29,5028.23,905.48,-2188.1
2025-11-15 08:00:00+00:00,99.83,5094.38,1426.9,-2463.1
2025-11-15 09:00:00+00:00,102.36,5124.48,1806.98,-2451.5
2025-11-15 10:00:00+00:00,100.32,5119.03,1681.55,-2481.0
2025-11-15 11:00:00+00:00,98.8,5048.88,1456.55,-2641.6
2025-11-15 12:00:00+00:00,104.46,4978.95,1114.68,-2679.3
2025-11-15 13:00:00+00:00,117.04,5053.48,585.78,-2685.7
2025-11-15 14:00:00+00:00,135.17,5294.55,156.35,-2393.6
2025-11-15 15:00:00+00:00,185.01,5581.05,1.78,-2600.2
2025-11-15 16:00:00+00:00,164.12,5595.13,0.0,-2528.8
2025-11-15 17:00:00+00:00,147.26,5509.33,0.0,-2509.7
2025-11-15 18:00:00+00:00,143.0,5455.48,0.0,-2554.2
2025-11-15 19:00:00+00:00,126.2,5292.23,0.0,-2393.6
2025-11-15 20:00:00+00:00,115.74,5141.78,0.0,-2393.6
2025-11-15 21:00:00+00:00,114.14,4906.2,0.0,-2232.7
2025-11-15 22:00:00+00:00,108.24,4653.03,0.0,-1980.9
2025-11-15 23:00:00+00:00,108.63,4469.05,0.0,-1290.9
2025-11-16 00:00:00+00:00,100.23,4207.85,0.0,-1042.5
2025-11-16 01:00:00+00:00,99.63,4088.95,0.0,-1031.6
2025-11-16 02:00:00+00:00,100.77,4022.23,0.0,-916.3
2025-11-16 03:00:00+00:00,101.94,3949.68,0.0,-1018.7
2025-11-16 04:00:00+00:00,104.88,4081.23,0.0,-1094.5
2025-11-16 05:00:00+00:00,103.73,4253.95,2.55,-1177.9
2025-11-16 06:00:00+00:00,100.33,4521.45,161.08,-1631.6
2025-11-16 07:00:00+00:00,102.35,4719.58,524.85,-2037.7
2025-11-16 08:00:00+00:00,105.27,4889.35,979.53,-2190.9
2025-11-16 09:00:00+00:00,103.58,4825.25,1308.43,-1832.3
2025-11-16 10:00:00+00:00,106.65,4676.65,1580.53,-1269.7
2025-11-16 11:00:00+00:00,105.01,4522.75,1602.03,-825.2
2025-11-16 12:00:00+00:00,107.92,4470.1,1522.33,-895.2
2025-11-16 13:00:00+00:00,113.78,4723.7,985.55,-1590.5
2025-11-16 14:00:00+00:00,121.96,5067.95,296.75,-2242.7
2025-11-16 15:00:00+00:00,129.72,5472.53,2.7,-2620.1
2025-11-16 16:00:00+00:00,133.16,5558.3,0.0,-2577.8
2025-11-16 17:00:00+00:00,127.03,5491.73,0.0,-2449.2
2025-11-16 18:00:00+00:00,120.59,5523.83,0.0,-2609.0
2025-11-16 19:00:00+00:00,115.58,5355.78,0.0,-2401.9
2025-11-16 20:00:00+00:00,107.63,5147.9,0.0,-2155.0
2025-11-16 21:00:00+00:00,99.05,4864.75,0.0,-1908.5
2025-11-16 22:00:00+00:00,87.75,4580.3,0.0,-1688.9
2025-11-16 23:00:00+00:00,90.83,4577.45,0.0,-1016.2
2025-11-17 00:00:00+00:00,82.26,4386.35,0.0,-833.6
2025-11-17 01:00:00+00:00,75.91,4353.8,0.0,-792.5
2025-11-17 02:00:00+00:00,74.45,4348.83,0.0,-733.6
2025-11-17 03:00:00+00:00,78.34,4545.53,0.0,-967.8
2025-11-17 04:00:00+00:00,90.5,4979.48,0.0,-1314.5
2025-11-17 05:00:00+00:00,108.74,5761.18,1.23,-1992.7
2025-11-17 06:00:00+00:00,119.93,6115.95,99.75,-2350.0
2025-11-17 07:00:00+00:00,129.64,6231.4,316.5,-2483.9
2025-11-17 08:00:00+00:00,129.47,6325.68,430.98,-2414.1
2025-11-17 09:00:00+00:00,126.15,6413.3,630.33,-2268.2
2025-11-17 10:00:00+00:00,122.31,6423.05,736.93,-2211.4
2025-11-17 11:00:00+00:00,122.65,6282.03,1023.55,-2028.1
2025-11-17 12:00:00+00:00,126.63,6194.25,535.35,-1897.5
2025-11-17 13:00:00+00:00,128.24,6287.58,401.18,-2148.0
2025-11-17 14:00:00+00:00,121.29,6472.55,109.98,-2625.3
2025-11-17 15:00:00+00:00,120.98,6640.13,0.5,-2483.7
2025-11-17 16:00:00+00:00,118.82,6603.95,0.0,-2393.0
2025-11-17 17:00:00+00:00,116.69,6524.53,0.0,-2393.0
2025-11-17 18:00:00+00:00,110.71,6474.05,0.0,-2393.0
2025-11-17 19:00:00+00:00,103.1,6301.25,0.0,-2139.2
2025-11-17 20:00:00+00:00,93.71,6178.58,0.0,-2066.0
2025-11-17 21:00:00+00:00,90.42,5873.38,0.0,-1929.8
2025-11-17 22:00:00+00:00,81.2,5559.43,0.0,-1741.6
2025-11-17 23:00:00+00:00,85.26,5107.23,0.0,-1646.8
2025-11-18 00:00:00+00:00,83.28,4831.85,0.0,-1462.8
2025-11-18 01:00:00+00:00,79.46,4747.95,0.0,-1420.2
2025-11-18 02:00:00+00:00,78.27,4724.38,0.0,-1326.4
2025-11-18 03:00:00+00:00,81.17,4881.43,0.0,-1481.4
2025-11-18 04:00:00+00:00,84.28,5235.2,0.0,-1567.5
2025-11-18 05:00:00+00:00,102.15,5990.2,0.5,-2663.6
2025-11-18 06:00:00+00:00,117.75,6325.48,274.35,-2837.9
2025-11-18 07:00:00+00:00,120.4,6416.55,1048.73,-2375.6
2025-11-18 08:00:00+00:00,108.11,6508.75,1818.18,-1951.2
2025-11-18 09:00:00+00:00,92.71,6508.0,2227.35,-1805.4
2025-11-18 10:00:00+00:00,91.06,6342.1,2079.3,-1629.0
2025-11-18 11:00:00+00:00,93.21,6448.58,2165.58,-1275.0
2025-11-18 12:00:00+00:00,106.3,6395.95,1836.85,-1562.4
2025-11-18 13:00:00+00:00,120.58,6497.6,1075.68,-2089.3
2025-11-18 14:00:00+00:00,134.6,6675.45,306.78,-3013.2
2025-11-18 15:00:00+00:00,156.32,6764.8,1.68,-3196.1
2025-11-18 16:00:00+00:00,154.27,6545.33,0.0,-3166.9
2025-11-18 17:00:00+00:00,145.66,6597.93,0.0,-3090.4
2025-11-18 18:00:00+00:00,135.46,6634.08,0.0,-3014.1
2025-11-18 19:00:00+00:00,125.74,6432.45,0.0,-2996.5
2025-11-18 20:00:00+00:00,113.19,6292.23,0.0,-2737.0
2025-11-18 21:00:00+00:00,105.56,5915.88,0.0,-2495.3
2025-11-18 22:00:00+00:00,89.96,5456.58,0.0,-2219.4
2025-11-18 23:00:00+00:00,88.38,5261.03,0.0,-2113.7
2025-11-19 00:00:00+00:00,86.37,4946.75,0.0,-1836.3
2025-11-19 01:00:00+00:00,84.78,4849.18,0.0,-1777.4
2025-11-19 02:00:00+00:00,84.45,4804.15,0.0,-1727.5
2025-11-19 03:00:00+00:00,87.0,4927.35,0.0,-1826.5
2025-11-19 04:00:00+00:00,104.64,5247.83,0.0,-2076.2
2025-11-19 05:00:00+00:00,126.55,6046.8,3.58,-2382.0
2025-11-19 06:00:00+00:00,150.1,6413.05,363.78,-2169.4
2025-11-19 07:00:00+00:00,139.33,6696.98,1126.48,-1506.3
2025-11-19 08:00:00+00:00,124.14,6776.85,1905.23,-1096.7
2025-11-19 09:00:00+00:00,109.85,6341.75,2328.33,-679.3
2025-11-19 10:00:00+00:00,105.93,5810.78,2211.25,-723.9
2025-11-19 11:00:00+00:00,107.07,6237.05,2287.15,-1085.9
2025-11-19 12:00:00+00:00,115.81,6345.3,2001.1,-1391.7
2025-11-19 13:00:00+00:00,135.53,6413.85,1174.7,-2022.8
2025-11-19 14:00:00+00:00,169.03,6567.43,306.58,-2597.9
2025-11-19 15:00:00+00:00,192.02,6715.1,0.73,-2773.7
2025-11-19 16:00:00+00:00,149.1,6699.55,0.0,-2925.6
2025-11-19 17:00:00+00:00,137.95,6589.58,0.0,-2945.5
2025-11-19 18:00:00+00:00,136.13,6512.45,0.0,-2909.9
2025-11-19 19:00:00+00:00,130.91,6324.33,0.0,-2654.9
2025-11-19 20:00:00+00:00,121.25,6144.88,0.0,-2490.9
2025-11-19 21:00:00+00:00,108.32,5889.33,0.0,-2268.7
2025-11-19 22:00:00+00:00,91.89,5720.38,0.0,-2246.4
2025-11-19 23:00:00+00:00,91.02,5143.33,0.0,-2028.6
2025-11-20 00:00:00+00:00,88.78,4857.93,0.0,-1775.2
2025-11-20 01:00:00+00:00,87.75,4764.73,0.0,-1685.5
2025-11-20 02:00:00+00:00,87.57,4716.28,0.0,-1603.2
2025-11-20 03:00:00+00:00,87.95,4908.7,0.0,-1626.1
2025-11-20 04:00:00+00:00,101.97,5418.8,0.0,-1821.4
2025-11-20 05:00:00+00:00,133.18,6080.83,0.63,-2446.8
2025-11-20 06:00:00+00:00,149.03,6276.28,141.7,-2319.9
2025-11-20 07:00:00+00:00,157.75,6253.18,417.58,-1476.3
2025-11-20 08:00:00+00:00,154.3,6121.2,698.45,-902.3
2025-11-20 09:00:00+00:00,146.85,5927.9,822.8,-429.9
2025-11-20 10:00:00+00:00,140.1,5973.55,727.33,-492.3
2025-11-20 11:00:00+00:00,140.49,5773.25,1165.5,-803.0
2025-11-20 12:00:00+00:00,150.24,5789.68,759.68,-1101.6
2025-11-20 13:00:00+00:00,168.62,6045.3,409.0,-1977.9
2025-11-20 14:00:00+00:00,166.35,6409.4,97.53,-2837.0
2025-11-20 15:00:00+00:00,185.44,6694.38,0.65,-3030.4
2025-11-20 16:00:00+00:00,175.32,6847.63,0.0,-3217.4
2025-11-20 17:00:00+00:00,163.54,6659.75,0.0,-3119.1
2025-11-20 18:00:00+00:00,156.35,6573.3,0.0,-3028.8
2025-11-20 19:00:00+00:00,137.94,6401.18,0.0,-2777.3
2025-11-20 20:00:00+00:00,123.33,6233.58,0.0,-2643.7
2025-11-20 21:00:00+00:00,111.92,5965.68,0.0,-2336.0
2025-11-20 22:00:00+00:00,93.82,5778.75,0.0,-2123.8
2025-11-20 23:00:00+00:00,102.78,5174.4,0.0,-1934.4
2025-11-21 00:00:00+00:00,94.5,4869.6,0.0,-1684.6
2025-11-21 01:00:00+00:00,90.57,4799.13,0.0,-1633.2
2025-11-21 02:00:00+00:00,90.7,4779.38,0.0,-1624.9
2025-11-21 03:00:00+00:00,94.54,4966.0,0.0,-1664.7
2025-11-21 04:00:00+00:00,102.82,5403.5,0.0,-1872.2
2025-11-21 05:00:00+00:00,131.14,5921.78,0.28,-2163.8
2025-11-21 06:00:00+00:00,178.6,6308.15,51.6,-2262.6
2025-11-21 07:00:00+00:00,205.99,6210.28,166.75,-2104.1
2025-11-21 08:00:00+00:00,185.75,5998.88,277.1,-1948.9
2025-11-21 09:00:00+00:00,158.9,6003.68,323.78,-2122.7
2025-11-21 10:00:00+00:00,144.94,6230.8,285.58,-2314.0
2025-11-21 11:00:00+00:00,134.74,5937.2,348.98,-2413.4
2025-11-21 12:00:00+00:00,139.01,5889.83,196.55,-2291.1
2025-11-21 13:00:00+00:00,159.51,6199.05,120.0,-2610.5
2025-11-21 14:00:00+00:00,197.29,6561.65,33.85,-2963.4
2025-11-21 15:00:00+00:00,249.32,6775.93,0.13,-3032.7
2025-11-21 16:00:00+00:00,243.01,6632.48,0.0,-2964.4
2025-11-21 17:00:00+00:00,203.21,6641.28,0.0,-2970.2
2025-11-21 18:00:00+00:00,171.17,6647.78,0.0,-2946.4
2025-11-21 19:00:00+00:00,141.98,6450.4,0.0,-2706.5
2025-11-21 20:00:00+00:00,118.05,6298.43,0.0,-2587.9
2025-11-21 21:00:00+00:00,105.53,5960.83,0.0,-2302.1
2025-11-21 22:00:00+00:00,95.24,5537.53,0.0,-2040.3
2025-11-21 23:00:00+00:00,102.87,5255.5,0.0,-2586.5
2025-11-22 00:00:00+00:00,94.66,4947.73,0.0,-2262.5
2025-11-22 01:00:00+00:00,88.44,4833.48,0.0,-2366.2
2025-11-22 02:00:00+00:00,85.28,4768.0,0.0,-2295.4
2025-11-22 03:00:00+00:00,86.83,4792.53,0.0,-2409.1
2025-11-22 04:00:00+00:00,86.08,4977.15,0.0,-2486.0
2025-11-22 05:00:00+00:00,91.89,5196.58,0.08,-2479.3
2025-11-22 06:00:00+00:00,109.33,5472.55,88.53,-2629.6
2025-11-22 07:00:00+00:00,108.26,5662.7,298.65,-2944.9
2025-11-22 08:00:00+00:00,102.46,5834.68,530.83,-3148.2
2025-11-22 09:00:00+00:00,101.04,6002.73,838.1,-3113.3
2025-11-22 10:00:00+00:00,101.39,6208.93,1033.3,-3210.6
2025-11-22 11:00:00+00:00,100.81,6111.58,772.58,-3245.1
2025-11-22 12:00:00+00:00,104.56,5926.45,429.63,-3238.6
2025-11-22 13:00:00+00:00,124.58,5957.63,259.18,-3385.7
2025-11-22 14:00:00+00:00,142.2,6084.08,62.65,-3333.6
2025-11-22 15:00:00+00:00,149.94,6298.5,0.35,-3821.5
2025-11-22 16:00:00+00:00,142.98,6267.4,0.0,-3893.9
2025-11-22 17:00:00+00:00,139.1,6128.73,0.0,-3515.5
2025-11-22 18:00:00+00:00,136.41,6052.0,0.0,-3278.9
2025-11-22 19:00:00+00:00,127.35,5863.7,0.0,-2873.9
2025-11-22 20:00:00+00:00,102.38,5712.95,0.0,-2759.8
2025-11-22 21:00:00+00:00,96.4,5458.03,0.0,-2572.4
2025-11-22 22:00:00+00:00,82.5,5226.03,0.0,-2416.7
2025-11-22 23:00:00+00:00,81.53,4857.85,0.0,-2097.8
2025-11-23 00:00:00+00:00,74.35,4606.08,0.0,-1973.4
2025-11-23 01:00:00+00:00,70.44,4492.43,0.0,-1850.7
2025-11-23 02:00:00+00:00,63.23,4433.83,0.0,-1796.4
2025-11-23 03:00:00+00:00,60.89,4445.65,0.0,-1892.3
2025-11-23 04:00:00+00:00,68.98,4580.83,0.0,-1895.0
2025-11-23 05:00:00+00:00,82.48,4772.58,0.05,-2074.2
2025-11-23 06:00:00+00:00,89.79,5055.0,102.68,-2475.1
2025-11-23 07:00:00+00:00,100.37,5335.1,385.25,-2876.7
2025-11-23 08:00:00+00:00,98.48,5555.73,648.18,-3300.4
2025-11-23 09:00:00+00:00,98.03,5649.45,942.9,-3101.4
2025-11-23 10:00:00+00:00,98.36,5634.7,1094.78,-2764.7
2025-11-23 11:00:00+00:00,98.53,5473.98,1143.2,-2503.4
2025-11-23 12:00:00+00:00,103.09,5331.4,813.88,-2337.8
2025-11-23 13:00:00+00:00,117.38,5509.6,451.63,-2385.9
2025-11-23 14:00:00+00:00,125.24,5795.1,140.05,-2750.9
2025-11-23 15:00:00+00:00,148.42,6139.38,0.58,-3176.3
2025-11-23 16:00:00+00:00,137.1,6171.3,0.0,-3379.9
2025-11-23 17:00:00+00:00,137.45,6126.73,0.0,-3324.2
2025-11-23 18:00:00+00:00,137.75,6078.18,0.0,-3364.1
2025-11-23 19:00:00+00:00,125.78,5871.43,0.0,-2894.0
2025-11-23 20:00:00+00:00,106.62,5673.7,0.0,-2520.0
2025-11-23 21:00:00+00:00,98.63,5389.15,0.0,-2407.5
2025-11-23 22:00:00+00:00,76.22,5135.7,0.0,-2327.7
2025-11-23 23:00:00+00:00,76.38,4749.95,0.0,-1493.1
2025-11-24 00:00:00+00:00,71.6,4528.75,0.0,-1432.3
2025-11-24 01:00:00+00:00,73.28,4509.75,0.0,-1486.2
2025-11-24 02:00:00+00:00,75.34,4512.45,0.0,-1463.1
2025-11-24 03:00:00+00:00,76.57,4699.88,0.0,-1494.4
2025-11-24 04:00:00+00:00,94.09,5160.55,0.0,-1660.3
2025-11-24 05:00:00+00:00,134.54,5908.6,0.28,-2276.6
2025-11-24 06:00:00+00:00,170.62,6320.98,205.0,-2402.3
2025-11-24 07:00:00+00:00,170.0,6517.5,677.98,-2022.2
2025-11-24 08:00:00+00:00,184.23,6669.25,1214.45,-1822.8
2025-11-24 09:00:00+00:00,182.59,6708.8,1212.83,-2018.8
2025-11-24 10:00:00+00:00,187.16,6729.08,899.13,-2265.8
2025-11-24 11:00:00+00:00,188.63,6680.65,755.33,-2393.9
2025-11-24 12:00:00+00:00,200.03,6625.73,772.6,-2362.8
2025-11-24 13:00:00+00:00,222.85,6691.03,396.75,-2650.7
2025-11-24 14:00:00+00:00,230.47,6807.2,91.38,-2878.0
2025-11-24 15:00:00+00:00,266.74,6833.78,0.05,-2926.7
2025-11-24 16:00:00+00:00,266.98,6692.93,0.0,-2939.4
2025-11-24 17:00:00+00:00,239.36,6603.15,0.0,-2796.8
2025-11-24 18:00:00+00:00,205.31,6588.13,0.0,-2691.2
2025-11-24 19:00:00+00:00,177.98,6361.85,0.0,-2502.4
2025-11-24 20:00:00+00:00,141.33,6180.75,0.0,-2339.4
2025-11-24 21:00:00+00:00,126.76,5845.5,0.0,-2089.9
2025-11-24 22:00:00+00:00,108.46,5532.2,0.0,-1880.7
2025-11-24 23:00:00+00:00,103.87,5078.68,0.0,-1628.8
2025-11-25 00:00:00+00:00,102.79,4800.88,0.0,-1399.0
2025-11-25 01:00:00+00:00,101.76,4727.43,0.0,-1352.8
2025-11-25 02:00:00+00:00,100.79,4713.53,0.0,-1316.6
2025-11-25 03:00:00+00:00,104.74,4896.43,0.0,-1372.4
2025-11-25 04:00:00+00:00,113.81,5352.73,0.0,-1608.1
2025-11-25 05:00:00+00:00,190.66,6004.53,0.03,-1923.9
2025-11-25 06:00:00+00:00,297.72,6292.68,66.28,-1929.0
2025-11-25 07:00:00+00:00,354.42,6424.75,268.8,-1637.1
2025-11-25 08:00:00+00:00,332.5,6533.5,562.2,-1691.1
2025-11-25 09:00:00+00:00,276.36,6607.5,569.13,-1628.1
2025-11-25 10:00:00+00:00,294.56,6696.58,456.88,-1791.8
2025-11-25 11:00:00+00:00,317.53,6530.15,768.03,-1954.3
2025-11-25 12:00:00+00:00,315.92,6458.33,416.45,-2007.8
2025-11-25 13:00:00+00:00,329.95,6543.7,167.35,-2385.0
2025-11-25 14:00:00+00:00,324.19,6679.9,31.58,-2688.1
2025-11-25 15:00:00+00:00,337.65,6739.18,0.13,-2731.5
2025-11-25 16:00:00+00:00,380.47,6760.95,0.0,-2646.7
2025-11-25 17:00:00+00:00,283.06,6643.13,0.0,-2613.7
2025-11-25 18:00:00+00:00,234.23,6530.18,0.0,-2605.0
2025-11-25 19:00:00+00:00,172.25,6322.25,0.0,-2469.8
2025-11-25 20:00:00+00:00,133.7,6142.95,0.0,-2351.2
2025-11-25 21:00:00+00:00,115.34,5836.4,0.0,-2135.0
2025-11-25 22:00:00+00:00,101.43,5591.08,0.0,-1930.8
2025-11-25 23:00:00+00:00,93.58,5216.18,0.0,-2288.4
2025-11-26 00:00:00+00:00,93.14,4922.85,0.0,-1989.5
2025-11-26 01:00:00+00:00,90.28,4845.15,0.0,-1881.6
2025-11-26 02:00:00+00:00,91.02,4797.4,0.0,-1816.5
2025-11-26 03:00:00+00:00,91.46,4950.28,0.0,-1873.6
2025-11-26 04:00:00+00:00,98.47,5312.45,0.0,-2057.7
2025-11-26 05:00:00+00:00,125.06,6075.5,0.0,-2598.6
2025-11-26 06:00:00+00:00,188.77,6433.35,40.1,-2644.5
2025-11-26 07:00:00+00:00,233.46,6497.98,189.8,-2685.6
2025-11-26 08:00:00+00:00,210.44,6597.88,514.25,-2306.3
2025-11-26 09:00:00+00:00,195.56,6675.25,1036.5,-2364.7
2025-11-26 10:00:00+00:00,170.48,6670.6,718.85,-2506.1
2025-11-26 11:00:00+00:00,163.67,6734.0,948.65,-2171.9
2025-11-26 12:00:00+00:00,168.98,6659.55,1102.35,-1722.4
2025-11-26 13:00:00+00:00,183.38,6704.05,675.35,-2116.1
2025-11-26 14:00:00+00:00,222.06,6814.75,157.45,-2590.4
2025-11-26 15:00:00+00:00,288.62,6874.78,0.15,-2851.2
2025-11-26 16:00:00+00:00,288.92,6733.1,0.0,-2952.4
2025-11-26 17:00:00+00:00,226.88,6732.8,0.0,-2897.0
2025-11-26 18:00:00+00:00,183.21,6721.4,0.0,-3024.5
2025-11-26 19:00:00+00:00,140.74,6499.18,0.0,-2908.8
2025-11-26 20:00:00+00:00,114.63,6309.6,0.0,-2746.2
2025-11-26 21:00:00+00:00,102.08,6000.25,0.0,-2572.3
2025-11-26 22:00:00+00:00,90.38,5662.15,0.0,-2298.1
2025-11-26 23:00:00+00:00,90.01,5387.4,0.0,-2256.7
2025-11-27 00:00:00+00:00,84.44,5062.5,0.0,-1987.2
2025-11-27 01:00:00+00:00,80.31,4962.83,0.0,-1911.7
2025-11-27 02:00:00+00:00,78.11,4922.93,0.0,-1869.0
2025-11-27 03:00:00+00:00,81.85,5070.0,0.0,-1987.7
2025-11-27 04:00:00+00:00,83.67,5462.28,0.0,-2191.1
2025-11-27 05:00:00+00:00,112.94,6200.33,0.0,-2734.6
2025-11-27 06:00:00+00:00,131.65,6568.75,214.33,-2903.4
2025-11-27 07:00:00+00:00,136.56,6670.45,860.55,-3176.0
2025-11-27 08:00:00+00:00,125.74,6746.88,1504.38,-2766.6
2025-11-27 09:00:00+00:00,112.93,6749.63,1710.25,-2681.5
2025-11-27 10:00:00+00:00,109.22,6791.03,1830.35,-2669.3
2025-11-27 11:00:00+00:00,109.98,6792.95,1440.63,-2575.5
2025-11-27 12:00:00+00:00,126.5,6680.28,1368.68,-2709.1
2025-11-27 13:00:00+00:00,151.24,6690.8,795.25,-2736.8
2025-11-27 14:00:00+00:00,162.96,6811.28,198.7,-2958.6
2025-11-27 15:00:00+00:00,177.28,6921.95,0.3,-3389.4
2025-11-27 16:00:00+00:00,156.8,6825.18,0.0,-3682.3
2025-11-27 17:00:00+00:00,141.83,6762.85,0.0,-3382.8
2025-11-27 18:00:00+00:00,138.58,6711.38,0.0,-3287.5
2025-11-27 19:00:00+00:00,122.67,6491.4,0.0,-2986.1
2025-11-27 20:00:00+00:00,106.28,6316.43,0.0,-2799.0
2025-11-27 21:00:00+00:00,96.27,6012.48,0.0,-2597.6
2025-11-27 22:00:00+00:00,75.91,5736.18,0.0,-2442.5
2025-11-27 23:00:00+00:00,87.52,5380.5,0.0,-2276.4
2025-11-28 00:00:00+00:00,72.44,5064.55,0.0,-2125.4
2025-11-28 01:00:00+00:00,72.81,4980.4,0.0,-2030.7
2025-11-28 02:00:00+00:00,81.02,4946.48,0.0,-1977.0
2025-11-28 03:00:00+00:00,75.44,5059.53,0.0,-2048.4
2025-11-28 04:00:00+00:00,102.41,5497.68,0.0,-2180.7
2025-11-28 05:00:00+00:00,122.94,6196.9,0.0,-2702.3
2025-11-28 06:00:00+00:00,159.11,6509.45,147.65,-2796.2
2025-11-28 07:00:00+00:00,149.05,6649.35,677.23,-2836.9
2025-11-28 08:00:00+00:00,138.87,6724.95,1199.18,-2406.1
2025-11-28 09:00:00+00:00,124.34,6624.5,1699.43,-1984.6
2025-11-28 10:00:00+00:00,114.74,6315.35,1694.58,-2048.0
2025-11-28 11:00:00+00:00,118.57,6606.95,1540.35,-2144.6
2025-11-28 12:00:00+00:00,125.17,6616.78,1089.23,-2249.7
2025-11-28 13:00:00+00:00,171.6,6626.05,595.15,-2301.5
2025-11-28 14:00:00+00:00,143.63,6749.7,130.4,-2897.2
2025-11-28 15:00:00+00:00,153.65,6858.95,0.0,-3224.0
2025-11-28 16:00:00+00:00,141.88,6806.68,0.0,-3572.4
2025-11-28 17:00:00+00:00,136.63,6680.5,0.0,-3342.5
2025-11-28 18:00:00+00:00,135.42,6613.73,0.0,-3284.4
2025-11-28 19:00:00+00:00,124.63,6388.75,0.0,-3018.3
2025-11-28 20:00:00+00:00,113.92,6238.75,0.0,-2805.7
2025-11-28 21:00:00+00:00,110.88,5979.43,0.0,-2559.8
2025-11-28 22:00:00+00:00,94.04,5753.2,0.0,-2454.5
2025-11-28 23:00:00+00:00,96.77,5210.45,0.0,-1782.8
2025-11-29 00:00:00+00:00,92.77,4905.3,0.0,-1671.0
2025-11-29 01:00:00+00:00,91.14,4794.63,0.0,-1566.0
2025-11-29 02:00:00+00:00,90.53,4753.55,0.0,-1529.9
2025-11-29 03:00:00+00:00,91.77,4798.13,0.0,-1536.8
2025-11-29 04:00:00+00:00,97.68,4936.28,0.0,-1591.5
2025-11-29 05:00:00+00:00,99.46,5185.25,0.0,-1587.3
2025-11-29 06:00:00+00:00,113.07,5532.45,105.25,-1882.8
2025-11-29 07:00:00+00:00,115.36,5788.2,488.78,-2263.3
2025-11-29 08:00:00+00:00,111.32,6008.03,947.98,-2431.6
2025-11-29 09:00:00+00:00,104.96,6161.58,1263.55,-2385.7
2025-11-29 10:00:00+00:00,103.33,6208.48,1695.38,-2562.9
2025-11-29 11:00:00+00:00,103.37,6212.43,1122.9,-2417.7
2025-11-29 12:00:00+00:00,99.89,6140.3,738.7,-2340.4
2025-11-29 13:00:00+00:00,109.39,6103.85,429.4,-2276.9
2025-11-29 14:00:00+00:00,121.58,6187.13,100.68,-2720.0
2025-11-29 15:00:00+00:00,142.15,6340.83,0.0,-2665.2
2025-11-29 16:00:00+00:00,139.7,6225.8,0.0,-2977.3
2025-11-29 17:00:00+00:00,138.78,6145.38,0.0,-2936.3
2025-11-29 18:00:00+00:00,136.17,6095.3,0.0,-2949.8
2025-11-29 19:00:00+00:00,128.67,5910.98,0.0,-2750.1
2025-11-29 20:00:00+00:00,117.77,5772.78,0.0,-2412.3
2025-11-29 21:00:00+00:00,116.41,5519.2,0.0,-2172.1
2025-11-29 22:00:00+00:00,103.01,5271.93,0.0,-1904.0
2025-11-29 23:00:00+00:00,97.08,4891.2,0.0,-1674.1
2025-11-30 00:00:00+00:00,94.01,4622.4,0.0,-1578.8
2025-11-30 01:00:00+00:00,87.95,4521.0,0.0,-1509.5
2025-11-30 02:00:00+00:00,86.61,4446.78,0.0,-1429.8
2025-11-30 03:00:00+00:00,85.18,4477.9,0.0,-1462.1
2025-11-30 04:00:00+00:00,91.25,4592.68,0.0,-1535.6
2025-11-30 05:00:00+00:00,94.38,4838.48,0.0,-1764.6
2025-11-30 06:00:00+00:00,96.05,5138.13,136.55,-1989.5
2025-11-30 07:00:00+00:00,94.51,5491.4,715.75,-2154.7
2025-11-30 08:00:00+00:00,94.12,5834.9,1357.55,-2401.4
2025-11-30 09:00:00+00:00,87.84,6037.98,1335.03,-2507.2
2025-11-30 10:00:00+00:00,87.88,6106.6,935.13,-2490.7
2025-11-30 11:00:00+00:00,85.98,5933.38,1362.58,-2370.7
2025-11-30 12:00:00+00:00,90.86,5744.03,1058.63,-2282.4
2025-11-30 13:00:00+00:00,102.37,5768.6,612.78,-2284.0
2025-11-30 14:00:00+00:00,110.67,5899.95,152.08,-2767.7
2025-11-30 15:00:00+00:00,126.52,6164.35,0.0,-2972.3
2025-11-30 16:00:00+00:00,128.12,6158.75,0.0,-3120.2
2025-11-30 17:00:00+00:00,130.11,6156.75,0.0,-3101.9
2025-11-30 18:00:00+00:00,132.03,6160.9,0.0,-3071.6
2025-11-30 19:00:00+00:00,130.86,5982.55,0.0,-2843.2
2025-11-30 20:00:00+00:00,121.01,5791.73,0.0,-2571.7
2025-11-30 21:00:00+00:00,114.62,5497.23,0.0,-2372.6
2025-11-30 22:00:00+00:00,98.89,5222.78,0.0,-2245.2
2025-11-30 23:00:00+00:00,100.46,4832.13,0.0,-1711.5
2025-12-01 00:00:00+00:00,99.9,4645.68,0.0,-1697.0
2025-12-01 01:00:00+00:00,96.99,4614.25,0.0,-1669.4
2025-12-01 02:00:00+00:00,92.43,4600.25,0.0,-1648.8
2025-12-01 03:00:00+00:00,97.03,4775.0,0.0,-1785.2
2025-12-01 04:00:00+00:00,105.55,5235.98,0.0,-2008.4
2025-12-01 05:00:00+00:00,144.67,6080.0,0.0,-2619.6
2025-12-01 06:00:00+00:00,154.4,6465.0,81.95,-2863.0
2025-12-01 07:00:00+00:00,167.75,6384.95,406.75,-2963.1
2025-12-01 08:00:00+00:00,161.06,6188.13,789.38,-2351.8
2025-12-01 09:00:00+00:00,146.35,6023.4,1307.03,-1877.1
2025-12-01 10:00:00+00:00,141.18,5925.9,1431.8,-1812.2
2025-12-01 11:00:00+00:00,154.41,6007.98,1102.55,-1911.2
2025-12-01 12:00:00+00:00,160.05,6135.43,906.83,-2277.7
2025-12-01 13:00:00+00:00,178.78,6356.13,483.05,-2652.4
2025-12-01 14:00:00+00:00,212.01,6627.05,99.33,-2950.1
2025-12-01 15:00:00+00:00,252.7,6801.48,0.0,-3077.6
2025-12-01 16:00:00+00:00,216.3,6741.4,0.0,-3405.7
2025-12-01 17:00:00+00:00,237.74,6687.38,0.0,-3226.1
2025-12-01 18:00:00+00:00,215.12,6691.85,0.0,-3153.6
2025-12-01 19:00:00+00:00,179.44,6498.7,0.0,-2945.7
2025-12-01 20:00:00+00:00,146.71,6339.03,0.0,-2799.9
2025-12-01 21:00:00+00:00,131.05,5985.35,0.0,-2504.0
2025-12-01 22:00:00+00:00,113.47,5704.3,0.0,-2375.8
2025-12-01 23:00:00+00:00,107.02,5267.18,0.0,-2029.0
2025-12-02 00:00:00+00:00,105.27,5020.15,0.0,-1929.5
2025-12-02 01:00:00+00:00,100.9,4933.48,0.0,-1883.7
2025-12-02 02:00:00+00:00,96.22,4906.6,0.0,-1851.9
2025-12-02 03:00:00+00:00,99.85,5066.28,0.0,-1939.8
2025-12-02 04:00:00+00:00,104.44,5444.6,0.0,-2082.6
2025-12-02 05:00:00+00:00,133.54,6201.33,0.0,-2611.6
2025-12-02 06:00:00+00:00,177.59,6589.65,38.18,-2937.4
2025-12-02 07:00:00+00:00,177.84,6468.13,192.78,-3202.8
2025-12-02 08:00:00+00:00,165.34,6261.78,385.65,-2870.6
2025-12-02 09:00:00+00:00,159.72,6255.15,794.03,-2395.5
2025-12-02 10:00:00+00:00,153.37,6595.9,1646.4,-2266.6
2025-12-02 11:00:00+00:00,148.08,6216.83,986.78,-2397.7
2025-12-02 12:00:00+00:00,168.51,6218.28,527.88,-2532.9
2025-12-02 13:00:00+00:00,173.61,6437.45,307.93,-2426.9
2025-12-02 14:00:00+00:00,188.82,6706.15,66.58,-2879.1
2025-12-02 15:00:00+00:00,206.23,6867.93,0.0,-3171.2
2025-12-02 16:00:00+00:00,188.45,6857.13,0.0,-3583.7
2025-12-02 17:00:00+00:00,173.73,6766.13,0.0,-3346.6
2025-12-02 18:00:00+00:00,166.85,6746.15,0.0,-3299.7
2025-12-02 19:00:00+00:00,150.63,6540.28,0.0,-3027.1
2025-12-02 20:00:00+00:00,129.96,6378.08,0.0,-2817.0
2025-12-02 21:00:00+00:00,120.05,6032.88,0.0,-2535.6
2025-12-02 22:00:00+00:00,105.07,5749.9,0.0,-2357.8
2025-12-02 23:00:00+00:00,104.45,5316.58,0.0,-1918.3
2025-12-03 00:00:00+00:00,103.95,5007.9,0.0,-1526.3
2025-12-03 01:00:00+00:00,99.84,4922.03,0.0,-1409.8
2025-12-03 02:00:00+00:00,99.4,4898.48,0.0,-1369.3
2025-12-03 03:00:00+00:00,102.39,5063.35,0.0,-1523.1
2025-12-03 04:00:00+00:00,107.44,5514.28,0.0,-1841.7
2025-12-03 05:00:00+00:00,146.95,6234.13,0.0,-2414.4
2025-12-03 06:00:00+00:00,190.24,6572.58,74.23,-2258.4
2025-12-03 07:00:00+00:00,236.61,6624.03,403.6,-1733.8
2025-12-03 08:00:00+00:00,209.45,6645.43,712.35,-1637.2
2025-12-03 09:00:00+00:00,178.65,6676.4,1026.45,-1860.4
2025-12-03 10:00:00+00:00,166.28,6864.98,1395.1,-1920.5
2025-12-03 11:00:00+00:00,160.99,6574.8,1147.93,-2023.8
2025-12-03 12:00:00+00:00,173.76,6481.93,640.98,-2145.7
2025-12-03 13:00:00+00:00,197.44,6587.4,289.35,-2206.9
2025-12-03 14:00:00+00:00,242.32,6774.58,69.23,-2294.4
2025-12-03 15:00:00+00:00,307.67,6890.6,0.0,-2316.5
2025-12-03 16:00:00+00:00,256.91,6854.13,0.0,-2213.5
2025-12-03 17:00:00+00:00,203.09,6775.28,0.0,-2226.8
2025-12-03 18:00:00+00:00,172.2,6714.35,0.0,-2387.2
2025-12-03 19:00:00+00:00,145.69,6536.85,0.0,-2531.8
2025-12-03 20:00:00+00:00,124.46,6345.75,0.0,-2427.8
2025-12-03 21:00:00+00:00,119.17,6031.75,0.0,-2190.2
2025-12-03 22:00:00+00:00,109.03,5746.98,0.0,-2011.6
2025-12-03 23:00:00+00:00,100.14,5332.48,0.0,-1825.9
2025-12-04 00:00:00+00:00,96.0,5020.13,0.0,-1501.7
2025-12-04 01:00:00+00:00,93.1,4915.48,0.0,-1400.0
2025-12-04 02:00:00+00:00,93.11,4903.38,0.0,-1379.3
2025-12-04 03:00:00+00:00,96.97,5054.08,0.0,-1543.5
2025-12-04 04:00:00+00:00,104.17,5435.93,0.0,-1902.1
2025-12-04 05:00:00+00:00,129.86,6207.75,0.0,-2437.0
2025-12-04 06:00:00+00:00,163.28,6565.65,58.38,-2518.2
2025-12-04 07:00:00+00:00,174.06,6690.85,299.43,-2459.2
2025-12-04 08:00:00+00:00,166.67,6744.18,559.8,-2707.9
2025-12-04 09:00:00+00:00,145.46,6746.03,790.85,-2824.1
2025-12-04 10:00:00+00:00,149.53,6690.43,938.18,-2938.4
2025-12-04 11:00:00+00:00,144.07,6693.95,682.23,-2928.7
2025-12-04 12:00:00+00:00,151.62,6610.28,871.2,-2909.1
2025-12-04 13:00:00+00:00,157.87,6657.13,442.2,-2975.6
2025-12-04 14:00:00+00:00,156.68,6789.43,79.75,-3080.6
2025-12-04 15:00:00+00:00,156.95,6899.68,0.0,-3127.9
2025-12-04 16:00:00+00:00,147.93,6816.6,0.0,-3156.5
2025-12-04 17:00:00+00:00,145.76,6766.25,0.0,-2918.2
2025-12-04 18:00:00+00:00,141.05,6732.85,0.0,-2841.1
2025-12-04 19:00:00+00:00,129.1,6525.43,0.0,-2663.2
2025-12-04 20:00:00+00:00,119.34,6332.68,0.0,-2397.2
2025-12-04 21:00:00+00:00,112.27,5985.0,0.0,-2115.8
2025-12-04 22:00:00+00:00,100.49,5617.68,0.0,-1925.6
2025-12-04 23:00:00+00:00,99.17,5257.55,0.0,-1596.3
2025-12-05 00:00:00+00:00,97.33,4970.28,0.0,-1315.0
2025-12-05 01:00:00+00:00,93.68,4861.7,0.0,-1198.9
2025-12-05 02:00:00+00:00,93.46,4834.13,0.0,-1162.5
2025-12-05 03:00:00+00:00,98.08,4948.23,0.0,-1256.3
2025-12-05 04:00:00+00:00,104.11,5289.0,0.0,-1577.2
2025-12-05 05:00:00+00:00,125.66,6088.3,0.0,-2168.3
2025-12-05 06:00:00+00:00,157.16,6433.98,40.53,-2153.9
2025-12-05 07:00:00+00:00,185.2,6517.43,248.83,-1810.7
2025-12-05 08:00:00+00:00,183.74,6558.78,451.05,-1681.2
2025-12-05 09:00:00+00:00,172.19,6600.38,510.6,-1736.5
2025-12-05 10:00:00+00:00,166.36,6618.33,558.5,-1890.7
2025-12-05 11:00:00+00:00,159.75,6497.48,582.13,-1983.0
2025-12-05 12:00:00+00:00,154.69,6443.98,397.2,-2029.7
2025-12-05 13:00:00+00:00,156.25,6486.03,213.1,-2178.3
2025-12-05 14:00:00+00:00,156.31,6594.4,40.83,-2259.2
2025-12-05 15:00:00+00:00,161.88,6684.78,0.0,-2260.8
2025-12-05 16:00:00+00:00,153.51,6514.75,0.0,-2270.4
2025-12-05 17:00:00+00:00,142.57,6467.5,0.0,-2375.8
2025-12-05 18:00:00+00:00,128.6,6460.55,0.0,-2498.7
2025-12-05 19:00:00+00:00,113.48,6252.93,0.0,-2412.8
2025-12-05 20:00:00+00:00,101.19,6108.8,0.0,-2218.7
2025-12-05 21:00:00+00:00,96.78,5800.43,0.0,-1985.1
2025-12-05 22:00:00+00:00,85.82,5462.65,0.0,-1895.8
2025-12-05 23:00:00+00:00,84.43,5168.75,0.0,-2121.4
2025-12-06 00:00:00+00:00,79.48,4845.9,0.0,-1893.3
2025-12-06 01:00:00+00:00,76.15,4715.28,0.0,-1826.3
2025-12-06 02:00:00+00:00,78.73,4675.3,0.0,-1735.0
2025-12-06 03:00:00+00:00,82.11,4716.3,0.0,-1807.2
2025-12-06 04:00:00+00:00,85.51,4879.1,0.0,-1848.9
2025-12-06 05:00:00+00:00,92.48,5125.2,0.0,-2075.7
2025-12-06 06:00:00+00:00,103.85,5412.53,79.7,-2279.0
2025-12-06 07:00:00+00:00,110.97,5600.15,461.45,-2058.2
2025-12-06 08:00:00+00:00,109.37,5722.63,903.6,-1743.0
2025-12-06 09:00:00+00:00,105.2,5821.03,1199.8,-1536.0
2025-12-06 10:00:00+00:00,104.68,5866.2,1311.88,-1348.7
2025-12-06 11:00:00+00:00,100.98,5775.9,1448.35,-1211.4
2025-12-06 12:00:00+00:00,103.86,5643.55,953.2,-1193.1
2025-12-06 13:00:00+00:00,110.67,5684.33,476.85,-1880.2
2025-12-06 14:00:00+00:00,118.18,5836.18,90.08,-2548.1
2025-12-06 15:00:00+00:00,126.93,6075.33,0.0,-2892.1
2025-12-06 16:00:00+00:00,124.34,5987.1,0.0,-2835.4
2025-12-06 17:00:00+00:00,122.76,5882.1,0.0,-2717.3
2025-12-06 18:00:00+00:00,121.94,5875.95,0.0,-2707.9
2025-12-06 19:00:00+00:00,121.05,5746.25,0.0,-2616.6
2025-12-06 20:00:00+00:00,101.06,5588.55,0.0,-2480.6
2025-12-06 21:00:00+00:00,95.07,5350.33,0.0,-2282.6
2025-12-06 22:00:00+00:00,89.46,5127.7,0.0,-2141.5
2025-12-06 23:00:00+00:00,86.45,4770.95,0.0,-1834.7
2025-12-07 00:00:00+00:00,82.98,4529.15,0.0,-1670.1
2025-12-07 01:00:00+00:00,82.13,4433.73,0.0,-1667.9
2025-12-07 02:00:00+00:00,76.35,4358.1,0.0,-1557.2
2025-12-07 03:00:00+00:00,77.84,4410.93,0.0,-1640.3
2025-12-07 04:00:00+00:00,78.23,4546.93,0.0,-1652.4
2025-12-07 05:00:00+00:00,81.85,4733.93,0.0,-1804.6
2025-12-07 06:00:00+00:00,86.86,5022.25,42.0,-2057.6
2025-12-07 07:00:00+00:00,88.32,5320.3,305.1,-2220.3
2025-12-07 08:00:00+00:00,90.74,5612.8,625.88,-2377.8
2025-12-07 09:00:00+00:00,94.82,5777.03,966.08,-2421.0
2025-12-07 10:00:00+00:00,96.41,5771.73,909.65,-2219.2
2025-12-07 11:00:00+00:00,100.96,5634.05,846.25,-2127.7
2025-12-07 12:00:00+00:00,103.52,5464.15,809.38,-1995.3
2025-12-07 13:00:00+00:00,108.54,5534.7,461.08,-2260.8
2025-12-07 14:00:00+00:00,110.86,5694.5,107.63,-2578.3
2025-12-07 15:00:00+00:00,114.62,5988.35,0.0,-2893.6
2025-12-07 16:00:00+00:00,109.14,5924.75,0.0,-2834.3
2025-12-07 17:00:00+00:00,108.94,5930.38,0.0,-2797.0
2025-12-07 18:00:00+00:00,113.97,6010.68,0.0,-2835.2
2025-12-07 19:00:00+00:00,112.95,5884.65,0.0,-2689.0
2025-12-07 20:00:00+00:00,101.57,5691.88,0.0,-2523.0
2025-12-07 21:00:00+00:00,91.59,5397.83,0.0,-2320.4
2025-12-07 22:00:00+00:00,78.11,5120.9,0.0,-2178.6
2025-12-07 23:00:00+00:00,81.29,4607.63,0.0,-1222.5
2025-12-08 00:00:00+00:00,81.4,4402.2,0.0,-1031.8
2025-12-08 01:00:00+00:00,74.06,4347.28,0.0,-990.6
2025-12-08 02:00:00+00:00,80.29,4347.05,0.0,-1002.2
2025-12-08 03:00:00+00:00,80.58,4502.43,0.0,-1170.5
2025-12-08 04:00:00+00:00,86.67,4937.83,0.0,-1570.1
2025-12-08 05:00:00+00:00,104.93,5801.28,0.0,-2364.3
2025-12-08 06:00:00+00:00,126.62,6197.33,73.03,-2641.3
2025-12-08 07:00:00+00:00,122.64,6315.53,452.4,-2685.9
2025-12-08 08:00:00+00:00,113.48,6443.73,816.95,-2710.1
2025-12-08 09:00:00+00:00,108.86,6521.25,989.28,-2758.0
2025-12-08 10:00:00+00:00,105.67,6497.25,1366.88,-2603.7
2025-12-08 11:00:00+00:00,105.71,6497.65,1031.98,-2314.8
2025-12-08 12:00:00+00:00,111.08,6375.83,792.55,-2280.5
2025-12-08 13:00:00+00:00,118.15,6403.58,392.23,-2545.9
2025-12-08 14:00:00+00:00,119.6,6500.3,71.3,-2809.6
2025-12-08 15:00:00+00:00,130.93,6517.03,0.0,-2806.6
2025-12-08 16:00:00+00:00,126.77,6432.08,0.0,-2929.5
2025-12-08 17:00:00+00:00,124.24,6390.48,0.0,-2810.6
2025-12-08 18:00:00+00:00,127.39,6415.25,0.0,-2734.9
2025-12-08 19:00:00+00:00,119.13,6257.73,0.0,-2553.6
2025-12-08 20:00:00+00:00,113.0,6104.8,0.0,-2364.4
2025-12-08 21:00:00+00:00,104.72,5749.65,0.0,-2050.1
2025-12-08 22:00:00+00:00,89.75,5472.38,0.0,-1983.2
2025-12-08 23:00:00+00:00,85.97,5073.98,0.0,-1564.9
2025-12-09 00:00:00+00:00,84.7,4791.05,0.0,-1305.1
2025-12-09 01:00:00+00:00,84.75,4682.28,0.0,-1216.4
2025-12-09 02:00:00+00:00,83.61,4660.98,0.0,-1197.6
2025-12-09 03:00:00+00:00,87.48,4823.38,0.0,-1236.1
2025-12-09 04:00:00+00:00,97.55,5277.18,0.0,-1555.2
2025-12-09 05:00:00+00:00,135.34,6008.13,0.0,-2212.2
2025-12-09 06:00:00+00:00,125.71,6339.28,48.4,-2537.7
2025-12-09 07:00:00+00:00,130.2,6425.8,303.78,-2465.1
2025-12-09 08:00:00+00:00,118.46,6555.13,571.45,-2218.2
2025-12-09 09:00:00+00:00,113.06,6611.23,1036.15,-2034.0
2025-12-09 10:00:00+00:00,110.53,6473.85,1557.25,-1864.3
2025-12-09 11:00:00+00:00,111.6,6462.85,1668.48,-1888.2
2025-12-09 12:00:00+00:00,116.89,6520.2,842.73,-1755.7
2025-12-09 13:00:00+00:00,137.16,6540.9,513.98,-2096.8
2025-12-09 14:00:00+00:00,127.35,6625.38,108.78,-2566.9
2025-12-09 15:00:00+00:00,143.19,6655.1,0.0,-2614.7
2025-12-09 16:00:00+00:00,135.63,6646.33,0.0,-2669.5
2025-12-09 17:00:00+00:00,137.05,6533.95,0.0,-2580.0
2025-12-09 18:00:00+00:00,139.57,6472.5,0.0,-2562.6
2025-12-09 19:00:00+00:00,126.74,6312.85,0.0,-2417.5
2025-12-09 20:00:00+00:00,121.76,6149.43,0.0,-2213.6
2025-12-09 21:00:00+00:00,108.56,5846.08,0.0,-1939.2
2025-12-09 22:00:00+00:00,89.18,5578.18,0.0,-1897.5
2025-12-09 23:00:00+00:00,85.83,5130.03,0.0,-1911.3
2025-12-10 00:00:00+00:00,84.87,4861.5,0.0,-1683.7
2025-12-10 01:00:00+00:00,83.2,4757.03,0.0,-1608.4
2025-12-10 02:00:00+00:00,84.52,4733.98,0.0,-1595.0
2025-12-10 03:00:00+00:00,86.31,4878.33,0.0,-1587.5
2025-12-10 04:00:00+00:00,92.55,5299.68,0.0,-1751.9
2025-12-10 05:00:00+00:00,123.45,6037.58,0.0,-2566.1
2025-12-10 06:00:00+00:00,165.53,6430.55,41.73,-2672.3
2025-12-10 07:00:00+00:00,160.0,6468.05,232.75,-2305.0
2025-12-10 08:00:00+00:00,133.81,6500.93,534.55,-1754.5
2025-12-10 09:00:00+00:00,117.71,6503.5,1029.25,-1496.1
2025-12-10 10:00:00+00:00,102.32,6445.0,1732.85,-1477.3
2025-12-10 11:00:00+00:00,99.49,6424.75,1734.08,-1531.0
2025-12-10 12:00:00+00:00,105.98,6431.4,950.6,-1791.3
2025-12-10 13:00:00+00:00,129.25,6513.15,397.13,-2278.7
2025-12-10 14:00:00+00:00,134.51,6664.68,80.68,-2877.7
2025-12-10 15:00:00+00:00,148.0,6729.38,0.0,-3063.8
2025-12-10 16:00:00+00:00,151.96,6650.25,0.0,-2982.1
2025-12-10 17:00:00+00:00,152.71,6592.23,0.0,-2953.4
2025-12-10 18:00:00+00:00,156.78,6581.03,0.0,-2936.0
2025-12-10 19:00:00+00:00,162.88,6422.53,0.0,-2711.2
2025-12-10 20:00:00+00:00,142.38,6238.93,0.0,-2640.7
2025-12-10 21:00:00+00:00,130.85,5902.65,0.0,-2398.7
2025-12-10 22:00:00+00:00,111.17,5666.1,0.0,-2228.9
2025-12-10 23:00:00+00:00,94.92,5199.05,0.0,-1991.3
2025-12-11 00:00:00+00:00,90.84,4929.83,0.0,-1852.4
2025-12-11 01:00:00+00:00,88.62,4812.63,0.0,-1733.7
2025-12-11 02:00:00+00:00,88.49,4785.58,0.0,-1684.1
2025-12-11 03:00:00+00:00,90.41,4925.93,0.0,-1750.9
2025-12-11 04:00:00+00:00,96.16,5410.75,0.0,-1861.5
2025-12-11 05:00:00+00:00,125.42,6092.78,0.0,-2699.6
2025-12-11 06:00:00+00:00,135.29,6439.7,19.73,-2966.0
2025-12-11 07:00:00+00:00,145.4,6497.9,148.83,-3049.2
2025-12-11 08:00:00+00:00,128.4,6488.15,300.8,-2794.8
2025-12-11 09:00:00+00:00,121.93,6470.38,882.8,-2525.2
2025-12-11 10:00:00+00:00,113.23,6533.65,2178.38,-2336.1
2025-12-11 11:00:00+00:00,108.26,6313.35,1405.68,-2248.6
2025-12-11 12:00:00+00:00,114.69,6164.13,663.8,-2317.4
2025-12-11 13:00:00+00:00,133.18,6288.48,347.15,-2768.6
2025-12-11 14:00:00+00:00,175.89,6562.05,76.33,-3183.0
2025-12-11 15:00:00+00:00,142.96,6717.65,0.0,-3272.8
2025-12-11 16:00:00+00:00,134.33,6711.73,0.0,-3165.4
2025-12-11 17:00:00+00:00,130.54,6621.63,0.0,-3086.8
2025-12-11 18:00:00+00:00,131.31,6568.9,0.0,-3043.5
2025-12-11 19:00:00+00:00,128.89,6384.3,0.0,-2897.0
2025-12-11 20:00:00+00:00,120.31,6203.95,0.0,-2720.6
2025-12-11 21:00:00+00:00,109.32,5930.55,0.0,-2482.2
2025-12-11 22:00:00+00:00,95.83,5686.7,0.0,-2254.6
2025-12-11 23:00:00+00:00,96.5,5228.28,0.0,-1965.5
2025-12-12 00:00:00+00:00,95.66,4927.38,0.0,-1729.4
2025-12-12 01:00:00+00:00,96.22,4827.38,0.0,-1722.6
2025-12-12 02:00:00+00:00,94.98,4794.18,0.0,-1657.9
2025-12-12 03:00:00+00:00,94.46,4941.0,0.0,-1665.2
2025-12-12 04:00:00+00:00,101.81,5398.7,0.0,-1919.8
2025-12-12 05:00:00+00:00,128.49,6071.38,0.0,-2645.1
2025-12-12 06:00:00+00:00,129.67,6426.55,25.23,-2892.6
2025-12-12 07:00:00+00:00,135.26,6492.5,186.43,-2927.1
2025-12-12 08:00:00+00:00,127.89,6522.18,385.48,-2825.8
2025-12-12 09:00:00+00:00,123.46,6551.2,894.55,-2722.0
2025-12-12 10:00:00+00:00,120.18,6639.1,2190.05,-2554.9
2025-12-12 11:00:00+00:00,114.54,6485.1,1206.38,-2474.7
2025-12-12 12:00:00+00:00,120.55,6347.28,656.23,-2228.2
2025-12-12 13:00:00+00:00,129.66,6420.88,364.88,-2605.9
2025-12-12 14:00:00+00:00,135.02,6577.05,72.65,-3043.9
2025-12-12 15:00:00+00:00,159.09,6716.88,0.0,-3172.8
2025-12-12 16:00:00+00:00,146.38,6667.43,0.0,-3080.7
2025-12-12 17:00:00+00:00,134.61,6576.63,0.0,-3036.3
2025-12-12 18:00:00+00:00,131.13,6532.13,0.0,-3017.1
2025-12-12 19:00:00+00:00,123.53,6329.43,0.0,-2827.4
2025-12-12 20:00:00+00:00,114.81,6182.23,0.0,-2685.9
2025-12-12 21:00:00+00:00,108.17,5920.8,0.0,-2473.7
2025-12-12 22:00:00+00:00,99.79,5638.15,0.0,-2279.7
2025-12-12 23:00:00+00:00,102.08,5153.65,0.0,-2062.7
2025-12-13 00:00:00+00:00,98.16,4889.98,0.0,-1847.5
2025-12-13 01:00:00+00:00,94.61,4751.65,0.0,-1718.3
2025-12-13 02:00:00+00:00,90.13,4691.55,0.0,-1638.8
2025-12-13 03:00:00+00:00,90.83,4741.95,0.0,-1689.3
2025-12-13 04:00:00+00:00,95.96,4875.55,0.0,-1715.7
2025-12-13 05:00:00+00:00,103.48,5122.53,0.0,-1940.1
2025-12-13 06:00:00+00:00,111.42,5417.38,16.85,-2243.4
2025-12-13 07:00:00+00:00,112.32,5610.4,135.95,-2457.9
2025-12-13 08:00:00+00:00,109.39,5767.03,289.95,-2598.8
2025-12-13 09:00:00+00:00,104.93,5821.05,842.58,-2677.9
2025-12-13 10:00:00+00:00,101.35,5773.33,2187.33,-2748.4
2025-12-13 11:00:00+00:00,99.42,5657.9,1040.15,-2679.4
2025-12-13 12:00:00+00:00,100.98,5608.48,290.68,-2646.7
2025-12-13 13:00:00+00:00,105.41,5747.73,157.73,-2718.8
2025-12-13 14:00:00+00:00,118.13,5947.7,28.43,-2769.4
2025-12-13 15:00:00+00:00,121.69,6119.35,0.0,-2785.8
2025-12-13 16:00:00+00:00,122.22,5981.1,0.0,-2702.0
2025-12-13 17:00:00+00:00,120.14,5888.63,0.0,-2605.3
2025-12-13 18:00:00+00:00,122.56,5980.85,0.0,-2568.6
2025-12-13 19:00:00+00:00,115.57,5809.08,0.0,-2390.3
2025-12-13 20:00:00+00:00,106.98,5682.45,0.0,-2326.9
2025-12-13 21:00:00+00:00,101.81,5409.88,0.0,-2115.9
2025-12-13 22:00:00+00:00,94.16,5128.93,0.0,-1937.8
2025-12-13 23:00:00+00:00,91.79,4732.78,0.0,-1620.1
2025-12-14 00:00:00+00:00,91.52,4522.35,0.0,-1367.5
2025-12-14 01:00:00+00:00,85.81,4419.98,0.0,-1306.2
2025-12-14 02:00:00+00:00,81.84,4369.18,0.0,-1234.0
2025-12-14 03:00:00+00:00,85.75,4402.53,0.0,-1301.0
2025-12-14 04:00:00+00:00,86.49,4533.43,0.0,-1371.5
2025-12-14 05:00:00+00:00,87.5,4769.7,0.0,-1596.9
2025-12-14 06:00:00+00:00,90.82,5021.08,17.13,-1994.2
2025-12-14 07:00:00+00:00,93.39,5340.1,158.75,-2535.9
2025-12-14 08:00:00+00:00,104.61,5656.95,376.95,-2885.1
2025-12-14 09:00:00+00:00,103.47,5835.63,883.08,-3069.5
2025-12-14 10:00:00+00:00,101.6,5798.33,2196.58,-3080.0
2025-12-14 11:00:00+00:00,95.5,5621.7,997.2,-2956.7
2025-12-14 12:00:00+00:00,98.73,5480.0,364.15,-2822.2
2025-12-14 13:00:00+00:00,95.06,5545.9,189.6,-2858.3
2025-12-14 14:00:00+00:00,105.28,5709.8,38.35,-2794.7
2025-12-14 15:00:00+00:00,117.3,5991.48,0.0,-2787.9
2025-12-14 16:00:00+00:00,118.81,5954.6,0.0,-2662.3
2025-12-14 17:00:00+00:00,119.11,5938.05,0.0,-2605.5
2025-12-14 18:00:00+00:00,123.36,6017.93,0.0,-2554.6
2025-12-14 19:00:00+00:00,115.06,5862.05,0.0,-2306.5
2025-12-14 20:00:00+00:00,103.88,5691.08,0.0,-2181.5
2025-12-14 21:00:00+00:00,98.04,5419.43,0.0,-2015.6
2025-12-14 22:00:00+00:00,91.95,5151.83,0.0,-1847.8
2025-12-14 23:00:00+00:00,87.63,4740.1,0.0,-1502.6
2025-12-15 00:00:00+00:00,85.33,4541.5,0.0,-1390.8
2025-12-15 01:00:00+00:00,85.4,4494.93,0.0,-1435.3
2025-12-15 02:00:00+00:00,84.95,4469.2,0.0,-1369.7
2025-12-15 03:00:00+00:00,87.49,4656.6,0.0,-1399.5
2025-12-15 04:00:00+00:00,91.95,5177.95,0.0,-1689.1
2025-12-15 05:00:00+00:00,122.29,5954.93,0.0,-2467.4
2025-12-15 06:00:00+00:00,129.97,6378.3,18.7,-2878.0
2025-12-15 07:00:00+00:00,134.19,6541.83,179.6,-3053.8
2025-12-15 08:00:00+00:00,129.77,6633.73,393.73,-3030.7
2025-12-15 09:00:00+00:00,118.63,6701.65,944.93,-2977.9
2025-12-15 10:00:00+00:00,111.18,6741.83,2186.03,-2904.9
2025-12-15 11:00:00+00:00,104.16,6626.35,1219.73,-2786.4
2025-12-15 12:00:00+00:00,117.74,6548.75,469.8,-2710.5
2025-12-15 13:00:00+00:00,130.79,6616.18,274.95,-2964.5
2025-12-15 14:00:00+00:00,145.63,6733.13,60.85,-3263.5
2025-12-15 15:00:00+00:00,162.38,6808.93,0.0,-3276.0
2025-12-15 16:00:00+00:00,133.07,6741.0,0.0,-3206.8
2025-12-15 17:00:00+00:00,148.24,6654.6,0.0,-3120.5
2025-12-15 18:00:00+00:00,150.44,6609.15,0.0,-3045.1
2025-12-15 19:00:00+00:00,124.85,6405.13,0.0,-2829.1
2025-12-15 20:00:00+00:00,125.03,6247.13,0.0,-2657.2
2025-12-15 21:00:00+00:00,133.3,5953.38,0.0,-2394.6
2025-12-15 22:00:00+00:00,108.44,5671.03,0.0,-2105.0
2025-12-15 23:00:00+00:00,104.07,5268.5,0.0,-1847.5
2025-12-16 00:00:00+00:00,97.53,4965.55,0.0,-1654.9
2025-12-16 01:00:00+00:00,96.76,4864.18,0.0,-1647.3
2025-12-16 02:00:00+00:00,97.91,4818.63,0.0,-1573.4
2025-12-16 03:00:00+00:00,100.15,4980.68,0.0,-1634.9
2025-12-16 04:00:00+00:00,131.4,5395.63,0.0,-1917.5
2025-12-16 05:00:00+00:00,184.41,6158.25,0.0,-2568.2
2025-12-16 06:00:00+00:00,202.58,6573.83,84.18,-2868.7
2025-12-16 07:00:00+00:00,139.16,6693.23,558.73,-2805.7
2025-12-16 08:00:00+00:00,127.83,6756.23,1097.23,-2470.3
2025-12-16 09:00:00+00:00,123.86,6844.65,1271.15,-2201.0
2025-12-16 10:00:00+00:00,116.92,7021.08,1486.0,-2175.3
2025-12-16 11:00:00+00:00,117.31,6718.88,1507.13,-2238.9
2025-12-16 12:00:00+00:00,129.28,6569.53,1028.4,-2112.2
2025-12-16 13:00:00+00:00,140.61,6636.08,477.18,-2785.7
2025-12-16 14:00:00+00:00,174.16,6763.03,90.83,-3186.0
2025-12-16 15:00:00+00:00,228.86,6873.6,0.0,-3160.3
2025-12-16 16:00:00+00:00,207.67,6869.73,0.0,-3056.1
2025-12-16 17:00:00+00:00,199.31,6741.6,0.0,-3026.0
2025-12-16 18:00:00+00:00,172.0,6669.6,0.0,-2993.4
2025-12-16 19:00:00+00:00,140.4,6464.08,0.0,-2782.5
2025-12-16 20:00:00+00:00,119.95,6294.35,0.0,-2628.3
2025-12-16 21:00:00+00:00,117.17,6010.85,0.0,-2374.4
2025-12-16 22:00:00+00:00,105.17,5776.25,0.0,-2158.5
2025-12-16 23:00:00+00:00,105.53,5353.15,0.0,-2206.4
2025-12-17 00:00:00+00:00,96.61,5034.35,0.0,-1932.1
2025-12-17 01:00:00+00:00,94.77,4909.3,0.0,-1900.5
2025-12-17 02:00:00+00:00,95.11,4877.18,0.0,-1826.2
2025-12-17 03:00:00+00:00,97.97,5024.95,0.0,-1849.9
2025-12-17 04:00:00+00:00,102.47,5443.98,0.0,-2247.4
2025-12-17 05:00:00+00:00,132.13,6202.45,0.0,-3084.8
2025-12-17 06:00:00+00:00,145.75,6624.28,32.85,-3381.0
2025-12-17 07:00:00+00:00,142.93,6792.4,290.18,-2933.8
2025-12-17 08:00:00+00:00,134.14,6947.78,635.1,-2817.1
2025-12-17 09:00:00+00:00,128.53,7027.15,898.18,-2833.0
2025-12-17 10:00:00+00:00,125.37,6915.4,1356.25,-2737.5
2025-12-17 11:00:00+00:00,126.17,6903.63,855.5,-2849.8
2025-12-17 12:00:00+00:00,130.29,6829.25,542.7,-2980.0
2025-12-17 13:00:00+00:00,134.44,6851.75,281.25,-3197.0
2025-12-17 14:00:00+00:00,139.65,6917.28,60.83,-3456.8
2025-12-17 15:00:00+00:00,153.28,6931.25,0.0,-3749.3
2025-12-17 16:00:00+00:00,154.41,6849.05,0.0,-3596.6
2025-12-17 17:00:00+00:00,187.81,6792.83,0.0,-3641.7
2025-12-17 18:00:00+00:00,178.98,6771.6,0.0,-3476.5
2025-12-17 19:00:00+00:00,143.05,6570.18,0.0,-3100.3
2025-12-17 20:00:00+00:00,121.06,6404.6,0.0,-2966.3
2025-12-17 21:00:00+00:00,121.29,6097.63,0.0,-2780.2
2025-12-17 22:00:00+00:00,112.1,5791.78,0.0,-2532.9
2025-12-17 23:00:00+00:00,111.67,5405.1,0.0,-1730.0
2025-12-18 00:00:00+00:00,108.82,5109.25,0.0,-1475.7
2025-12-18 01:00:00+00:00,97.65,4987.7,0.0,-1404.8
2025-12-18 02:00:00+00:00,95.14,4945.45,0.0,-1325.4
2025-12-18 03:00:00+00:00,104.62,5077.43,0.0,-1414.4
2025-12-18 04:00:00+00:00,114.37,5439.3,0.0,-1780.9
2025-12-18 05:00:00+00:00,141.47,6215.65,0.0,-2345.5
2025-12-18 06:00:00+00:00,161.05,6640.65,46.9,-2569.1
2025-12-18 07:00:00+00:00,144.94,6782.65,467.55,-2327.6
2025-12-18 08:00:00+00:00,135.21,6860.28,1075.8,-1816.3
2025-12-18 09:00:00+00:00,124.66,6846.45,1660.48,-1448.5
2025-12-18 10:00:00+00:00,115.25,6590.95,1546.28,-1268.3
2025-12-18 11:00:00+00:00,111.68,6696.45,1731.4,-1352.1
2025-12-18 12:00:00+00:00,118.61,6659.28,1222.58,-1441.3
2025-12-18 13:00:00+00:00,128.08,6706.3,659.03,-1980.4
2025-12-18 14:00:00+00:00,215.62,6859.9,121.63,-2542.5
2025-12-18 15:00:00+00:00,216.2,6903.43,0.0,-2951.5
2025-12-18 16:00:00+00:00,215.73,6685.8,0.0,-2744.7
2025-12-18 17:00:00+00:00,216.63,6664.95,0.0,-2797.7
2025-12-18 18:00:00+00:00,214.64,6743.55,0.0,-2729.0
2025-12-18 19:00:00+00:00,205.76,6557.2,0.0,-2462.8
2025-12-18 20:00:00+00:00,169.69,6383.93,0.0,-2417.1
2025-12-18 21:00:00+00:00,139.25,6064.95,0.0,-2227.2
2025-12-18 22:00:00+00:00,119.54,5636.9,0.0,-1971.8
2025-12-18 23:00:00+00:00,115.27,5354.1,0.0,-2067.0
2025-12-19 00:00:00+00:00,111.08,5068.08,0.0,-1794.9
2025-12-19 01:00:00+00:00,97.76,4965.4,0.0,-1715.8
2025-12-19 02:00:00+00:00,96.37,4923.4,0.0,-1647.9
2025-12-19 03:00:00+00:00,101.32,4994.43,0.0,-1713.0
2025-12-19 04:00:00+00:00,115.84,5283.55,0.0,-2046.3
2025-12-19 05:00:00+00:00,153.72,6079.03,0.0,-2461.1
2025-12-19 06:00:00+00:00,169.89,6488.18,27.4,-2724.1
2025-12-19 07:00:00+00:00,144.41,6582.28,263.78,-3000.7
2025-12-19 08:00:00+00:00,130.23,6569.38,590.35,-2820.3
2025-12-19 09:00:00+00:00,120.16,6507.7,905.15,-2536.8
2025-12-19 10:00:00+00:00,112.9,6210.13,1201.98,-2394.6
2025-12-19 11:00:00+00:00,112.8,6310.2,1075.55,-2352.1
2025-12-19 12:00:00+00:00,116.86,6288.48,738.0,-2315.0
2025-12-19 13:00:00+00:00,140.09,6378.5,390.2,-2590.1
2025-12-19 14:00:00+00:00,188.08,6528.03,80.9,-2934.5
2025-12-19 15:00:00+00:00,222.39,6622.68,0.0,-2986.0
2025-12-19 16:00:00+00:00,159.24,6410.5,0.0,-2866.8
2025-12-19 17:00:00+00:00,157.74,6389.1,0.0,-2829.6
2025-12-19 18:00:00+00:00,165.3,6409.43,0.0,-2832.2
2025-12-19 19:00:00+00:00,145.03,6213.98,0.0,-2747.5
2025-12-19 20:00:00+00:00,119.01,6083.65,0.0,-2695.1
2025-12-19 21:00:00+00:00,117.99,5831.95,0.0,-2470.0
2025-12-19 22:00:00+00:00,113.54,5443.9,0.0,-2225.1
2025-12-19 23:00:00+00:00,99.26,5114.3,0.0,-1680.5
2025-12-20 00:00:00+00:00,95.14,4821.15,0.0,-1441.9
2025-12-20 01:00:00+00:00,90.27,4703.3,0.0,-1419.5
2025-12-20 02:00:00+00:00,88.69,4628.68,0.0,-1352.6
2025-12-20 03:00:00+00:00,90.01,4704.78,0.0,-1400.6
2025-12-20 04:00:00+00:00,91.48,4879.35,0.0,-1453.9
2025-12-20 05:00:00+00:00,98.63,5259.98,0.0,-1727.0
2025-12-20 06:00:00+00:00,106.53,5562.8,27.5,-1945.4
2025-12-20 07:00:00+00:00,115.31,5799.05,260.55,-2159.3
2025-12-20 08:00:00+00:00,117.0,5986.83,569.93,-2410.9
2025-12-20 09:00:00+00:00,115.1,6103.95,919.75,-2539.5
2025-12-20 10:00:00+00:00,113.96,6171.33,1533.63,-2547.7
2025-12-20 11:00:00+00:00,113.35,6067.7,1029.0,-2587.2
2025-12-20 12:00:00+00:00,119.15,5904.2,730.95,-2525.5
2025-12-20 13:00:00+00:00,124.1,5952.78,380.98,-2613.1
2025-12-20 14:00:00+00:00,127.58,6052.38,72.98,-2762.5
2025-12-20 15:00:00+00:00,132.82,6156.28,0.0,-2769.4
2025-12-20 16:00:00+00:00,127.27,6042.85,0.0,-2709.8
2025-12-20 17:00:00+00:00,126.35,5932.43,0.0,-2598.5
2025-12-20 18:00:00+00:00,122.33,5912.18,0.0,-2558.1
2025-12-20 19:00:00+00:00,116.71,5761.98,0.0,-2379.1
2025-12-20 20:00:00+00:00,111.94,5655.7,0.0,-2294.9
2025-12-20 21:00:00+00:00,107.67,5449.93,0.0,-2085.2
2025-12-20 22:00:00+00:00,94.45,5221.75,0.0,-2027.2
2025-12-20 23:00:00+00:00,98.97,4846.5,0.0,-1442.6
2025-12-21 00:00:00+00:00,92.24,4563.4,0.0,-1226.0
2025-12-21 01:00:00+00:00,90.79,4475.35,0.0,-1216.5
2025-12-21 02:00:00+00:00,90.82,4386.03,0.0,-1142.2
2025-12-21 03:00:00+00:00,89.34,4399.98,0.0,-1117.0
2025-12-21 04:00:00+00:00,90.65,4495.53,0.0,-1076.4
2025-12-21 05:00:00+00:00,93.77,4728.2,0.0,-1286.6
2025-12-21 06:00:00+00:00,100.55,4996.58,11.3,-1595.4
2025-12-21 07:00:00+00:00,104.84,5356.9,118.68,-2027.5
2025-12-21 08:00:00+00:00,110.45,5726.75,272.68,-2544.1
2025-12-21 09:00:00+00:00,110.02,5976.93,839.53,-2926.1
2025-12-21 10:00:00+00:00,109.33,6055.65,1833.63,-2960.2
2025-12-21 11:00:00+00:00,108.15,5934.68,780.23,-2922.6
2025-12-21 12:00:00+00:00,110.01,5752.98,335.0,-2815.5
2025-12-21 13:00:00+00:00,113.7,5758.08,181.83,-2696.2
2025-12-21 14:00:00+00:00,114.12,5831.48,40.33,-2581.7
2025-12-21 15:00:00+00:00,118.11,6016.78,0.0,-2580.6
2025-12-21 16:00:00+00:00,121.47,5981.08,0.0,-2570.9
2025-12-21 17:00:00+00:00,122.57,5981.1,0.0,-2532.4
2025-12-21 18:00:00+00:00,122.49,6043.55,0.0,-2510.5
2025-12-21 19:00:00+00:00,117.93,5876.8,0.0,-2311.2
2025-12-21 20:00:00+00:00,117.76,5685.1,0.0,-2233.7
2025-12-21 21:00:00+00:00,107.04,5405.78,0.0,-1968.1
2025-12-21 22:00:00+00:00,97.25,5111.65,0.0,-1843.2
2025-12-21 23:00:00+00:00,92.03,3997.85,0.0,-546.0
2025-12-22 00:00:00+00:00,88.88,3771.43,0.0,-417.0
2025-12-22 01:00:00+00:00,87.27,3664.15,0.0,-341.4
2025-12-22 02:00:00+00:00,82.38,3598.2,0.0,-287.0
2025-12-22 03:00:00+00:00,84.61,3722.6,0.0,-329.5
2025-12-22 04:00:00+00:00,92.99,4101.8,0.0,-451.9
2025-12-22 05:00:00+00:00,102.67,4566.7,0.0,-1036.3
2025-12-22 06:00:00+00:00,123.87,4888.25,15.98,-1358.8
2025-12-22 07:00:00+00:00,127.01,5105.88,131.03,-1270.6
2025-12-22 08:00:00+00:00,127.05,5183.03,293.75,-1180.2
2025-12-22 09:00:00+00:00,121.01,5211.58,877.35,-1013.8
2025-12-22 10:00:00+00:00,118.67,5278.25,2063.3,-1056.9
2025-12-22 11:00:00+00:00,115.77,5211.88,900.35,-1218.7
2025-12-22 12:00:00+00:00,126.63,5163.4,393.45,-1199.9
2025-12-22 13:00:00+00:00,128.7,5298.23,227.78,-1480.2
2025-12-22 14:00:00+00:00,126.38,5449.23,53.7,-2138.6
2025-12-22 15:00:00+00:00,141.8,5635.9,0.25,-2127.0
2025-12-22 16:00:00+00:00,145.06,5596.78,0.0,-2013.7
2025-12-22 17:00:00+00:00,141.21,5501.53,0.0,-1911.8
2025-12-22 18:00:00+00:00,140.16,5359.75,0.0,-1922.5
2025-12-22 19:00:00+00:00,122.08,5200.9,0.0,-1582.3
2025-12-22 20:00:00+00:00,119.6,5181.68,0.0,-1428.3
2025-12-22 21:00:00+00:00,103.85,4981.9,0.0,-1209.5
2025-12-22 22:00:00+00:00,92.16,4666.28,0.0,-1030.0
2025-12-22 23:00:00+00:00,82.95,4338.2,0.0,-789.9
2025-12-23 00:00:00+00:00,75.42,4033.18,0.0,-592.9
2025-12-23 01:00:00+00:00,77.37,3891.48,0.0,-460.6
2025-12-23 02:00:00+00:00,75.45,3793.65,0.0,-353.5
2025-12-23 03:00:00+00:00,73.77,3962.55,0.0,-375.7
2025-12-23 04:00:00+00:00,81.33,4453.53,0.0,-448.4
2025-12-23 05:00:00+00:00,100.14,4520.53,0.0,-912.9
2025-12-23 06:00:00+00:00,114.51,4744.4,16.73,-993.7
2025-12-23 07:00:00+00:00,123.22,4963.38,184.4,-1046.0
2025-12-23 08:00:00+00:00,121.03,5062.48,383.4,-845.9
2025-12-23 09:00:00+00:00,121.5,5262.33,746.8,-721.6
2025-12-23 10:00:00+00:00,119.95,5761.7,1694.63,-744.5
2025-12-23 11:00:00+00:00,117.62,5300.18,877.43,-870.3
2025-12-23 12:00:00+00:00,116.55,5109.43,458.05,-944.0
2025-12-23 13:00:00+00:00,121.31,5281.33,254.65,-1309.1
2025-12-23 14:00:00+00:00,126.41,5471.08,47.38,-2050.1
2025-12-23 15:00:00+00:00,145.57,5716.33,0.0,-1999.2
2025-12-23 16:00:00+00:00,147.22,5846.45,0.0,-1778.9
2025-12-23 17:00:00+00:00,133.15,5627.83,0.0,-1627.8
2025-12-23 18:00:00+00:00,140.01,5241.58,0.0,-1582.8
2025-12-23 19:00:00+00:00,130.06,5048.9,0.0,-1418.4
2025-12-23 20:00:00+00:00,112.28,5054.58,0.0,-1222.3
2025-12-23 21:00:00+00:00,99.97,4923.68,0.0,-999.0
2025-12-23 22:00:00+00:00,91.19,4842.8,0.0,-773.6
2025-12-23 23:00:00+00:00,90.59,4810.78,0.0,-1626.3
2025-12-24 00:00:00+00:00,77.89,4435.83,0.0,-1277.3
2025-12-24 01:00:00+00:00,78.84,4282.48,0.0,-1161.8
2025-12-24 02:00:00+00:00,73.69,4184.35,0.0,-1224.2
2025-12-24 03:00:00+00:00,68.74,4240.6,0.0,-1243.3
2025-12-24 04:00:00+00:00,76.22,4313.7,0.0,-1140.6
2025-12-24 05:00:00+00:00,77.75,4437.58,0.0,-1138.5
2025-12-24 06:00:00+00:00,90.81,4724.03,22.8,-1382.3
2025-12-24 07:00:00+00:00,93.93,5106.73,230.55,-1627.8
2025-12-24 08:00:00+00:00,101.21,5403.88,468.33,-1801.6
2025-12-24 09:00:00+00:00,104.01,5671.33,657.3,-1890.9
2025-12-24 10:00:00+00:00,112.51,5862.2,825.83,-1749.4
2025-12-24 11:00:00+00:00,100.11,5605.53,567.38,-1694.8
2025-12-24 12:00:00+00:00,103.38,5412.9,409.13,-1652.3
2025-12-24 13:00:00+00:00,102.0,5465.25,234.48,-1920.2
2025-12-24 14:00:00+00:00,106.29,5512.95,51.8,-2180.4
2025-12-24 15:00:00+00:00,116.17,5540.35,0.1,-2300.9
2025-12-24 16:00:00+00:00,110.44,5349.33,0.0,-2217.9
2025-12-24 17:00:00+00:00,90.91,5173.63,0.0,-1964.1
2025-12-24 18:00:00+00:00,83.05,4998.73,0.0,-1929.5
2025-12-24 19:00:00+00:00,83.87,4954.55,0.0,-1675.0
2025-12-24 20:00:00+00:00,86.3,5039.58,0.0,-1653.9
2025-12-24 21:00:00+00:00,82.0,4939.9,0.0,-1604.4
2025-12-24 22:00:00+00:00,67.28,4779.4,0.0,-1518.0
2025-12-24 23:00:00+00:00,74.57,4501.33,0.0,-1274.8
2025-12-25 00:00:00+00:00,66.07,4209.33,0.0,-1052.9
2025-12-25 01:00:00+00:00,65.67,4070.38,0.0,-936.4
2025-12-25 02:00:00+00:00,70.09,3969.23,0.0,-951.1
2025-12-25 03:00:00+00:00,65.25,3938.1,0.0,-939.6
2025-12-25 04:00:00+00:00,72.93,3915.63,0.0,-861.2
2025-12-25 05:00:00+00:00,66.9,4104.8,0.0,-827.1
2025-12-25 06:00:00+00:00,75.96,4399.6,21.5,-1035.6
2025-12-25 07:00:00+00:00,81.26,4775.85,243.63,-1301.7
2025-12-25 08:00:00+00:00,81.31,5146.18,555.88,-1646.1
2025-12-25 09:00:00+00:00,79.83,5337.3,738.55,-1777.0
2025-12-25 10:00:00+00:00,78.01,5247.63,1032.55,-1396.6
2025-12-25 11:00:00+00:00,80.26,5178.3,785.15,-1260.2
2025-12-25 12:00:00+00:00,85.24,5010.68,757.25,-1226.2
2025-12-25 13:00:00+00:00,86.92,5013.55,487.68,-1333.3
2025-12-25 14:00:00+00:00,100.74,5027.6,115.2,-1693.9
2025-12-25 15:00:00+00:00,105.04,5053.83,0.1,-2077.6
2025-12-25 16:00:00+00:00,105.64,4984.8,0.0,-1958.6
2025-12-25 17:00:00+00:00,107.44,5080.05,0.0,-1914.2
2025-12-25 18:00:00+00:00,109.26,5110.13,0.0,-1947.3
2025-12-25 19:00:00+00:00,111.35,5118.25,0.0,-1804.8
2025-12-25 20:00:00+00:00,108.66,5101.3,0.0,-1673.2
2025-12-25 21:00:00+00:00,105.27,4879.4,0.0,-1547.8
2025-12-25 22:00:00+00:00,96.5,4550.6,0.0,-1460.0
2025-12-25 23:00:00+00:00,97.1,4279.15,0.0,-1029.2
2025-12-26 00:00:00+00:00,91.05,4011.35,0.0,-813.6
2025-12-26 01:00:00+00:00,85.86,3920.08,0.0,-744.4
2025-12-26 02:00:00+00:00,83.23,3842.43,0.0,-754.7
2025-12-26 03:00:00+00:00,83.01,3843.53,0.0,-752.2
2025-12-26 04:00:00+00:00,83.69,3943.43,0.0,-707.7
2025-12-26 05:00:00+00:00,85.17,4087.2,0.0,-780.0
2025-12-26 06:00:00+00:00,95.07,4281.18,42.98,-912.5
2025-12-26 07:00:00+00:00,99.28,4618.4,400.13,-755.8
2025-12-26 08:00:00+00:00,96.96,4940.8,985.43,-760.2
2025-12-26 09:00:00+00:00,89.25,5121.88,1511.2,-497.5
2025-12-26 10:00:00+00:00,84.99,5108.83,1777.53,207.7
2025-12-26 11:00:00+00:00,82.31,4940.85,1984.35,414.4
2025-12-26 12:00:00+00:00,83.27,4772.0,1572.15,301.4
2025-12-26 13:00:00+00:00,93.66,4837.35,840.3,-390.9
2025-12-26 14:00:00+00:00,111.62,4907.8,164.5,-1309.5
2025-12-26 15:00:00+00:00,118.78,5057.93,0.1,-1909.4
2025-12-26 16:00:00+00:00,122.17,5062.6,0.0,-1801.8
2025-12-26 17:00:00+00:00,118.1,5067.15,0.0,-1735.9
2025-12-26 18:00:00+00:00,117.35,5075.93,0.0,-1736.9
2025-12-26 19:00:00+00:00,115.01,5015.28,0.0,-1578.0
2025-12-26 20:00:00+00:00,112.8,4985.25,0.0,-1484.3
2025-12-26 21:00:00+00:00,109.16,4842.53,0.0,-1333.0
2025-12-26 22:00:00+00:00,99.86,4644.9,0.0,-1182.7
2025-12-26 23:00:00+00:00,96.96,4182.68,0.0,-154.6
2025-12-27 00:00:00+00:00,91.95,3924.5,0.0,-65.0
2025-12-27 01:00:00+00:00,84.96,3836.88,0.0,25.1
2025-12-27 02:00:00+00:00,83.45,3727.43,0.0,105.5
2025-12-27 03:00:00+00:00,84.91,3809.6,0.0,13.6
2025-12-27 04:00:00+00:00,84.04,3959.8,0.0,-85.8
2025-12-27 05:00:00+00:00,89.23,4135.25,0.0,-215.0
2025-12-27 06:00:00+00:00,101.24,4390.85,48.7,-352.0
2025-12-27 07:00:00+00:00,103.32,4685.2,597.2,-31.4
2025-12-27 08:00:00+00:00,94.17,4951.05,1336.4,317.9
2025-12-27 09:00:00+00:00,80.19,5110.88,1949.0,593.0
2025-12-27 10:00:00+00:00,75.67,5207.9,2387.0,781.9
2025-12-27 11:00:00+00:00,74.7,5184.98,2471.45,743.0
2025-12-27 12:00:00+00:00,80.38,5160.6,1598.48,450.5
2025-12-27 13:00:00+00:00,92.9,5292.13,881.28,-351.0
2025-12-27 14:00:00+00:00,110.49,5415.03,191.68,-1216.5
2025-12-27 15:00:00+00:00,119.48,5522.85,0.3,-1759.3
2025-12-27 16:00:00+00:00,121.61,5478.53,0.0,-1635.2
2025-12-27 17:00:00+00:00,122.33,5491.18,0.0,-1603.3
2025-12-27 18:00:00+00:00,124.45,5452.5,0.0,-1568.3
2025-12-27 19:00:00+00:00,125.19,5295.68,0.0,-1525.4
2025-12-27 20:00:00+00:00,108.77,5192.43,0.0,-1421.8
2025-12-27 21:00:00+00:00,101.42,4918.1,0.0,-1182.9
2025-12-27 22:00:00+00:00,94.49,4668.38,0.0,-787.3
2025-12-27 23:00:00+00:00,93.23,4242.65,0.0,-633.6
2025-12-28 00:00:00+00:00,87.56,3981.25,0.0,-366.0
2025-12-28 01:00:00+00:00,85.27,3890.4,0.0,-216.3
2025-12-28 02:00:00+00:00,83.51,3829.9,0.0,-153.2
2025-12-28 03:00:00+00:00,83.89,3879.05,0.0,-170.6
2025-12-28 04:00:00+00:00,86.88,3999.3,0.0,-244.3
2025-12-28 05:00:00+00:00,88.99,4250.48,0.0,-696.7
2025-12-28 06:00:00+00:00,96.51,4574.63,61.1,-1030.0
2025-12-28 07:00:00+00:00,98.51,4922.73,707.38,-714.4
2025-12-28 08:00:00+00:00,90.94,5239.3,1604.53,-128.1
2025-12-28 09:00:00+00:00,88.82,5451.4,2218.73,178.5
2025-12-28 10:00:00+00:00,77.59,5550.5,2418.45,203.0
2025-12-28 11:00:00+00:00,80.06,5468.7,2365.53,-96.5
2025-12-28 12:00:00+00:00,80.3,5368.4,1878.15,-336.5
2025-12-28 13:00:00+00:00,87.23,5414.0,1067.85,-1060.1
2025-12-28 14:00:00+00:00,102.02,5480.5,247.83,-1662.5
2025-12-28 15:00:00+00:00,112.27,5580.43,0.05,-2131.1
2025-12-28 16:00:00+00:00,114.68,5511.05,0.0,-1936.4
2025-12-28 17:00:00+00:00,115.33,5495.13,0.0,-1862.3
2025-12-28 18:00:00+00:00,110.16,5413.3,0.0,-1789.9
2025-12-28 19:00:00+00:00,105.01,5307.98,0.0,-1704.7
2025-12-28 20:00:00+00:00,99.03,5235.28,0.0,-1735.7
2025-12-28 21:00:00+00:00,98.28,4981.03,0.0,-1478.3
2025-12-28 22:00:00+00:00,91.44,4690.15,0.0,-1248.5
2025-12-28 23:00:00+00:00,90.38,3865.3,0.0,-748.0
2025-12-29 00:00:00+00:00,87.4,3663.98,0.0,-614.3
2025-12-29 01:00:00+00:00,84.89,3587.78,0.0,-563.7
2025-12-29 02:00:00+00:00,82.19,3531.4,0.0,-559.8
2025-12-29 03:00:00+00:00,84.13,3623.05,0.0,-601.2
2025-12-29 04:00:00+00:00,90.79,3965.9,0.0,-760.4
2025-12-29 05:00:00+00:00,96.33,4481.18,0.0,-1069.0
2025-12-29 06:00:00+00:00,108.27,4807.65,65.08,-1181.5
2025-12-29 07:00:00+00:00,113.88,4984.6,740.68,-509.1
2025-12-29 08:00:00+00:00,110.86,5013.13,1671.28,263.0
2025-12-29 09:00:00+00:00,97.98,5005.0,2279.83,792.4
2025-12-29 10:00:00+00:00,90.53,4918.98,2436.13,1079.0
2025-12-29 11:00:00+00:00,88.09,4837.08,2617.13,1041.2
2025-12-29 12:00:00+00:00,88.81,4795.03,2070.8,679.6
2025-12-29 13:00:00+00:00,102.76,5008.83,1155.5,-313.9
2025-12-29 14:00:00+00:00,114.05,5292.83,259.75,-1471.4
2025-12-29 15:00:00+00:00,157.71,5534.08,0.53,-2174.7
2025-12-29 16:00:00+00:00,150.55,5507.58,0.0,-2170.1
2025-12-29 17:00:00+00:00,149.45,5485.15,0.0,-2092.9
2025-12-29 18:00:00+00:00,152.81,5505.83,0.0,-2057.7
2025-12-29 19:00:00+00:00,129.69,5374.45,0.0,-1864.6
2025-12-29 20:00:00+00:00,126.33,5317.68,0.0,-1759.5
2025-12-29 21:00:00+00:00,118.46,5147.43,0.0,-1634.5
2025-12-29 22:00:00+00:00,91.09,4914.03,0.0,-1531.0
2025-12-29 23:00:00+00:00,79.62,4331.98,0.0,-959.4
2025-12-30 00:00:00+00:00,78.1,4048.05,0.0,-781.7
2025-12-30 01:00:00+00:00,79.42,3929.53,0.0,-735.8
2025-12-30 02:00:00+00:00,74.69,3845.35,0.0,-703.1
2025-12-30 03:00:00+00:00,76.4,4028.13,0.0,-731.3
2025-12-30 04:00:00+00:00,78.39,4635.18,0.0,-926.0
2025-12-30 05:00:00+00:00,82.94,4814.08,0.0,-1323.8
2025-12-30 06:00:00+00:00,92.19,4825.43,39.88,-1292.6
2025-12-30 07:00:00+00:00,94.88,4974.93,447.48,-1061.9
2025-12-30 08:00:00+00:00,94.39,4981.55,853.65,-598.7
2025-12-30 09:00:00+00:00,85.82,4922.5,1969.7,350.6
2025-12-30 10:00:00+00:00,79.38,4658.7,1947.68,954.9
2025-12-30 11:00:00+00:00,76.16,4813.9,2467.95,962.5
2025-12-30 12:00:00+00:00,77.03,4834.63,2173.45,655.3
2025-12-30 13:00:00+00:00,90.14,5071.45,1370.38,-368.0
2025-12-30 14:00:00+00:00,104.3,5377.53,353.13,-1569.3
2025-12-30 15:00:00+00:00,110.75,5699.03,0.38,-2236.3
2025-12-30 16:00:00+00:00,111.6,5919.53,0.0,-2214.1
2025-12-30 17:00:00+00:00,109.51,5756.1,0.0,-2182.4
2025-12-30 18:00:00+00:00,105.76,5626.8,0.0,-2144.2
2025-12-30 19:00:00+00:00,101.36,5487.95,0.0,-1939.0
2025-12-30 20:00:00+00:00,93.64,5448.1,0.0,-1844.6
2025-12-30 21:00:00+00:00,92.18,5344.9,0.0,-1709.2
2025-12-30 22:00:00+00:00,85.81,5280.53,0.0,-1519.5
2025-12-30 23:00:00+00:00,88.54,4933.83,0.0,-1682.7
2025-12-31 00:00:00+00:00,84.81,4605.25,0.0,-1461.9
2025-12-31 01:00:00+00:00,80.25,4470.23,0.0,-1355.5
2025-12-31 02:00:00+00:00,76.58,4376.25,0.0,-1322.2
2025-12-31 03:00:00+00:00,74.93,4397.5,0.0,-1351.4
2025-12-31 04:00:00+00:00,77.38,4536.23,0.0,-1326.5
2025-12-31 05:00:00+00:00,81.94,4761.55,0.0,-1456.6
2025-12-31 06:00:00+00:00,87.88,4967.1,75.48,-1527.9
2025-12-31 07:00:00+00:00,96.85,4945.25,801.48,-815.7
2025-12-31 08:00:00+00:00,95.93,4826.13,1658.55,144.2
2025-12-31 09:00:00+00:00,89.48,4786.28,2009.68,579.4
2025-12-31 10:00:00+00:00,83.48,4765.15,1848.58,730.8
2025-12-31 11:00:00+00:00,83.05,4644.18,2238.43,724.0
2025-12-31 12:00:00+00:00,85.17,4626.43,1623.33,158.0
2025-12-31 13:00:00+00:00,100.36,5001.35,1082.4,-939.9
2025-12-31 14:00:00+00:00,120.82,5419.8,297.73,-2126.1
2025-12-31 15:00:00+00:00,142.07,5751.15,0.15,-2349.6
2025-12-31 16:00:00+00:00,150.61,5764.18,0.0,-2275.4
2025-12-31 17:00:00+00:00,150.31,5543.53,0.0,-2258.0
2025-12-31 18:00:00+00:00,124.37,5407.65,0.0,-2105.8
2025-12-31 19:00:00+00:00,115.53,5257.1,0.0,-1944.2
2025-12-31 20:00:00+00:00,113.56,5308.78,0.0,-1999.6
2025-12-31 21:00:00+00:00,108.72,5326.05,0.0,-1974.3
2025-12-31 22:00:00+00:00,90.18,5352.9,0.0,-1925.5
